[     333ms] [LOG] 从 Dexie 缓存获取站点配置: www.cjdropshipping.com @ https://frontend-cf.cjdropshipping.com/mine-react/umi.3b6cabb0.js:0
[     334ms] [LOG] SiteCheck初始化 {modules: Object, datas: Object} @ https://frontend-cf.cjdropshipping.com/mine-react/umi.3b6cabb0.js:0
[     407ms] [LOG] prod @ https://frontend-cf.cjdropshipping.com/mine-react/umi.3b6cabb0.js:0
[     588ms] [LOG] %cpackages/mf-mycj-components/src/common/login-for-platform.ts:364 "registerLoginSuccessListener" is registered color: #007acc; registerLoginSuccessListener1s @ https://frontend-cf.cjdropshipping.com/mine-react/umi.3b6cabb0.js:0
[     805ms] [LOG] add chat js: ENV --> prod @ https://frontend-cf.cjdropshipping.com/mine-react/umi.3b6cabb0.js:0
[     852ms] [LOG] useInternalReceptionVersion true @ https://frontend-cf.cjdropshipping.com/mine-react/umi.3b6cabb0.js:0
[     859ms] [WARNING] ######## sentry enabled prod @ https://frontend-cf.cjdropshipping.com/chat/static/js/main.70745042.chunk.js:0
[     933ms] [WARNING] ######## sentry enabled prod @ https://frontend-cf.cjdropshipping.com/chat/static/js/main.70745042.chunk.js:0
[    1047ms] [LOG] ai 组件加载完成 Module @ https://frontend-cf.cjdropshipping.com/chat/static/js/17.826b6a00.chunk.js:0
[    1790ms] [LOG] init load @ https://frontend-cf.cjdropshipping.com/mine-react/umi.3b6cabb0.js:0
[    2423ms] [LOG] 从 Dexie 缓存获取站点配置: chat.cjdropshipping.com @ https://frontend-cf.cjdropshipping.com/chat/static/js/17.826b6a00.chunk.js:0
[    2423ms] [LOG] sitecheck data:  {customerPage: https://www.cjdropshipping.com, favicon: https://frontend-cf.cjdropshipping.com/config-resource/cj/favicon.ico, fullName: CJdropshipping, platform: 2, platformName: CJ} en @ https://frontend-cf.cjdropshipping.com/chat/static/js/17.826b6a00.chunk.js:0
[    2425ms] [LOG] en [] false @ https://frontend-cf.cjdropshipping.com/chat/static/js/17.826b6a00.chunk.js:0
[    2714ms] [LOG] %c cj接收 => unReadCount  background:#41b883; color:#fff {sender: Object, message: Object} @ https://frontend-cf.cjdropshipping.com/chat/static/js/17.826b6a00.chunk.js:0
[    5846ms] [WARNING] single-spa minified message #1: See https://single-spa.js.org/error/?code=1 @ https://frontend-cf.cjdropshipping.com/chat/static/js/17.826b6a00.chunk.js:0
[    5920ms] [WARNING] single-spa minified message #1: See https://single-spa.js.org/error/?code=1 @ https://frontend-cf.cjdropshipping.com/chat/static/js/17.826b6a00.chunk.js:0
[   72378ms] [WARNING] Failed to execute 'postMessage' on 'DOMWindow': The target origin provided ('https://www.google.com') does not match the recipient window's origin ('https://www.cjdropshipping.com'). @ https://www.googletagmanager.com/gtag/js?id=AW-328901827:823
[   72378ms] [WARNING] Failed to execute 'postMessage' on 'DOMWindow': The target origin provided ('https://www.youtube.com') does not match the recipient window's origin ('https://www.cjdropshipping.com'). @ https://www.googletagmanager.com/gtag/js?id=AW-328901827:823
[   72378ms] [WARNING] Failed to execute 'postMessage' on 'DOMWindow': The target origin provided ('https://m.youtube.com') does not match the recipient window's origin ('https://www.cjdropshipping.com'). @ https://www.googletagmanager.com/gtag/js?id=AW-328901827:823
[ 2494338ms] [LOG] notification disconnect ---> transport close @ https://frontend-cf.cjdropshipping.com/chat/static/js/17.826b6a00.chunk.js:0
[ 2504554ms] [LOG] %c cj接收 => unReadCount  background:#41b883; color:#fff {sender: Object, message: Object} @ https://frontend-cf.cjdropshipping.com/chat/static/js/17.826b6a00.chunk.js:0
[ 2648771ms] [LOG] notification disconnect ---> transport close @ https://frontend-cf.cjdropshipping.com/chat/static/js/17.826b6a00.chunk.js:0
[ 2658996ms] [LOG] %c cj接收 => unReadCount  background:#41b883; color:#fff {sender: Object, message: Object} @ https://frontend-cf.cjdropshipping.com/chat/static/js/17.826b6a00.chunk.js:0
[ 3031793ms] [LOG] notification disconnect ---> transport close @ https://frontend-cf.cjdropshipping.com/chat/static/js/17.826b6a00.chunk.js:0
[ 3039983ms] [LOG] %c cj接收 => unReadCount  background:#41b883; color:#fff {sender: Object, message: Object} @ https://frontend-cf.cjdropshipping.com/chat/static/js/17.826b6a00.chunk.js:0
[ 3435819ms] [LOG] notification disconnect ---> transport close @ https://frontend-cf.cjdropshipping.com/chat/static/js/17.826b6a00.chunk.js:0
[ 3446131ms] [LOG] %c cj接收 => unReadCount  background:#41b883; color:#fff {sender: Object, message: Object} @ https://frontend-cf.cjdropshipping.com/chat/static/js/17.826b6a00.chunk.js:0
[ 3821776ms] [LOG] notification disconnect ---> transport close @ https://frontend-cf.cjdropshipping.com/chat/static/js/17.826b6a00.chunk.js:0
[ 3832264ms] [LOG] %c cj接收 => unReadCount  background:#41b883; color:#fff {sender: Object, message: Object} @ https://frontend-cf.cjdropshipping.com/chat/static/js/17.826b6a00.chunk.js:0
[ 4067481ms] [LOG] notification disconnect ---> transport close @ https://frontend-cf.cjdropshipping.com/chat/static/js/17.826b6a00.chunk.js:0
[ 4075541ms] [LOG] %c cj接收 => unReadCount  background:#41b883; color:#fff {sender: Object, message: Object} @ https://frontend-cf.cjdropshipping.com/chat/static/js/17.826b6a00.chunk.js:0
[ 4285516ms] [LOG] notification disconnect ---> ping timeout @ https://frontend-cf.cjdropshipping.com/chat/static/js/17.826b6a00.chunk.js:0
[ 4401864ms] [LOG] %c cj接收 => unReadCount  background:#41b883; color:#fff {sender: Object, message: Object} @ https://frontend-cf.cjdropshipping.com/chat/static/js/17.826b6a00.chunk.js:0
[ 4461835ms] [LOG] notification disconnect ---> transport close @ https://frontend-cf.cjdropshipping.com/chat/static/js/17.826b6a00.chunk.js:0
[ 4525751ms] [LOG] %c cj接收 => unReadCount  background:#41b883; color:#fff {sender: Object, message: Object} @ https://frontend-cf.cjdropshipping.com/chat/static/js/17.826b6a00.chunk.js:0
[ 4585742ms] [LOG] notification disconnect ---> transport close @ https://frontend-cf.cjdropshipping.com/chat/static/js/17.826b6a00.chunk.js:0
[ 4649555ms] [LOG] %c cj接收 => unReadCount  background:#41b883; color:#fff {sender: Object, message: Object} @ https://frontend-cf.cjdropshipping.com/chat/static/js/17.826b6a00.chunk.js:0
[ 4709507ms] [LOG] notification disconnect ---> transport close @ https://frontend-cf.cjdropshipping.com/chat/static/js/17.826b6a00.chunk.js:0
[ 4827072ms] [ERROR] WebSocket connection to 'wss://chat-socket-home.cjdropshipping.com/socket.io/?loginName=google8581784197065838-home&userType=1&equipment=1&userSystem=278284493&from=home&EIO=3&transport=websocket' failed: Error in connection establishment: net::ERR_NAME_NOT_RESOLVED @ https://frontend-cf.cjdropshipping.com/chat/static/js/17.826b6a00.chunk.js:0
[ 4891022ms] [LOG] %c cj接收 => unReadCount  background:#41b883; color:#fff {sender: Object, message: Object} @ https://frontend-cf.cjdropshipping.com/chat/static/js/17.826b6a00.chunk.js:0
[ 4950982ms] [LOG] notification disconnect ---> transport close @ https://frontend-cf.cjdropshipping.com/chat/static/js/17.826b6a00.chunk.js:0
[ 5014953ms] [LOG] %c cj接收 => unReadCount  background:#41b883; color:#fff {sender: Object, message: Object} @ https://frontend-cf.cjdropshipping.com/chat/static/js/17.826b6a00.chunk.js:0
[ 5074922ms] [LOG] notification disconnect ---> transport close @ https://frontend-cf.cjdropshipping.com/chat/static/js/17.826b6a00.chunk.js:0
[ 5193026ms] [LOG] %c cj接收 => unReadCount  background:#41b883; color:#fff {sender: Object, message: Object} @ https://frontend-cf.cjdropshipping.com/chat/static/js/17.826b6a00.chunk.js:0
[ 5253816ms] [LOG] notification disconnect ---> transport close @ https://frontend-cf.cjdropshipping.com/chat/static/js/17.826b6a00.chunk.js:0
[ 5319993ms] [LOG] %c cj接收 => unReadCount  background:#41b883; color:#fff {sender: Object, message: Object} @ https://frontend-cf.cjdropshipping.com/chat/static/js/17.826b6a00.chunk.js:0
[ 5320031ms] [LOG] notification disconnect ---> transport close @ https://frontend-cf.cjdropshipping.com/chat/static/js/17.826b6a00.chunk.js:0
[ 5437247ms] [LOG] %c cj接收 => unReadCount  background:#41b883; color:#fff {sender: Object, message: Object} @ https://frontend-cf.cjdropshipping.com/chat/static/js/17.826b6a00.chunk.js:0
[ 5497931ms] [LOG] notification disconnect ---> transport close @ https://frontend-cf.cjdropshipping.com/chat/static/js/17.826b6a00.chunk.js:0
[ 5560482ms] [LOG] %c cj接收 => unReadCount  background:#41b883; color:#fff {sender: Object, message: Object} @ https://frontend-cf.cjdropshipping.com/chat/static/js/17.826b6a00.chunk.js:0
[ 5620439ms] [LOG] notification disconnect ---> transport close @ https://frontend-cf.cjdropshipping.com/chat/static/js/17.826b6a00.chunk.js:0
[ 5681036ms] [LOG] %c cj接收 => unReadCount  background:#41b883; color:#fff {sender: Object, message: Object} @ https://frontend-cf.cjdropshipping.com/chat/static/js/17.826b6a00.chunk.js:0
[ 5804743ms] [LOG] notification disconnect ---> transport close @ https://frontend-cf.cjdropshipping.com/chat/static/js/17.826b6a00.chunk.js:0
[ 5867312ms] [LOG] %c cj接收 => unReadCount  background:#41b883; color:#fff {sender: Object, message: Object} @ https://frontend-cf.cjdropshipping.com/chat/static/js/17.826b6a00.chunk.js:0
[ 5927270ms] [LOG] notification disconnect ---> transport close @ https://frontend-cf.cjdropshipping.com/chat/static/js/17.826b6a00.chunk.js:0
[ 5986718ms] [LOG] %c cj接收 => unReadCount  background:#41b883; color:#fff {sender: Object, message: Object} @ https://frontend-cf.cjdropshipping.com/chat/static/js/17.826b6a00.chunk.js:0
[ 6170672ms] [LOG] notification disconnect ---> transport close @ https://frontend-cf.cjdropshipping.com/chat/static/js/17.826b6a00.chunk.js:0
[ 6234514ms] [LOG] %c cj接收 => unReadCount  background:#41b883; color:#fff {sender: Object, message: Object} @ https://frontend-cf.cjdropshipping.com/chat/static/js/17.826b6a00.chunk.js:0
[ 6294475ms] [LOG] notification disconnect ---> transport close @ https://frontend-cf.cjdropshipping.com/chat/static/js/17.826b6a00.chunk.js:0
[ 6353849ms] [LOG] %c cj接收 => unReadCount  background:#41b883; color:#fff {sender: Object, message: Object} @ https://frontend-cf.cjdropshipping.com/chat/static/js/17.826b6a00.chunk.js:0
[ 6413800ms] [LOG] notification disconnect ---> transport close @ https://frontend-cf.cjdropshipping.com/chat/static/js/17.826b6a00.chunk.js:0
[ 6477600ms] [LOG] %c cj接收 => unReadCount  background:#41b883; color:#fff {sender: Object, message: Object} @ https://frontend-cf.cjdropshipping.com/chat/static/js/17.826b6a00.chunk.js:0
[ 6537647ms] [LOG] notification disconnect ---> transport close @ https://frontend-cf.cjdropshipping.com/chat/static/js/17.826b6a00.chunk.js:0
[ 6660991ms] [LOG] %c cj接收 => unReadCount  background:#41b883; color:#fff {sender: Object, message: Object} @ https://frontend-cf.cjdropshipping.com/chat/static/js/17.826b6a00.chunk.js:0
[ 6661027ms] [LOG] notification disconnect ---> transport close @ https://frontend-cf.cjdropshipping.com/chat/static/js/17.826b6a00.chunk.js:0
[ 6778345ms] [LOG] %c cj接收 => unReadCount  background:#41b883; color:#fff {sender: Object, message: Object} @ https://frontend-cf.cjdropshipping.com/chat/static/js/17.826b6a00.chunk.js:0
[ 6838946ms] [LOG] notification disconnect ---> transport close @ https://frontend-cf.cjdropshipping.com/chat/static/js/17.826b6a00.chunk.js:0
[ 6902762ms] [LOG] %c cj接收 => unReadCount  background:#41b883; color:#fff {sender: Object, message: Object} @ https://frontend-cf.cjdropshipping.com/chat/static/js/17.826b6a00.chunk.js:0
[ 6962715ms] [LOG] notification disconnect ---> transport close @ https://frontend-cf.cjdropshipping.com/chat/static/js/17.826b6a00.chunk.js:0
[ 7026535ms] [LOG] %c cj接收 => unReadCount  background:#41b883; color:#fff {sender: Object, message: Object} @ https://frontend-cf.cjdropshipping.com/chat/static/js/17.826b6a00.chunk.js:0
[ 7086720ms] [LOG] notification disconnect ---> transport close @ https://frontend-cf.cjdropshipping.com/chat/static/js/17.826b6a00.chunk.js:0
[ 7148477ms] [LOG] %c cj接收 => unReadCount  background:#41b883; color:#fff {sender: Object, message: Object} @ https://frontend-cf.cjdropshipping.com/chat/static/js/17.826b6a00.chunk.js:0
[ 7149307ms] [LOG] notification disconnect ---> transport close @ https://frontend-cf.cjdropshipping.com/chat/static/js/17.826b6a00.chunk.js:0
[ 7210103ms] [LOG] %c cj接收 => unReadCount  background:#41b883; color:#fff {sender: Object, message: Object} @ https://frontend-cf.cjdropshipping.com/chat/static/js/17.826b6a00.chunk.js:0
[ 7270098ms] [LOG] notification disconnect ---> transport close @ https://frontend-cf.cjdropshipping.com/chat/static/js/17.826b6a00.chunk.js:0
[ 7388140ms] [LOG] %c cj接收 => unReadCount  background:#41b883; color:#fff {sender: Object, message: Object} @ https://frontend-cf.cjdropshipping.com/chat/static/js/17.826b6a00.chunk.js:0
[ 7448814ms] [LOG] notification disconnect ---> transport close @ https://frontend-cf.cjdropshipping.com/chat/static/js/17.826b6a00.chunk.js:0
[ 7454899ms] [LOG] %c cj接收 => unReadCount  background:#41b883; color:#fff {sender: Object, message: Object} @ https://frontend-cf.cjdropshipping.com/chat/static/js/17.826b6a00.chunk.js:0
[ 7514860ms] [LOG] notification disconnect ---> transport close @ https://frontend-cf.cjdropshipping.com/chat/static/js/17.826b6a00.chunk.js:0
[ 7632041ms] [ERROR] WebSocket connection to 'wss://chat-socket-home.cjdropshipping.com/socket.io/?loginName=google8581784197065838-home&userType=1&equipment=1&userSystem=278284493&from=home&EIO=3&transport=websocket' failed: Error in connection establishment: net::ERR_NAME_NOT_RESOLVED @ https://frontend-cf.cjdropshipping.com/chat/static/js/17.826b6a00.chunk.js:0
[ 7695927ms] [LOG] %c cj接收 => unReadCount  background:#41b883; color:#fff {sender: Object, message: Object} @ https://frontend-cf.cjdropshipping.com/chat/static/js/17.826b6a00.chunk.js:0
[ 7755918ms] [LOG] notification disconnect ---> transport close @ https://frontend-cf.cjdropshipping.com/chat/static/js/17.826b6a00.chunk.js:0
[ 7766139ms] [LOG] %c cj接收 => unReadCount  background:#41b883; color:#fff {sender: Object, message: Object} @ https://frontend-cf.cjdropshipping.com/chat/static/js/17.826b6a00.chunk.js:0
[ 8188548ms] [LOG] notification disconnect ---> transport close @ https://frontend-cf.cjdropshipping.com/chat/static/js/17.826b6a00.chunk.js:0
[ 8194474ms] [LOG] %c cj接收 => unReadCount  background:#41b883; color:#fff {sender: Object, message: Object} @ https://frontend-cf.cjdropshipping.com/chat/static/js/17.826b6a00.chunk.js:0
[ 8609383ms] [LOG] notification disconnect ---> transport close @ https://frontend-cf.cjdropshipping.com/chat/static/js/17.826b6a00.chunk.js:0
[ 8671029ms] [LOG] %c cj接收 => unReadCount  background:#41b883; color:#fff {sender: Object, message: Object} @ https://frontend-cf.cjdropshipping.com/chat/static/js/17.826b6a00.chunk.js:0
[ 8730989ms] [LOG] notification disconnect ---> transport close @ https://frontend-cf.cjdropshipping.com/chat/static/js/17.826b6a00.chunk.js:0
[ 8791689ms] [LOG] %c cj接收 => unReadCount  background:#41b883; color:#fff {sender: Object, message: Object} @ https://frontend-cf.cjdropshipping.com/chat/static/js/17.826b6a00.chunk.js:0
[ 8851916ms] [LOG] notification disconnect ---> transport close @ https://frontend-cf.cjdropshipping.com/chat/static/js/17.826b6a00.chunk.js:0
[ 8914980ms] [LOG] %c cj接收 => unReadCount  background:#41b883; color:#fff {sender: Object, message: Object} @ https://frontend-cf.cjdropshipping.com/chat/static/js/17.826b6a00.chunk.js:0
[ 8974929ms] [LOG] notification disconnect ---> transport close @ https://frontend-cf.cjdropshipping.com/chat/static/js/17.826b6a00.chunk.js:0
[ 9038053ms] [LOG] %c cj接收 => unReadCount  background:#41b883; color:#fff {sender: Object, message: Object} @ https://frontend-cf.cjdropshipping.com/chat/static/js/17.826b6a00.chunk.js:0
[ 9098068ms] [LOG] notification disconnect ---> transport close @ https://frontend-cf.cjdropshipping.com/chat/static/js/17.826b6a00.chunk.js:0
[ 9157250ms] [LOG] %c cj接收 => unReadCount  background:#41b883; color:#fff {sender: Object, message: Object} @ https://frontend-cf.cjdropshipping.com/chat/static/js/17.826b6a00.chunk.js:0
[ 9217774ms] [LOG] notification disconnect ---> transport close @ https://frontend-cf.cjdropshipping.com/chat/static/js/17.826b6a00.chunk.js:0
[ 9223976ms] [LOG] %c cj接收 => unReadCount  background:#41b883; color:#fff {sender: Object, message: Object} @ https://frontend-cf.cjdropshipping.com/chat/static/js/17.826b6a00.chunk.js:0
[ 9283892ms] [LOG] notification disconnect ---> transport close @ https://frontend-cf.cjdropshipping.com/chat/static/js/17.826b6a00.chunk.js:0
[ 9347054ms] [LOG] %c cj接收 => unReadCount  background:#41b883; color:#fff {sender: Object, message: Object} @ https://frontend-cf.cjdropshipping.com/chat/static/js/17.826b6a00.chunk.js:0
[ 9407008ms] [LOG] notification disconnect ---> transport close @ https://frontend-cf.cjdropshipping.com/chat/static/js/17.826b6a00.chunk.js:0
[ 9523022ms] [ERROR] WebSocket connection to 'wss://chat-socket-home.cjdropshipping.com/socket.io/?loginName=google8581784197065838-home&userType=1&equipment=1&userSystem=278284493&from=home&EIO=3&transport=websocket' failed: Error in connection establishment: net::ERR_NAME_NOT_RESOLVED @ https://frontend-cf.cjdropshipping.com/chat/static/js/17.826b6a00.chunk.js:0
[ 9586235ms] [LOG] %c cj接收 => unReadCount  background:#41b883; color:#fff {sender: Object, message: Object} @ https://frontend-cf.cjdropshipping.com/chat/static/js/17.826b6a00.chunk.js:0
[ 9646198ms] [LOG] notification disconnect ---> transport close @ https://frontend-cf.cjdropshipping.com/chat/static/js/17.826b6a00.chunk.js:0
[ 9708976ms] [LOG] %c cj接收 => unReadCount  background:#41b883; color:#fff {sender: Object, message: Object} @ https://frontend-cf.cjdropshipping.com/chat/static/js/17.826b6a00.chunk.js:0
[ 9768996ms] [LOG] notification disconnect ---> transport close @ https://frontend-cf.cjdropshipping.com/chat/static/js/17.826b6a00.chunk.js:0
[ 9830095ms] [LOG] %c cj接收 => unReadCount  background:#41b883; color:#fff {sender: Object, message: Object} @ https://frontend-cf.cjdropshipping.com/chat/static/js/17.826b6a00.chunk.js:0
[ 9890054ms] [LOG] notification disconnect ---> transport close @ https://frontend-cf.cjdropshipping.com/chat/static/js/17.826b6a00.chunk.js:0
[ 9951818ms] [LOG] %c cj接收 => unReadCount  background:#41b883; color:#fff {sender: Object, message: Object} @ https://frontend-cf.cjdropshipping.com/chat/static/js/17.826b6a00.chunk.js:0
[10011784ms] [LOG] notification disconnect ---> transport close @ https://frontend-cf.cjdropshipping.com/chat/static/js/17.826b6a00.chunk.js:0
[10074924ms] [LOG] %c cj接收 => unReadCount  background:#41b883; color:#fff {sender: Object, message: Object} @ https://frontend-cf.cjdropshipping.com/chat/static/js/17.826b6a00.chunk.js:0
[10134980ms] [LOG] notification disconnect ---> transport close @ https://frontend-cf.cjdropshipping.com/chat/static/js/17.826b6a00.chunk.js:0
[10198051ms] [LOG] %c cj接收 => unReadCount  background:#41b883; color:#fff {sender: Object, message: Object} @ https://frontend-cf.cjdropshipping.com/chat/static/js/17.826b6a00.chunk.js:0
[10258012ms] [LOG] notification disconnect ---> transport close @ https://frontend-cf.cjdropshipping.com/chat/static/js/17.826b6a00.chunk.js:0
[10321246ms] [LOG] %c cj接收 => unReadCount  background:#41b883; color:#fff {sender: Object, message: Object} @ https://frontend-cf.cjdropshipping.com/chat/static/js/17.826b6a00.chunk.js:0
[10381087ms] [LOG] notification disconnect ---> transport close @ https://frontend-cf.cjdropshipping.com/chat/static/js/17.826b6a00.chunk.js:0
[10443976ms] [LOG] %c cj接收 => unReadCount  background:#41b883; color:#fff {sender: Object, message: Object} @ https://frontend-cf.cjdropshipping.com/chat/static/js/17.826b6a00.chunk.js:0
[10503913ms] [LOG] notification disconnect ---> transport close @ https://frontend-cf.cjdropshipping.com/chat/static/js/17.826b6a00.chunk.js:0
[10567066ms] [LOG] %c cj接收 => unReadCount  background:#41b883; color:#fff {sender: Object, message: Object} @ https://frontend-cf.cjdropshipping.com/chat/static/js/17.826b6a00.chunk.js:0
[10627119ms] [LOG] notification disconnect ---> transport close @ https://frontend-cf.cjdropshipping.com/chat/static/js/17.826b6a00.chunk.js:0
[10688166ms] [LOG] %c cj接收 => unReadCount  background:#41b883; color:#fff {sender: Object, message: Object} @ https://frontend-cf.cjdropshipping.com/chat/static/js/17.826b6a00.chunk.js:0
[10748138ms] [LOG] notification disconnect ---> transport close @ https://frontend-cf.cjdropshipping.com/chat/static/js/17.826b6a00.chunk.js:0
[10870909ms] [LOG] %c cj接收 => unReadCount  background:#41b883; color:#fff {sender: Object, message: Object} @ https://frontend-cf.cjdropshipping.com/chat/static/js/17.826b6a00.chunk.js:0
[10870942ms] [LOG] notification disconnect ---> transport close @ https://frontend-cf.cjdropshipping.com/chat/static/js/17.826b6a00.chunk.js:0
[10930016ms] [LOG] %c cj接收 => unReadCount  background:#41b883; color:#fff {sender: Object, message: Object} @ https://frontend-cf.cjdropshipping.com/chat/static/js/17.826b6a00.chunk.js:0
[10989977ms] [LOG] notification disconnect ---> transport close @ https://frontend-cf.cjdropshipping.com/chat/static/js/17.826b6a00.chunk.js:0
[11052074ms] [LOG] %c cj接收 => unReadCount  background:#41b883; color:#fff {sender: Object, message: Object} @ https://frontend-cf.cjdropshipping.com/chat/static/js/17.826b6a00.chunk.js:0
[11112004ms] [LOG] notification disconnect ---> transport close @ https://frontend-cf.cjdropshipping.com/chat/static/js/17.826b6a00.chunk.js:0
[11174291ms] [LOG] %c cj接收 => unReadCount  background:#41b883; color:#fff {sender: Object, message: Object} @ https://frontend-cf.cjdropshipping.com/chat/static/js/17.826b6a00.chunk.js:0
[11234149ms] [LOG] notification disconnect ---> transport close @ https://frontend-cf.cjdropshipping.com/chat/static/js/17.826b6a00.chunk.js:0
[11297292ms] [LOG] %c cj接收 => unReadCount  background:#41b883; color:#fff {sender: Object, message: Object} @ https://frontend-cf.cjdropshipping.com/chat/static/js/17.826b6a00.chunk.js:0
[11357252ms] [LOG] notification disconnect ---> transport close @ https://frontend-cf.cjdropshipping.com/chat/static/js/17.826b6a00.chunk.js:0
[11420362ms] [LOG] %c cj接收 => unReadCount  background:#41b883; color:#fff {sender: Object, message: Object} @ https://frontend-cf.cjdropshipping.com/chat/static/js/17.826b6a00.chunk.js:0
[11480326ms] [LOG] notification disconnect ---> transport close @ https://frontend-cf.cjdropshipping.com/chat/static/js/17.826b6a00.chunk.js:0
[11596938ms] [ERROR] WebSocket connection to 'wss://chat-socket-home.cjdropshipping.com/socket.io/?loginName=google8581784197065838-home&userType=1&equipment=1&userSystem=278284493&from=home&EIO=3&transport=websocket' failed: Error in connection establishment: net::ERR_NAME_NOT_RESOLVED @ https://frontend-cf.cjdropshipping.com/chat/static/js/17.826b6a00.chunk.js:0
[11615036ms] [LOG] %c cj接收 => unReadCount  background:#41b883; color:#fff {sender: Object, message: Object} @ https://frontend-cf.cjdropshipping.com/chat/static/js/17.826b6a00.chunk.js:0
[12087062ms] [LOG] notification disconnect ---> transport close @ https://frontend-cf.cjdropshipping.com/chat/static/js/17.826b6a00.chunk.js:0
[12150353ms] [LOG] %c cj接收 => unReadCount  background:#41b883; color:#fff {sender: Object, message: Object} @ https://frontend-cf.cjdropshipping.com/chat/static/js/17.826b6a00.chunk.js:0
[12210343ms] [LOG] notification disconnect ---> transport close @ https://frontend-cf.cjdropshipping.com/chat/static/js/17.826b6a00.chunk.js:0
[12272002ms] [LOG] %c cj接收 => unReadCount  background:#41b883; color:#fff {sender: Object, message: Object} @ https://frontend-cf.cjdropshipping.com/chat/static/js/17.826b6a00.chunk.js:0
[12331948ms] [LOG] notification disconnect ---> transport close @ https://frontend-cf.cjdropshipping.com/chat/static/js/17.826b6a00.chunk.js:0
[12394049ms] [LOG] %c cj接收 => unReadCount  background:#41b883; color:#fff {sender: Object, message: Object} @ https://frontend-cf.cjdropshipping.com/chat/static/js/17.826b6a00.chunk.js:0
[12453975ms] [LOG] notification disconnect ---> transport close @ https://frontend-cf.cjdropshipping.com/chat/static/js/17.826b6a00.chunk.js:0
[12517092ms] [LOG] %c cj接收 => unReadCount  background:#41b883; color:#fff {sender: Object, message: Object} @ https://frontend-cf.cjdropshipping.com/chat/static/js/17.826b6a00.chunk.js:0
[12577100ms] [LOG] notification disconnect ---> transport close @ https://frontend-cf.cjdropshipping.com/chat/static/js/17.826b6a00.chunk.js:0
[12640178ms] [LOG] %c cj接收 => unReadCount  background:#41b883; color:#fff {sender: Object, message: Object} @ https://frontend-cf.cjdropshipping.com/chat/static/js/17.826b6a00.chunk.js:0
[12700143ms] [LOG] notification disconnect ---> transport close @ https://frontend-cf.cjdropshipping.com/chat/static/js/17.826b6a00.chunk.js:0
[12759172ms] [LOG] %c cj接收 => unReadCount  background:#41b883; color:#fff {sender: Object, message: Object} @ https://frontend-cf.cjdropshipping.com/chat/static/js/17.826b6a00.chunk.js:0
[12819126ms] [LOG] notification disconnect ---> transport close @ https://frontend-cf.cjdropshipping.com/chat/static/js/17.826b6a00.chunk.js:0
[12882293ms] [LOG] %c cj接收 => unReadCount  background:#41b883; color:#fff {sender: Object, message: Object} @ https://frontend-cf.cjdropshipping.com/chat/static/js/17.826b6a00.chunk.js:0
[12942243ms] [LOG] notification disconnect ---> transport close @ https://frontend-cf.cjdropshipping.com/chat/static/js/17.826b6a00.chunk.js:0
[13003032ms] [LOG] %c cj接收 => unReadCount  background:#41b883; color:#fff {sender: Object, message: Object} @ https://frontend-cf.cjdropshipping.com/chat/static/js/17.826b6a00.chunk.js:0
[13062992ms] [LOG] notification disconnect ---> transport close @ https://frontend-cf.cjdropshipping.com/chat/static/js/17.826b6a00.chunk.js:0
[13126098ms] [LOG] %c cj接收 => unReadCount  background:#41b883; color:#fff {sender: Object, message: Object} @ https://frontend-cf.cjdropshipping.com/chat/static/js/17.826b6a00.chunk.js:0
[13186066ms] [LOG] notification disconnect ---> transport close @ https://frontend-cf.cjdropshipping.com/chat/static/js/17.826b6a00.chunk.js:0
[13247107ms] [LOG] %c cj接收 => unReadCount  background:#41b883; color:#fff {sender: Object, message: Object} @ https://frontend-cf.cjdropshipping.com/chat/static/js/17.826b6a00.chunk.js:0
[13307148ms] [LOG] notification disconnect ---> transport close @ https://frontend-cf.cjdropshipping.com/chat/static/js/17.826b6a00.chunk.js:0
[13370717ms] [LOG] %c cj接收 => unReadCount  background:#41b883; color:#fff {sender: Object, message: Object} @ https://frontend-cf.cjdropshipping.com/chat/static/js/17.826b6a00.chunk.js:0
[13430746ms] [LOG] notification disconnect ---> transport close @ https://frontend-cf.cjdropshipping.com/chat/static/js/17.826b6a00.chunk.js:0
[13493934ms] [LOG] %c cj接收 => unReadCount  background:#41b883; color:#fff {sender: Object, message: Object} @ https://frontend-cf.cjdropshipping.com/chat/static/js/17.826b6a00.chunk.js:0
[13553931ms] [LOG] notification disconnect ---> transport close @ https://frontend-cf.cjdropshipping.com/chat/static/js/17.826b6a00.chunk.js:0
[13617091ms] [LOG] %c cj接收 => unReadCount  background:#41b883; color:#fff {sender: Object, message: Object} @ https://frontend-cf.cjdropshipping.com/chat/static/js/17.826b6a00.chunk.js:0
[13677097ms] [LOG] notification disconnect ---> transport close @ https://frontend-cf.cjdropshipping.com/chat/static/js/17.826b6a00.chunk.js:0
[13738060ms] [LOG] %c cj接收 => unReadCount  background:#41b883; color:#fff {sender: Object, message: Object} @ https://frontend-cf.cjdropshipping.com/chat/static/js/17.826b6a00.chunk.js:0
[13798029ms] [LOG] notification disconnect ---> transport close @ https://frontend-cf.cjdropshipping.com/chat/static/js/17.826b6a00.chunk.js:0
[13913178ms] [LOG] %c cj接收 => unReadCount  background:#41b883; color:#fff {sender: Object, message: Object} @ https://frontend-cf.cjdropshipping.com/chat/static/js/17.826b6a00.chunk.js:0
[13973074ms] [LOG] notification disconnect ---> transport close @ https://frontend-cf.cjdropshipping.com/chat/static/js/17.826b6a00.chunk.js:0
[13980066ms] [LOG] %c cj接收 => unReadCount  background:#41b883; color:#fff {sender: Object, message: Object} @ https://frontend-cf.cjdropshipping.com/chat/static/js/17.826b6a00.chunk.js:0
[14040100ms] [LOG] notification disconnect ---> transport close @ https://frontend-cf.cjdropshipping.com/chat/static/js/17.826b6a00.chunk.js:0
[14100296ms] [LOG] %c cj接收 => unReadCount  background:#41b883; color:#fff {sender: Object, message: Object} @ https://frontend-cf.cjdropshipping.com/chat/static/js/17.826b6a00.chunk.js:0
[14160332ms] [LOG] notification disconnect ---> transport close @ https://frontend-cf.cjdropshipping.com/chat/static/js/17.826b6a00.chunk.js:0
[14219210ms] [LOG] %c cj接收 => unReadCount  background:#41b883; color:#fff {sender: Object, message: Object} @ https://frontend-cf.cjdropshipping.com/chat/static/js/17.826b6a00.chunk.js:0
[14279179ms] [LOG] notification disconnect ---> transport close @ https://frontend-cf.cjdropshipping.com/chat/static/js/17.826b6a00.chunk.js:0
[14341279ms] [LOG] %c cj接收 => unReadCount  background:#41b883; color:#fff {sender: Object, message: Object} @ https://frontend-cf.cjdropshipping.com/chat/static/js/17.826b6a00.chunk.js:0
[14401176ms] [LOG] notification disconnect ---> transport close @ https://frontend-cf.cjdropshipping.com/chat/static/js/17.826b6a00.chunk.js:0
[14523562ms] [LOG] %c cj接收 => unReadCount  background:#41b883; color:#fff {sender: Object, message: Object} @ https://frontend-cf.cjdropshipping.com/chat/static/js/17.826b6a00.chunk.js:0
[14583529ms] [LOG] notification disconnect ---> transport close @ https://frontend-cf.cjdropshipping.com/chat/static/js/17.826b6a00.chunk.js:0
[14643984ms] [LOG] %c cj接收 => unReadCount  background:#41b883; color:#fff {sender: Object, message: Object} @ https://frontend-cf.cjdropshipping.com/chat/static/js/17.826b6a00.chunk.js:0
[14703925ms] [LOG] notification disconnect ---> transport close @ https://frontend-cf.cjdropshipping.com/chat/static/js/17.826b6a00.chunk.js:0
[14761574ms] [LOG] %c cj接收 => unReadCount  background:#41b883; color:#fff {sender: Object, message: Object} @ https://frontend-cf.cjdropshipping.com/chat/static/js/17.826b6a00.chunk.js:0
[14821521ms] [LOG] notification disconnect ---> transport close @ https://frontend-cf.cjdropshipping.com/chat/static/js/17.826b6a00.chunk.js:0
[14883608ms] [LOG] %c cj接收 => unReadCount  background:#41b883; color:#fff {sender: Object, message: Object} @ https://frontend-cf.cjdropshipping.com/chat/static/js/17.826b6a00.chunk.js:0
[14943681ms] [LOG] notification disconnect ---> transport close @ https://frontend-cf.cjdropshipping.com/chat/static/js/17.826b6a00.chunk.js:0
[15005857ms] [LOG] %c cj接收 => unReadCount  background:#41b883; color:#fff {sender: Object, message: Object} @ https://frontend-cf.cjdropshipping.com/chat/static/js/17.826b6a00.chunk.js:0
[15065830ms] [LOG] notification disconnect ---> transport close @ https://frontend-cf.cjdropshipping.com/chat/static/js/17.826b6a00.chunk.js:0
[15128165ms] [LOG] %c cj接收 => unReadCount  background:#41b883; color:#fff {sender: Object, message: Object} @ https://frontend-cf.cjdropshipping.com/chat/static/js/17.826b6a00.chunk.js:0
[15188111ms] [LOG] notification disconnect ---> transport close @ https://frontend-cf.cjdropshipping.com/chat/static/js/17.826b6a00.chunk.js:0
[15246182ms] [LOG] %c cj接收 => unReadCount  background:#41b883; color:#fff {sender: Object, message: Object} @ https://frontend-cf.cjdropshipping.com/chat/static/js/17.826b6a00.chunk.js:0
[15306133ms] [LOG] notification disconnect ---> transport close @ https://frontend-cf.cjdropshipping.com/chat/static/js/17.826b6a00.chunk.js:0
[15365186ms] [LOG] %c cj接收 => unReadCount  background:#41b883; color:#fff {sender: Object, message: Object} @ https://frontend-cf.cjdropshipping.com/chat/static/js/17.826b6a00.chunk.js:0
[15425151ms] [LOG] notification disconnect ---> transport close @ https://frontend-cf.cjdropshipping.com/chat/static/js/17.826b6a00.chunk.js:0
[15488342ms] [LOG] %c cj接收 => unReadCount  background:#41b883; color:#fff {sender: Object, message: Object} @ https://frontend-cf.cjdropshipping.com/chat/static/js/17.826b6a00.chunk.js:0
[15548439ms] [LOG] notification disconnect ---> transport close @ https://frontend-cf.cjdropshipping.com/chat/static/js/17.826b6a00.chunk.js:0
[15611530ms] [LOG] %c cj接收 => unReadCount  background:#41b883; color:#fff {sender: Object, message: Object} @ https://frontend-cf.cjdropshipping.com/chat/static/js/17.826b6a00.chunk.js:0
[15671523ms] [LOG] notification disconnect ---> transport close @ https://frontend-cf.cjdropshipping.com/chat/static/js/17.826b6a00.chunk.js:0
[15730521ms] [LOG] %c cj接收 => unReadCount  background:#41b883; color:#fff {sender: Object, message: Object} @ https://frontend-cf.cjdropshipping.com/chat/static/js/17.826b6a00.chunk.js:0
[15790716ms] [LOG] notification disconnect ---> transport close @ https://frontend-cf.cjdropshipping.com/chat/static/js/17.826b6a00.chunk.js:0
[15850668ms] [LOG] %c cj接收 => unReadCount  background:#41b883; color:#fff {sender: Object, message: Object} @ https://frontend-cf.cjdropshipping.com/chat/static/js/17.826b6a00.chunk.js:0
[15910625ms] [LOG] notification disconnect ---> transport close @ https://frontend-cf.cjdropshipping.com/chat/static/js/17.826b6a00.chunk.js:0
[15973729ms] [LOG] %c cj接收 => unReadCount  background:#41b883; color:#fff {sender: Object, message: Object} @ https://frontend-cf.cjdropshipping.com/chat/static/js/17.826b6a00.chunk.js:0
[16033711ms] [LOG] notification disconnect ---> transport close @ https://frontend-cf.cjdropshipping.com/chat/static/js/17.826b6a00.chunk.js:0
[16096968ms] [LOG] %c cj接收 => unReadCount  background:#41b883; color:#fff {sender: Object, message: Object} @ https://frontend-cf.cjdropshipping.com/chat/static/js/17.826b6a00.chunk.js:0
[16156898ms] [LOG] notification disconnect ---> transport close @ https://frontend-cf.cjdropshipping.com/chat/static/js/17.826b6a00.chunk.js:0
[16217779ms] [LOG] %c cj接收 => unReadCount  background:#41b883; color:#fff {sender: Object, message: Object} @ https://frontend-cf.cjdropshipping.com/chat/static/js/17.826b6a00.chunk.js:0
[16277739ms] [LOG] notification disconnect ---> transport close @ https://frontend-cf.cjdropshipping.com/chat/static/js/17.826b6a00.chunk.js:0
[16391036ms] [LOG] %c cj接收 => unReadCount  background:#41b883; color:#fff {sender: Object, message: Object} @ https://frontend-cf.cjdropshipping.com/chat/static/js/17.826b6a00.chunk.js:0
[16700665ms] [LOG] notification disconnect ---> transport close @ https://frontend-cf.cjdropshipping.com/chat/static/js/17.826b6a00.chunk.js:0
[16813926ms] [ERROR] WebSocket connection to 'wss://chat-socket-home.cjdropshipping.com/socket.io/?loginName=google8581784197065838-home&userType=1&equipment=1&userSystem=278284493&from=home&EIO=3&transport=websocket' failed: Error in connection establishment: net::ERR_NAME_NOT_RESOLVED @ https://frontend-cf.cjdropshipping.com/chat/static/js/17.826b6a00.chunk.js:0
[16824830ms] [LOG] %c cj接收 => unReadCount  background:#41b883; color:#fff {sender: Object, message: Object} @ https://frontend-cf.cjdropshipping.com/chat/static/js/17.826b6a00.chunk.js:0
[17180082ms] [LOG] notification disconnect ---> transport close @ https://frontend-cf.cjdropshipping.com/chat/static/js/17.826b6a00.chunk.js:0
[17240989ms] [LOG] %c cj接收 => unReadCount  background:#41b883; color:#fff {sender: Object, message: Object} @ https://frontend-cf.cjdropshipping.com/chat/static/js/17.826b6a00.chunk.js:0
[17300869ms] [LOG] notification disconnect ---> transport close @ https://frontend-cf.cjdropshipping.com/chat/static/js/17.826b6a00.chunk.js:0
[17359544ms] [LOG] %c cj接收 => unReadCount  background:#41b883; color:#fff {sender: Object, message: Object} @ https://frontend-cf.cjdropshipping.com/chat/static/js/17.826b6a00.chunk.js:0
[17419496ms] [LOG] notification disconnect ---> transport close @ https://frontend-cf.cjdropshipping.com/chat/static/js/17.826b6a00.chunk.js:0
[17432268ms] [LOG] %c cj接收 => unReadCount  background:#41b883; color:#fff {sender: Object, message: Object} @ https://frontend-cf.cjdropshipping.com/chat/static/js/17.826b6a00.chunk.js:0
[17905548ms] [LOG] notification disconnect ---> transport close @ https://frontend-cf.cjdropshipping.com/chat/static/js/17.826b6a00.chunk.js:0
[17967773ms] [LOG] %c cj接收 => unReadCount  background:#41b883; color:#fff {sender: Object, message: Object} @ https://frontend-cf.cjdropshipping.com/chat/static/js/17.826b6a00.chunk.js:0
[18027698ms] [LOG] notification disconnect ---> transport close @ https://frontend-cf.cjdropshipping.com/chat/static/js/17.826b6a00.chunk.js:0
[18089800ms] [LOG] %c cj接收 => unReadCount  background:#41b883; color:#fff {sender: Object, message: Object} @ https://frontend-cf.cjdropshipping.com/chat/static/js/17.826b6a00.chunk.js:0
[18149851ms] [LOG] notification disconnect ---> transport close @ https://frontend-cf.cjdropshipping.com/chat/static/js/17.826b6a00.chunk.js:0
[18212151ms] [LOG] %c cj接收 => unReadCount  background:#41b883; color:#fff {sender: Object, message: Object} @ https://frontend-cf.cjdropshipping.com/chat/static/js/17.826b6a00.chunk.js:0
[18265822ms] [LOG] notification disconnect ---> transport close @ https://frontend-cf.cjdropshipping.com/chat/static/js/17.826b6a00.chunk.js:0
[18327926ms] [LOG] %c cj接收 => unReadCount  background:#41b883; color:#fff {sender: Object, message: Object} @ https://frontend-cf.cjdropshipping.com/chat/static/js/17.826b6a00.chunk.js:0
[18387878ms] [LOG] notification disconnect ---> transport close @ https://frontend-cf.cjdropshipping.com/chat/static/js/17.826b6a00.chunk.js:0
[18393996ms] [LOG] %c cj接收 => unReadCount  background:#41b883; color:#fff {sender: Object, message: Object} @ https://frontend-cf.cjdropshipping.com/chat/static/js/17.826b6a00.chunk.js:0
[18454006ms] [LOG] notification disconnect ---> transport close @ https://frontend-cf.cjdropshipping.com/chat/static/js/17.826b6a00.chunk.js:0
[18569152ms] [LOG] %c cj接收 => unReadCount  background:#41b883; color:#fff {sender: Object, message: Object} @ https://frontend-cf.cjdropshipping.com/chat/static/js/17.826b6a00.chunk.js:0
[18629060ms] [LOG] notification disconnect ---> transport close @ https://frontend-cf.cjdropshipping.com/chat/static/js/17.826b6a00.chunk.js:0
[18692369ms] [LOG] %c cj接收 => unReadCount  background:#41b883; color:#fff {sender: Object, message: Object} @ https://frontend-cf.cjdropshipping.com/chat/static/js/17.826b6a00.chunk.js:0
[18752376ms] [LOG] notification disconnect ---> transport close @ https://frontend-cf.cjdropshipping.com/chat/static/js/17.826b6a00.chunk.js:0
[18810444ms] [LOG] %c cj接收 => unReadCount  background:#41b883; color:#fff {sender: Object, message: Object} @ https://frontend-cf.cjdropshipping.com/chat/static/js/17.826b6a00.chunk.js:0
[18870699ms] [LOG] notification disconnect ---> transport close @ https://frontend-cf.cjdropshipping.com/chat/static/js/17.826b6a00.chunk.js:0
[18932921ms] [LOG] %c cj接收 => unReadCount  background:#41b883; color:#fff {sender: Object, message: Object} @ https://frontend-cf.cjdropshipping.com/chat/static/js/17.826b6a00.chunk.js:0
[18992877ms] [LOG] notification disconnect ---> transport close @ https://frontend-cf.cjdropshipping.com/chat/static/js/17.826b6a00.chunk.js:0
[19054843ms] [LOG] %c cj接收 => unReadCount  background:#41b883; color:#fff {sender: Object, message: Object} @ https://frontend-cf.cjdropshipping.com/chat/static/js/17.826b6a00.chunk.js:0
[19114855ms] [LOG] notification disconnect ---> transport close @ https://frontend-cf.cjdropshipping.com/chat/static/js/17.826b6a00.chunk.js:0
[19172966ms] [LOG] %c cj接收 => unReadCount  background:#41b883; color:#fff {sender: Object, message: Object} @ https://frontend-cf.cjdropshipping.com/chat/static/js/17.826b6a00.chunk.js:0
[19233741ms] [LOG] notification disconnect ---> transport close @ https://frontend-cf.cjdropshipping.com/chat/static/js/17.826b6a00.chunk.js:0
[19295914ms] [LOG] %c cj接收 => unReadCount  background:#41b883; color:#fff {sender: Object, message: Object} @ https://frontend-cf.cjdropshipping.com/chat/static/js/17.826b6a00.chunk.js:0
[19355804ms] [LOG] notification disconnect ---> transport close @ https://frontend-cf.cjdropshipping.com/chat/static/js/17.826b6a00.chunk.js:0
[19418921ms] [LOG] %c cj接收 => unReadCount  background:#41b883; color:#fff {sender: Object, message: Object} @ https://frontend-cf.cjdropshipping.com/chat/static/js/17.826b6a00.chunk.js:0
[19478884ms] [LOG] notification disconnect ---> transport close @ https://frontend-cf.cjdropshipping.com/chat/static/js/17.826b6a00.chunk.js:0
[19541864ms] [LOG] %c cj接收 => unReadCount  background:#41b883; color:#fff {sender: Object, message: Object} @ https://frontend-cf.cjdropshipping.com/chat/static/js/17.826b6a00.chunk.js:0
[19601839ms] [LOG] notification disconnect ---> transport close @ https://frontend-cf.cjdropshipping.com/chat/static/js/17.826b6a00.chunk.js:0
[19662803ms] [LOG] %c cj接收 => unReadCount  background:#41b883; color:#fff {sender: Object, message: Object} @ https://frontend-cf.cjdropshipping.com/chat/static/js/17.826b6a00.chunk.js:0
[19722748ms] [LOG] notification disconnect ---> transport close @ https://frontend-cf.cjdropshipping.com/chat/static/js/17.826b6a00.chunk.js:0
[19838097ms] [LOG] %c cj接收 => unReadCount  background:#41b883; color:#fff {sender: Object, message: Object} @ https://frontend-cf.cjdropshipping.com/chat/static/js/17.826b6a00.chunk.js:0
[19898693ms] [LOG] notification disconnect ---> transport close @ https://frontend-cf.cjdropshipping.com/chat/static/js/17.826b6a00.chunk.js:0
[19960931ms] [LOG] %c cj接收 => unReadCount  background:#41b883; color:#fff {sender: Object, message: Object} @ https://frontend-cf.cjdropshipping.com/chat/static/js/17.826b6a00.chunk.js:0
[20020910ms] [LOG] notification disconnect ---> transport close @ https://frontend-cf.cjdropshipping.com/chat/static/js/17.826b6a00.chunk.js:0
[20080601ms] [LOG] %c cj接收 => unReadCount  background:#41b883; color:#fff {sender: Object, message: Object} @ https://frontend-cf.cjdropshipping.com/chat/static/js/17.826b6a00.chunk.js:0
[20140562ms] [LOG] notification disconnect ---> transport close @ https://frontend-cf.cjdropshipping.com/chat/static/js/17.826b6a00.chunk.js:0
[20200421ms] [LOG] %c cj接收 => unReadCount  background:#41b883; color:#fff {sender: Object, message: Object} @ https://frontend-cf.cjdropshipping.com/chat/static/js/17.826b6a00.chunk.js:0
[20260742ms] [LOG] notification disconnect ---> transport close @ https://frontend-cf.cjdropshipping.com/chat/static/js/17.826b6a00.chunk.js:0
[20322844ms] [LOG] %c cj接收 => unReadCount  background:#41b883; color:#fff {sender: Object, message: Object} @ https://frontend-cf.cjdropshipping.com/chat/static/js/17.826b6a00.chunk.js:0
[20382715ms] [LOG] notification disconnect ---> transport close @ https://frontend-cf.cjdropshipping.com/chat/static/js/17.826b6a00.chunk.js:0
[20443675ms] [LOG] %c cj接收 => unReadCount  background:#41b883; color:#fff {sender: Object, message: Object} @ https://frontend-cf.cjdropshipping.com/chat/static/js/17.826b6a00.chunk.js:0
[20503612ms] [LOG] notification disconnect ---> transport close @ https://frontend-cf.cjdropshipping.com/chat/static/js/17.826b6a00.chunk.js:0
[20565706ms] [LOG] %c cj接收 => unReadCount  background:#41b883; color:#fff {sender: Object, message: Object} @ https://frontend-cf.cjdropshipping.com/chat/static/js/17.826b6a00.chunk.js:0
[20625661ms] [LOG] notification disconnect ---> transport close @ https://frontend-cf.cjdropshipping.com/chat/static/js/17.826b6a00.chunk.js:0
[20687754ms] [LOG] %c cj接收 => unReadCount  background:#41b883; color:#fff {sender: Object, message: Object} @ https://frontend-cf.cjdropshipping.com/chat/static/js/17.826b6a00.chunk.js:0
[20747762ms] [LOG] notification disconnect ---> transport close @ https://frontend-cf.cjdropshipping.com/chat/static/js/17.826b6a00.chunk.js:0
[20809842ms] [LOG] %c cj接收 => unReadCount  background:#41b883; color:#fff {sender: Object, message: Object} @ https://frontend-cf.cjdropshipping.com/chat/static/js/17.826b6a00.chunk.js:0
[20869830ms] [LOG] notification disconnect ---> transport close @ https://frontend-cf.cjdropshipping.com/chat/static/js/17.826b6a00.chunk.js:0
[20931951ms] [LOG] %c cj接收 => unReadCount  background:#41b883; color:#fff {sender: Object, message: Object} @ https://frontend-cf.cjdropshipping.com/chat/static/js/17.826b6a00.chunk.js:0
[20991898ms] [LOG] notification disconnect ---> transport close @ https://frontend-cf.cjdropshipping.com/chat/static/js/17.826b6a00.chunk.js:0
[21054023ms] [LOG] %c cj接收 => unReadCount  background:#41b883; color:#fff {sender: Object, message: Object} @ https://frontend-cf.cjdropshipping.com/chat/static/js/17.826b6a00.chunk.js:0
[21114059ms] [LOG] notification disconnect ---> transport close @ https://frontend-cf.cjdropshipping.com/chat/static/js/17.826b6a00.chunk.js:0
[21229119ms] [LOG] %c cj接收 => unReadCount  background:#41b883; color:#fff {sender: Object, message: Object} @ https://frontend-cf.cjdropshipping.com/chat/static/js/17.826b6a00.chunk.js:0
[21289079ms] [LOG] notification disconnect ---> transport close @ https://frontend-cf.cjdropshipping.com/chat/static/js/17.826b6a00.chunk.js:0
[21352276ms] [LOG] %c cj接收 => unReadCount  background:#41b883; color:#fff {sender: Object, message: Object} @ https://frontend-cf.cjdropshipping.com/chat/static/js/17.826b6a00.chunk.js:0
[21412237ms] [LOG] notification disconnect ---> transport close @ https://frontend-cf.cjdropshipping.com/chat/static/js/17.826b6a00.chunk.js:0
[21474311ms] [LOG] %c cj接收 => unReadCount  background:#41b883; color:#fff {sender: Object, message: Object} @ https://frontend-cf.cjdropshipping.com/chat/static/js/17.826b6a00.chunk.js:0
[21534316ms] [LOG] notification disconnect ---> transport close @ https://frontend-cf.cjdropshipping.com/chat/static/js/17.826b6a00.chunk.js:0
[21596417ms] [LOG] %c cj接收 => unReadCount  background:#41b883; color:#fff {sender: Object, message: Object} @ https://frontend-cf.cjdropshipping.com/chat/static/js/17.826b6a00.chunk.js:0
[21656354ms] [LOG] notification disconnect ---> transport close @ https://frontend-cf.cjdropshipping.com/chat/static/js/17.826b6a00.chunk.js:0
[21716185ms] [LOG] %c cj接收 => unReadCount  background:#41b883; color:#fff {sender: Object, message: Object} @ https://frontend-cf.cjdropshipping.com/chat/static/js/17.826b6a00.chunk.js:0
[21776191ms] [LOG] notification disconnect ---> transport close @ https://frontend-cf.cjdropshipping.com/chat/static/js/17.826b6a00.chunk.js:0
[21834001ms] [LOG] %c cj接收 => unReadCount  background:#41b883; color:#fff {sender: Object, message: Object} @ https://frontend-cf.cjdropshipping.com/chat/static/js/17.826b6a00.chunk.js:0
[21893957ms] [LOG] notification disconnect ---> transport close @ https://frontend-cf.cjdropshipping.com/chat/static/js/17.826b6a00.chunk.js:0
[21957323ms] [LOG] %c cj接收 => unReadCount  background:#41b883; color:#fff {sender: Object, message: Object} @ https://frontend-cf.cjdropshipping.com/chat/static/js/17.826b6a00.chunk.js:0
[22017243ms] [LOG] notification disconnect ---> transport close @ https://frontend-cf.cjdropshipping.com/chat/static/js/17.826b6a00.chunk.js:0
[22080420ms] [LOG] %c cj接收 => unReadCount  background:#41b883; color:#fff {sender: Object, message: Object} @ https://frontend-cf.cjdropshipping.com/chat/static/js/17.826b6a00.chunk.js:0
[22140371ms] [LOG] notification disconnect ---> transport close @ https://frontend-cf.cjdropshipping.com/chat/static/js/17.826b6a00.chunk.js:0
[22256113ms] [LOG] %c cj接收 => unReadCount  background:#41b883; color:#fff {sender: Object, message: Object} @ https://frontend-cf.cjdropshipping.com/chat/static/js/17.826b6a00.chunk.js:0
[22316773ms] [LOG] notification disconnect ---> transport close @ https://frontend-cf.cjdropshipping.com/chat/static/js/17.826b6a00.chunk.js:0
[22377068ms] [LOG] %c cj接收 => unReadCount  background:#41b883; color:#fff {sender: Object, message: Object} @ https://frontend-cf.cjdropshipping.com/chat/static/js/17.826b6a00.chunk.js:0
[22437808ms] [LOG] notification disconnect ---> transport close @ https://frontend-cf.cjdropshipping.com/chat/static/js/17.826b6a00.chunk.js:0
[22500007ms] [LOG] %c cj接收 => unReadCount  background:#41b883; color:#fff {sender: Object, message: Object} @ https://frontend-cf.cjdropshipping.com/chat/static/js/17.826b6a00.chunk.js:0
[22559943ms] [LOG] notification disconnect ---> transport close @ https://frontend-cf.cjdropshipping.com/chat/static/js/17.826b6a00.chunk.js:0
[22622025ms] [LOG] %c cj接收 => unReadCount  background:#41b883; color:#fff {sender: Object, message: Object} @ https://frontend-cf.cjdropshipping.com/chat/static/js/17.826b6a00.chunk.js:0
[22682030ms] [LOG] notification disconnect ---> transport close @ https://frontend-cf.cjdropshipping.com/chat/static/js/17.826b6a00.chunk.js:0
[22743119ms] [LOG] %c cj接收 => unReadCount  background:#41b883; color:#fff {sender: Object, message: Object} @ https://frontend-cf.cjdropshipping.com/chat/static/js/17.826b6a00.chunk.js:0
[22803086ms] [LOG] notification disconnect ---> transport close @ https://frontend-cf.cjdropshipping.com/chat/static/js/17.826b6a00.chunk.js:0
[22865199ms] [LOG] %c cj接收 => unReadCount  background:#41b883; color:#fff {sender: Object, message: Object} @ https://frontend-cf.cjdropshipping.com/chat/static/js/17.826b6a00.chunk.js:0
[22925164ms] [LOG] notification disconnect ---> transport close @ https://frontend-cf.cjdropshipping.com/chat/static/js/17.826b6a00.chunk.js:0
[22986174ms] [LOG] %c cj接收 => unReadCount  background:#41b883; color:#fff {sender: Object, message: Object} @ https://frontend-cf.cjdropshipping.com/chat/static/js/17.826b6a00.chunk.js:0
[23046132ms] [LOG] notification disconnect ---> transport close @ https://frontend-cf.cjdropshipping.com/chat/static/js/17.826b6a00.chunk.js:0
[23105868ms] [LOG] %c cj接收 => unReadCount  background:#41b883; color:#fff {sender: Object, message: Object} @ https://frontend-cf.cjdropshipping.com/chat/static/js/17.826b6a00.chunk.js:0
[23165847ms] [LOG] notification disconnect ---> transport close @ https://frontend-cf.cjdropshipping.com/chat/static/js/17.826b6a00.chunk.js:0
[23228967ms] [LOG] %c cj接收 => unReadCount  background:#41b883; color:#fff {sender: Object, message: Object} @ https://frontend-cf.cjdropshipping.com/chat/static/js/17.826b6a00.chunk.js:0
[23288965ms] [LOG] notification disconnect ---> transport close @ https://frontend-cf.cjdropshipping.com/chat/static/js/17.826b6a00.chunk.js:0
[23352083ms] [LOG] %c cj接收 => unReadCount  background:#41b883; color:#fff {sender: Object, message: Object} @ https://frontend-cf.cjdropshipping.com/chat/static/js/17.826b6a00.chunk.js:0
[23412048ms] [LOG] notification disconnect ---> transport close @ https://frontend-cf.cjdropshipping.com/chat/static/js/17.826b6a00.chunk.js:0
[23527130ms] [LOG] %c cj接收 => unReadCount  background:#41b883; color:#fff {sender: Object, message: Object} @ https://frontend-cf.cjdropshipping.com/chat/static/js/17.826b6a00.chunk.js:0
[23587074ms] [LOG] notification disconnect ---> transport close @ https://frontend-cf.cjdropshipping.com/chat/static/js/17.826b6a00.chunk.js:0
[23646858ms] [ERROR] WebSocket connection to 'wss://chat-socket-home.cjdropshipping.com/socket.io/?loginName=google8581784197065838-home&userType=1&equipment=1&userSystem=278284493&from=home&EIO=3&transport=websocket' failed: Error in connection establishment: net::ERR_NAME_NOT_RESOLVED @ https://frontend-cf.cjdropshipping.com/chat/static/js/17.826b6a00.chunk.js:0
[23709898ms] [LOG] %c cj接收 => unReadCount  background:#41b883; color:#fff {sender: Object, message: Object} @ https://frontend-cf.cjdropshipping.com/chat/static/js/17.826b6a00.chunk.js:0
[23769856ms] [LOG] notification disconnect ---> transport close @ https://frontend-cf.cjdropshipping.com/chat/static/js/17.826b6a00.chunk.js:0
[23833132ms] [LOG] %c cj接收 => unReadCount  background:#41b883; color:#fff {sender: Object, message: Object} @ https://frontend-cf.cjdropshipping.com/chat/static/js/17.826b6a00.chunk.js:0
[23893088ms] [LOG] notification disconnect ---> transport close @ https://frontend-cf.cjdropshipping.com/chat/static/js/17.826b6a00.chunk.js:0
[23953943ms] [LOG] %c cj接收 => unReadCount  background:#41b883; color:#fff {sender: Object, message: Object} @ https://frontend-cf.cjdropshipping.com/chat/static/js/17.826b6a00.chunk.js:0
[24013836ms] [LOG] notification disconnect ---> transport close @ https://frontend-cf.cjdropshipping.com/chat/static/js/17.826b6a00.chunk.js:0
[24075977ms] [LOG] %c cj接收 => unReadCount  background:#41b883; color:#fff {sender: Object, message: Object} @ https://frontend-cf.cjdropshipping.com/chat/static/js/17.826b6a00.chunk.js:0
[24135940ms] [LOG] notification disconnect ---> transport close @ https://frontend-cf.cjdropshipping.com/chat/static/js/17.826b6a00.chunk.js:0
[24198011ms] [LOG] %c cj接收 => unReadCount  background:#41b883; color:#fff {sender: Object, message: Object} @ https://frontend-cf.cjdropshipping.com/chat/static/js/17.826b6a00.chunk.js:0
[24258059ms] [LOG] notification disconnect ---> transport close @ https://frontend-cf.cjdropshipping.com/chat/static/js/17.826b6a00.chunk.js:0
[24373053ms] [ERROR] WebSocket connection to 'wss://chat-socket-home.cjdropshipping.com/socket.io/?loginName=google8581784197065838-home&userType=1&equipment=1&userSystem=278284493&from=home&EIO=3&transport=websocket' failed: Error in connection establishment: net::ERR_NAME_NOT_RESOLVED @ https://frontend-cf.cjdropshipping.com/chat/static/js/17.826b6a00.chunk.js:0
[24435218ms] [LOG] %c cj接收 => unReadCount  background:#41b883; color:#fff {sender: Object, message: Object} @ https://frontend-cf.cjdropshipping.com/chat/static/js/17.826b6a00.chunk.js:0
[24495189ms] [LOG] notification disconnect ---> transport close @ https://frontend-cf.cjdropshipping.com/chat/static/js/17.826b6a00.chunk.js:0
[24557285ms] [LOG] %c cj接收 => unReadCount  background:#41b883; color:#fff {sender: Object, message: Object} @ https://frontend-cf.cjdropshipping.com/chat/static/js/17.826b6a00.chunk.js:0
[24617234ms] [LOG] notification disconnect ---> transport close @ https://frontend-cf.cjdropshipping.com/chat/static/js/17.826b6a00.chunk.js:0
[24675196ms] [LOG] %c cj接收 => unReadCount  background:#41b883; color:#fff {sender: Object, message: Object} @ https://frontend-cf.cjdropshipping.com/chat/static/js/17.826b6a00.chunk.js:0
[24735767ms] [LOG] notification disconnect ---> transport close @ https://frontend-cf.cjdropshipping.com/chat/static/js/17.826b6a00.chunk.js:0
[24742574ms] [LOG] %c cj接收 => unReadCount  background:#41b883; color:#fff {sender: Object, message: Object} @ https://frontend-cf.cjdropshipping.com/chat/static/js/17.826b6a00.chunk.js:0
[24802633ms] [LOG] notification disconnect ---> transport close @ https://frontend-cf.cjdropshipping.com/chat/static/js/17.826b6a00.chunk.js:0
[24917713ms] [LOG] %c cj接收 => unReadCount  background:#41b883; color:#fff {sender: Object, message: Object} @ https://frontend-cf.cjdropshipping.com/chat/static/js/17.826b6a00.chunk.js:0
[24977739ms] [LOG] notification disconnect ---> transport close @ https://frontend-cf.cjdropshipping.com/chat/static/js/17.826b6a00.chunk.js:0
[25039430ms] [LOG] %c cj接收 => unReadCount  background:#41b883; color:#fff {sender: Object, message: Object} @ https://frontend-cf.cjdropshipping.com/chat/static/js/17.826b6a00.chunk.js:0
[25099391ms] [LOG] notification disconnect ---> transport close @ https://frontend-cf.cjdropshipping.com/chat/static/js/17.826b6a00.chunk.js:0
[25220894ms] [WARNING] WebSocket connection to 'wss://chat-socket-home.cjdropshipping.com/socket.io/?loginName=google8581784197065838-home&userType=1&equipment=1&userSystem=278284493&from=home&EIO=3&transport=websocket' failed: WebSocket is closed before the connection is established. @ https://frontend-cf.cjdropshipping.com/chat/static/js/17.826b6a00.chunk.js:0
[25282985ms] [LOG] %c cj接收 => unReadCount  background:#41b883; color:#fff {sender: Object, message: Object} @ https://frontend-cf.cjdropshipping.com/chat/static/js/17.826b6a00.chunk.js:0
[25707453ms] [LOG] notification disconnect ---> transport close @ https://frontend-cf.cjdropshipping.com/chat/static/js/17.826b6a00.chunk.js:0
[25766109ms] [ERROR] WebSocket connection to 'wss://chat-socket-home.cjdropshipping.com/socket.io/?loginName=google8581784197065838-home&userType=1&equipment=1&userSystem=278284493&from=home&EIO=3&transport=websocket' failed: Error in connection establishment: net::ERR_INTERNET_DISCONNECTED @ https://frontend-cf.cjdropshipping.com/chat/static/js/17.826b6a00.chunk.js:0
[25828115ms] [ERROR] WebSocket connection to 'wss://chat-socket-home.cjdropshipping.com/socket.io/?loginName=google8581784197065838-home&userType=1&equipment=1&userSystem=278284493&from=home&EIO=3&transport=websocket' failed: Error in connection establishment: net::ERR_INTERNET_DISCONNECTED @ https://frontend-cf.cjdropshipping.com/chat/static/js/17.826b6a00.chunk.js:0
[25891135ms] [ERROR] WebSocket connection to 'wss://chat-socket-home.cjdropshipping.com/socket.io/?loginName=google8581784197065838-home&userType=1&equipment=1&userSystem=278284493&from=home&EIO=3&transport=websocket' failed: Error in connection establishment: net::ERR_INTERNET_DISCONNECTED @ https://frontend-cf.cjdropshipping.com/chat/static/js/17.826b6a00.chunk.js:0
[25953148ms] [ERROR] WebSocket connection to 'wss://chat-socket-home.cjdropshipping.com/socket.io/?loginName=google8581784197065838-home&userType=1&equipment=1&userSystem=278284493&from=home&EIO=3&transport=websocket' failed: Error in connection establishment: net::ERR_INTERNET_DISCONNECTED @ https://frontend-cf.cjdropshipping.com/chat/static/js/17.826b6a00.chunk.js:0
[26068144ms] [ERROR] WebSocket connection to 'wss://chat-socket-home.cjdropshipping.com/socket.io/?loginName=google8581784197065838-home&userType=1&equipment=1&userSystem=278284493&from=home&EIO=3&transport=websocket' failed: Error in connection establishment: net::ERR_INTERNET_DISCONNECTED @ https://frontend-cf.cjdropshipping.com/chat/static/js/17.826b6a00.chunk.js:0
[26131169ms] [ERROR] WebSocket connection to 'wss://chat-socket-home.cjdropshipping.com/socket.io/?loginName=google8581784197065838-home&userType=1&equipment=1&userSystem=278284493&from=home&EIO=3&transport=websocket' failed: Error in connection establishment: net::ERR_INTERNET_DISCONNECTED @ https://frontend-cf.cjdropshipping.com/chat/static/js/17.826b6a00.chunk.js:0
[26193185ms] [ERROR] WebSocket connection to 'wss://chat-socket-home.cjdropshipping.com/socket.io/?loginName=google8581784197065838-home&userType=1&equipment=1&userSystem=278284493&from=home&EIO=3&transport=websocket' failed: Error in connection establishment: net::ERR_INTERNET_DISCONNECTED @ https://frontend-cf.cjdropshipping.com/chat/static/js/17.826b6a00.chunk.js:0
[26256199ms] [ERROR] WebSocket connection to 'wss://chat-socket-home.cjdropshipping.com/socket.io/?loginName=google8581784197065838-home&userType=1&equipment=1&userSystem=278284493&from=home&EIO=3&transport=websocket' failed: Error in connection establishment: net::ERR_INTERNET_DISCONNECTED @ https://frontend-cf.cjdropshipping.com/chat/static/js/17.826b6a00.chunk.js:0
[26370236ms] [ERROR] WebSocket connection to 'wss://chat-socket-home.cjdropshipping.com/socket.io/?loginName=google8581784197065838-home&userType=1&equipment=1&userSystem=278284493&from=home&EIO=3&transport=websocket' failed: Error in connection establishment: net::ERR_INTERNET_DISCONNECTED @ https://frontend-cf.cjdropshipping.com/chat/static/js/17.826b6a00.chunk.js:0
[26433253ms] [ERROR] WebSocket connection to 'wss://chat-socket-home.cjdropshipping.com/socket.io/?loginName=google8581784197065838-home&userType=1&equipment=1&userSystem=278284493&from=home&EIO=3&transport=websocket' failed: Error in connection establishment: net::ERR_INTERNET_DISCONNECTED @ https://frontend-cf.cjdropshipping.com/chat/static/js/17.826b6a00.chunk.js:0
[26495231ms] [ERROR] WebSocket connection to 'wss://chat-socket-home.cjdropshipping.com/socket.io/?loginName=google8581784197065838-home&userType=1&equipment=1&userSystem=278284493&from=home&EIO=3&transport=websocket' failed: Error in connection establishment: net::ERR_INTERNET_DISCONNECTED @ https://frontend-cf.cjdropshipping.com/chat/static/js/17.826b6a00.chunk.js:0
[26558230ms] [ERROR] WebSocket connection to 'wss://chat-socket-home.cjdropshipping.com/socket.io/?loginName=google8581784197065838-home&userType=1&equipment=1&userSystem=278284493&from=home&EIO=3&transport=websocket' failed: Error in connection establishment: net::ERR_INTERNET_DISCONNECTED @ https://frontend-cf.cjdropshipping.com/chat/static/js/17.826b6a00.chunk.js:0
[26673215ms] [ERROR] WebSocket connection to 'wss://chat-socket-home.cjdropshipping.com/socket.io/?loginName=google8581784197065838-home&userType=1&equipment=1&userSystem=278284493&from=home&EIO=3&transport=websocket' failed: Error in connection establishment: net::ERR_INTERNET_DISCONNECTED @ https://frontend-cf.cjdropshipping.com/chat/static/js/17.826b6a00.chunk.js:0
[26683227ms] [ERROR] WebSocket connection to 'wss://chat-socket-home.cjdropshipping.com/socket.io/?loginName=google8581784197065838-home&userType=1&equipment=1&userSystem=278284493&from=home&EIO=3&transport=websocket' failed: Error in connection establishment: net::ERR_INTERNET_DISCONNECTED @ https://frontend-cf.cjdropshipping.com/chat/static/js/17.826b6a00.chunk.js:0
[26793523ms] [ERROR] WebSocket connection to 'wss://chat-socket-home.cjdropshipping.com/socket.io/?loginName=google8581784197065838-home&userType=1&equipment=1&userSystem=278284493&from=home&EIO=3&transport=websocket' failed: Error in connection establishment: net::ERR_INTERNET_DISCONNECTED @ https://frontend-cf.cjdropshipping.com/chat/static/js/17.826b6a00.chunk.js:0
[26855527ms] [ERROR] WebSocket connection to 'wss://chat-socket-home.cjdropshipping.com/socket.io/?loginName=google8581784197065838-home&userType=1&equipment=1&userSystem=278284493&from=home&EIO=3&transport=websocket' failed: Error in connection establishment: net::ERR_INTERNET_DISCONNECTED @ https://frontend-cf.cjdropshipping.com/chat/static/js/17.826b6a00.chunk.js:0
[26918561ms] [ERROR] WebSocket connection to 'wss://chat-socket-home.cjdropshipping.com/socket.io/?loginName=google8581784197065838-home&userType=1&equipment=1&userSystem=278284493&from=home&EIO=3&transport=websocket' failed: Error in connection establishment: net::ERR_INTERNET_DISCONNECTED @ https://frontend-cf.cjdropshipping.com/chat/static/js/17.826b6a00.chunk.js:0
[26980638ms] [ERROR] WebSocket connection to 'wss://chat-socket-home.cjdropshipping.com/socket.io/?loginName=google8581784197065838-home&userType=1&equipment=1&userSystem=278284493&from=home&EIO=3&transport=websocket' failed: Error in connection establishment: net::ERR_INTERNET_DISCONNECTED @ https://frontend-cf.cjdropshipping.com/chat/static/js/17.826b6a00.chunk.js:0
[27095778ms] [ERROR] WebSocket connection to 'wss://chat-socket-home.cjdropshipping.com/socket.io/?loginName=google8581784197065838-home&userType=1&equipment=1&userSystem=278284493&from=home&EIO=3&transport=websocket' failed: Error in connection establishment: net::ERR_INTERNET_DISCONNECTED @ https://frontend-cf.cjdropshipping.com/chat/static/js/17.826b6a00.chunk.js:0
[27159005ms] [ERROR] WebSocket connection to 'wss://chat-socket-home.cjdropshipping.com/socket.io/?loginName=google8581784197065838-home&userType=1&equipment=1&userSystem=278284493&from=home&EIO=3&transport=websocket' failed: Error in connection establishment: net::ERR_INTERNET_DISCONNECTED @ https://frontend-cf.cjdropshipping.com/chat/static/js/17.826b6a00.chunk.js:0
[27220996ms] [ERROR] WebSocket connection to 'wss://chat-socket-home.cjdropshipping.com/socket.io/?loginName=google8581784197065838-home&userType=1&equipment=1&userSystem=278284493&from=home&EIO=3&transport=websocket' failed: Error in connection establishment: net::ERR_INTERNET_DISCONNECTED @ https://frontend-cf.cjdropshipping.com/chat/static/js/17.826b6a00.chunk.js:0
[27283972ms] [ERROR] WebSocket connection to 'wss://chat-socket-home.cjdropshipping.com/socket.io/?loginName=google8581784197065838-home&userType=1&equipment=1&userSystem=278284493&from=home&EIO=3&transport=websocket' failed: Error in connection establishment: net::ERR_INTERNET_DISCONNECTED @ https://frontend-cf.cjdropshipping.com/chat/static/js/17.826b6a00.chunk.js:0
[27398942ms] [ERROR] WebSocket connection to 'wss://chat-socket-home.cjdropshipping.com/socket.io/?loginName=google8581784197065838-home&userType=1&equipment=1&userSystem=278284493&from=home&EIO=3&transport=websocket' failed: Error in connection establishment: net::ERR_INTERNET_DISCONNECTED @ https://frontend-cf.cjdropshipping.com/chat/static/js/17.826b6a00.chunk.js:0
[27460936ms] [ERROR] WebSocket connection to 'wss://chat-socket-home.cjdropshipping.com/socket.io/?loginName=google8581784197065838-home&userType=1&equipment=1&userSystem=278284493&from=home&EIO=3&transport=websocket' failed: Error in connection establishment: net::ERR_INTERNET_DISCONNECTED @ https://frontend-cf.cjdropshipping.com/chat/static/js/17.826b6a00.chunk.js:0
[27523949ms] [ERROR] WebSocket connection to 'wss://chat-socket-home.cjdropshipping.com/socket.io/?loginName=google8581784197065838-home&userType=1&equipment=1&userSystem=278284493&from=home&EIO=3&transport=websocket' failed: Error in connection establishment: net::ERR_INTERNET_DISCONNECTED @ https://frontend-cf.cjdropshipping.com/chat/static/js/17.826b6a00.chunk.js:0
[27585959ms] [ERROR] WebSocket connection to 'wss://chat-socket-home.cjdropshipping.com/socket.io/?loginName=google8581784197065838-home&userType=1&equipment=1&userSystem=278284493&from=home&EIO=3&transport=websocket' failed: Error in connection establishment: net::ERR_INTERNET_DISCONNECTED @ https://frontend-cf.cjdropshipping.com/chat/static/js/17.826b6a00.chunk.js:0
[27700900ms] [ERROR] WebSocket connection to 'wss://chat-socket-home.cjdropshipping.com/socket.io/?loginName=google8581784197065838-home&userType=1&equipment=1&userSystem=278284493&from=home&EIO=3&transport=websocket' failed: Error in connection establishment: net::ERR_INTERNET_DISCONNECTED @ https://frontend-cf.cjdropshipping.com/chat/static/js/17.826b6a00.chunk.js:0
[27763887ms] [ERROR] WebSocket connection to 'wss://chat-socket-home.cjdropshipping.com/socket.io/?loginName=google8581784197065838-home&userType=1&equipment=1&userSystem=278284493&from=home&EIO=3&transport=websocket' failed: Error in connection establishment: net::ERR_INTERNET_DISCONNECTED @ https://frontend-cf.cjdropshipping.com/chat/static/js/17.826b6a00.chunk.js:0
[27825944ms] [ERROR] WebSocket connection to 'wss://chat-socket-home.cjdropshipping.com/socket.io/?loginName=google8581784197065838-home&userType=1&equipment=1&userSystem=278284493&from=home&EIO=3&transport=websocket' failed: Error in connection establishment: net::ERR_INTERNET_DISCONNECTED @ https://frontend-cf.cjdropshipping.com/chat/static/js/17.826b6a00.chunk.js:0
[27888989ms] [ERROR] WebSocket connection to 'wss://chat-socket-home.cjdropshipping.com/socket.io/?loginName=google8581784197065838-home&userType=1&equipment=1&userSystem=278284493&from=home&EIO=3&transport=websocket' failed: Error in connection establishment: net::ERR_INTERNET_DISCONNECTED @ https://frontend-cf.cjdropshipping.com/chat/static/js/17.826b6a00.chunk.js:0
[28004046ms] [ERROR] WebSocket connection to 'wss://chat-socket-home.cjdropshipping.com/socket.io/?loginName=google8581784197065838-home&userType=1&equipment=1&userSystem=278284493&from=home&EIO=3&transport=websocket' failed: Error in connection establishment: net::ERR_INTERNET_DISCONNECTED @ https://frontend-cf.cjdropshipping.com/chat/static/js/17.826b6a00.chunk.js:0
[28066100ms] [ERROR] WebSocket connection to 'wss://chat-socket-home.cjdropshipping.com/socket.io/?loginName=google8581784197065838-home&userType=1&equipment=1&userSystem=278284493&from=home&EIO=3&transport=websocket' failed: Error in connection establishment: net::ERR_INTERNET_DISCONNECTED @ https://frontend-cf.cjdropshipping.com/chat/static/js/17.826b6a00.chunk.js:0
[28129130ms] [ERROR] WebSocket connection to 'wss://chat-socket-home.cjdropshipping.com/socket.io/?loginName=google8581784197065838-home&userType=1&equipment=1&userSystem=278284493&from=home&EIO=3&transport=websocket' failed: Error in connection establishment: net::ERR_INTERNET_DISCONNECTED @ https://frontend-cf.cjdropshipping.com/chat/static/js/17.826b6a00.chunk.js:0
[28191140ms] [ERROR] WebSocket connection to 'wss://chat-socket-home.cjdropshipping.com/socket.io/?loginName=google8581784197065838-home&userType=1&equipment=1&userSystem=278284493&from=home&EIO=3&transport=websocket' failed: Error in connection establishment: net::ERR_INTERNET_DISCONNECTED @ https://frontend-cf.cjdropshipping.com/chat/static/js/17.826b6a00.chunk.js:0
[28306154ms] [ERROR] WebSocket connection to 'wss://chat-socket-home.cjdropshipping.com/socket.io/?loginName=google8581784197065838-home&userType=1&equipment=1&userSystem=278284493&from=home&EIO=3&transport=websocket' failed: Error in connection establishment: net::ERR_INTERNET_DISCONNECTED @ https://frontend-cf.cjdropshipping.com/chat/static/js/17.826b6a00.chunk.js:0
[28369167ms] [ERROR] WebSocket connection to 'wss://chat-socket-home.cjdropshipping.com/socket.io/?loginName=google8581784197065838-home&userType=1&equipment=1&userSystem=278284493&from=home&EIO=3&transport=websocket' failed: Error in connection establishment: net::ERR_INTERNET_DISCONNECTED @ https://frontend-cf.cjdropshipping.com/chat/static/js/17.826b6a00.chunk.js:0
[28431143ms] [ERROR] WebSocket connection to 'wss://chat-socket-home.cjdropshipping.com/socket.io/?loginName=google8581784197065838-home&userType=1&equipment=1&userSystem=278284493&from=home&EIO=3&transport=websocket' failed: Error in connection establishment: net::ERR_INTERNET_DISCONNECTED @ https://frontend-cf.cjdropshipping.com/chat/static/js/17.826b6a00.chunk.js:0
[28494127ms] [ERROR] WebSocket connection to 'wss://chat-socket-home.cjdropshipping.com/socket.io/?loginName=google8581784197065838-home&userType=1&equipment=1&userSystem=278284493&from=home&EIO=3&transport=websocket' failed: Error in connection establishment: net::ERR_INTERNET_DISCONNECTED @ https://frontend-cf.cjdropshipping.com/chat/static/js/17.826b6a00.chunk.js:0
[28609165ms] [ERROR] WebSocket connection to 'wss://chat-socket-home.cjdropshipping.com/socket.io/?loginName=google8581784197065838-home&userType=1&equipment=1&userSystem=278284493&from=home&EIO=3&transport=websocket' failed: Error in connection establishment: net::ERR_INTERNET_DISCONNECTED @ https://frontend-cf.cjdropshipping.com/chat/static/js/17.826b6a00.chunk.js:0
[28671207ms] [ERROR] WebSocket connection to 'wss://chat-socket-home.cjdropshipping.com/socket.io/?loginName=google8581784197065838-home&userType=1&equipment=1&userSystem=278284493&from=home&EIO=3&transport=websocket' failed: Error in connection establishment: net::ERR_INTERNET_DISCONNECTED @ https://frontend-cf.cjdropshipping.com/chat/static/js/17.826b6a00.chunk.js:0
[28734269ms] [ERROR] WebSocket connection to 'wss://chat-socket-home.cjdropshipping.com/socket.io/?loginName=google8581784197065838-home&userType=1&equipment=1&userSystem=278284493&from=home&EIO=3&transport=websocket' failed: Error in connection establishment: net::ERR_INTERNET_DISCONNECTED @ https://frontend-cf.cjdropshipping.com/chat/static/js/17.826b6a00.chunk.js:0
[28849445ms] [ERROR] WebSocket connection to 'wss://chat-socket-home.cjdropshipping.com/socket.io/?loginName=google8581784197065838-home&userType=1&equipment=1&userSystem=278284493&from=home&EIO=3&transport=websocket' failed: Error in connection establishment: net::ERR_INTERNET_DISCONNECTED @ https://frontend-cf.cjdropshipping.com/chat/static/js/17.826b6a00.chunk.js:0
[28911506ms] [ERROR] WebSocket connection to 'wss://chat-socket-home.cjdropshipping.com/socket.io/?loginName=google8581784197065838-home&userType=1&equipment=1&userSystem=278284493&from=home&EIO=3&transport=websocket' failed: Error in connection establishment: net::ERR_INTERNET_DISCONNECTED @ https://frontend-cf.cjdropshipping.com/chat/static/js/17.826b6a00.chunk.js:0
[28974673ms] [ERROR] WebSocket connection to 'wss://chat-socket-home.cjdropshipping.com/socket.io/?loginName=google8581784197065838-home&userType=1&equipment=1&userSystem=278284493&from=home&EIO=3&transport=websocket' failed: Error in connection establishment: net::ERR_INTERNET_DISCONNECTED @ https://frontend-cf.cjdropshipping.com/chat/static/js/17.826b6a00.chunk.js:0
[29036685ms] [ERROR] WebSocket connection to 'wss://chat-socket-home.cjdropshipping.com/socket.io/?loginName=google8581784197065838-home&userType=1&equipment=1&userSystem=278284493&from=home&EIO=3&transport=websocket' failed: Error in connection establishment: net::ERR_INTERNET_DISCONNECTED @ https://frontend-cf.cjdropshipping.com/chat/static/js/17.826b6a00.chunk.js:0
[29151698ms] [ERROR] WebSocket connection to 'wss://chat-socket-home.cjdropshipping.com/socket.io/?loginName=google8581784197065838-home&userType=1&equipment=1&userSystem=278284493&from=home&EIO=3&transport=websocket' failed: Error in connection establishment: net::ERR_INTERNET_DISCONNECTED @ https://frontend-cf.cjdropshipping.com/chat/static/js/17.826b6a00.chunk.js:0
[29214702ms] [ERROR] WebSocket connection to 'wss://chat-socket-home.cjdropshipping.com/socket.io/?loginName=google8581784197065838-home&userType=1&equipment=1&userSystem=278284493&from=home&EIO=3&transport=websocket' failed: Error in connection establishment: net::ERR_INTERNET_DISCONNECTED @ https://frontend-cf.cjdropshipping.com/chat/static/js/17.826b6a00.chunk.js:0
[29276713ms] [ERROR] WebSocket connection to 'wss://chat-socket-home.cjdropshipping.com/socket.io/?loginName=google8581784197065838-home&userType=1&equipment=1&userSystem=278284493&from=home&EIO=3&transport=websocket' failed: Error in connection establishment: net::ERR_INTERNET_DISCONNECTED @ https://frontend-cf.cjdropshipping.com/chat/static/js/17.826b6a00.chunk.js:0
[29338699ms] [ERROR] WebSocket connection to 'wss://chat-socket-home.cjdropshipping.com/socket.io/?loginName=google8581784197065838-home&userType=1&equipment=1&userSystem=278284493&from=home&EIO=3&transport=websocket' failed: Error in connection establishment: net::ERR_INTERNET_DISCONNECTED @ https://frontend-cf.cjdropshipping.com/chat/static/js/17.826b6a00.chunk.js:0
[29453722ms] [ERROR] WebSocket connection to 'wss://chat-socket-home.cjdropshipping.com/socket.io/?loginName=google8581784197065838-home&userType=1&equipment=1&userSystem=278284493&from=home&EIO=3&transport=websocket' failed: Error in connection establishment: net::ERR_INTERNET_DISCONNECTED @ https://frontend-cf.cjdropshipping.com/chat/static/js/17.826b6a00.chunk.js:0
[29516735ms] [ERROR] WebSocket connection to 'wss://chat-socket-home.cjdropshipping.com/socket.io/?loginName=google8581784197065838-home&userType=1&equipment=1&userSystem=278284493&from=home&EIO=3&transport=websocket' failed: Error in connection establishment: net::ERR_INTERNET_DISCONNECTED @ https://frontend-cf.cjdropshipping.com/chat/static/js/17.826b6a00.chunk.js:0
[29578755ms] [ERROR] WebSocket connection to 'wss://chat-socket-home.cjdropshipping.com/socket.io/?loginName=google8581784197065838-home&userType=1&equipment=1&userSystem=278284493&from=home&EIO=3&transport=websocket' failed: Error in connection establishment: net::ERR_INTERNET_DISCONNECTED @ https://frontend-cf.cjdropshipping.com/chat/static/js/17.826b6a00.chunk.js:0
[29641014ms] [ERROR] WebSocket connection to 'wss://chat-socket-home.cjdropshipping.com/socket.io/?loginName=google8581784197065838-home&userType=1&equipment=1&userSystem=278284493&from=home&EIO=3&transport=websocket' failed: Error in connection establishment: net::ERR_INTERNET_DISCONNECTED @ https://frontend-cf.cjdropshipping.com/chat/static/js/17.826b6a00.chunk.js:0
[29758856ms] [ERROR] WebSocket connection to 'wss://chat-socket-home.cjdropshipping.com/socket.io/?loginName=google8581784197065838-home&userType=1&equipment=1&userSystem=278284493&from=home&EIO=3&transport=websocket' failed: Error in connection establishment: net::ERR_INTERNET_DISCONNECTED @ https://frontend-cf.cjdropshipping.com/chat/static/js/17.826b6a00.chunk.js:0
[29821967ms] [ERROR] WebSocket connection to 'wss://chat-socket-home.cjdropshipping.com/socket.io/?loginName=google8581784197065838-home&userType=1&equipment=1&userSystem=278284493&from=home&EIO=3&transport=websocket' failed: Error in connection establishment: net::ERR_INTERNET_DISCONNECTED @ https://frontend-cf.cjdropshipping.com/chat/static/js/17.826b6a00.chunk.js:0
[29884223ms] [ERROR] WebSocket connection to 'wss://chat-socket-home.cjdropshipping.com/socket.io/?loginName=google8581784197065838-home&userType=1&equipment=1&userSystem=278284493&from=home&EIO=3&transport=websocket' failed: Error in connection establishment: net::ERR_INTERNET_DISCONNECTED @ https://frontend-cf.cjdropshipping.com/chat/static/js/17.826b6a00.chunk.js:0
[29947242ms] [ERROR] WebSocket connection to 'wss://chat-socket-home.cjdropshipping.com/socket.io/?loginName=google8581784197065838-home&userType=1&equipment=1&userSystem=278284493&from=home&EIO=3&transport=websocket' failed: Error in connection establishment: net::ERR_INTERNET_DISCONNECTED @ https://frontend-cf.cjdropshipping.com/chat/static/js/17.826b6a00.chunk.js:0
[30062208ms] [ERROR] WebSocket connection to 'wss://chat-socket-home.cjdropshipping.com/socket.io/?loginName=google8581784197065838-home&userType=1&equipment=1&userSystem=278284493&from=home&EIO=3&transport=websocket' failed: Error in connection establishment: net::ERR_INTERNET_DISCONNECTED @ https://frontend-cf.cjdropshipping.com/chat/static/js/17.826b6a00.chunk.js:0
[30124234ms] [ERROR] WebSocket connection to 'wss://chat-socket-home.cjdropshipping.com/socket.io/?loginName=google8581784197065838-home&userType=1&equipment=1&userSystem=278284493&from=home&EIO=3&transport=websocket' failed: Error in connection establishment: net::ERR_INTERNET_DISCONNECTED @ https://frontend-cf.cjdropshipping.com/chat/static/js/17.826b6a00.chunk.js:0
[30187241ms] [ERROR] WebSocket connection to 'wss://chat-socket-home.cjdropshipping.com/socket.io/?loginName=google8581784197065838-home&userType=1&equipment=1&userSystem=278284493&from=home&EIO=3&transport=websocket' failed: Error in connection establishment: net::ERR_INTERNET_DISCONNECTED @ https://frontend-cf.cjdropshipping.com/chat/static/js/17.826b6a00.chunk.js:0
[30249253ms] [ERROR] WebSocket connection to 'wss://chat-socket-home.cjdropshipping.com/socket.io/?loginName=google8581784197065838-home&userType=1&equipment=1&userSystem=278284493&from=home&EIO=3&transport=websocket' failed: Error in connection establishment: net::ERR_INTERNET_DISCONNECTED @ https://frontend-cf.cjdropshipping.com/chat/static/js/17.826b6a00.chunk.js:0
[30364289ms] [ERROR] WebSocket connection to 'wss://chat-socket-home.cjdropshipping.com/socket.io/?loginName=google8581784197065838-home&userType=1&equipment=1&userSystem=278284493&from=home&EIO=3&transport=websocket' failed: Error in connection establishment: net::ERR_INTERNET_DISCONNECTED @ https://frontend-cf.cjdropshipping.com/chat/static/js/17.826b6a00.chunk.js:0
[30427325ms] [ERROR] WebSocket connection to 'wss://chat-socket-home.cjdropshipping.com/socket.io/?loginName=google8581784197065838-home&userType=1&equipment=1&userSystem=278284493&from=home&EIO=3&transport=websocket' failed: Error in connection establishment: net::ERR_INTERNET_DISCONNECTED @ https://frontend-cf.cjdropshipping.com/chat/static/js/17.826b6a00.chunk.js:0
[30489347ms] [ERROR] WebSocket connection to 'wss://chat-socket-home.cjdropshipping.com/socket.io/?loginName=google8581784197065838-home&userType=1&equipment=1&userSystem=278284493&from=home&EIO=3&transport=websocket' failed: Error in connection establishment: net::ERR_INTERNET_DISCONNECTED @ https://frontend-cf.cjdropshipping.com/chat/static/js/17.826b6a00.chunk.js:0
[30551409ms] [ERROR] WebSocket connection to 'wss://chat-socket-home.cjdropshipping.com/socket.io/?loginName=google8581784197065838-home&userType=1&equipment=1&userSystem=278284493&from=home&EIO=3&transport=websocket' failed: Error in connection establishment: net::ERR_INTERNET_DISCONNECTED @ https://frontend-cf.cjdropshipping.com/chat/static/js/17.826b6a00.chunk.js:0
[30666475ms] [ERROR] WebSocket connection to 'wss://chat-socket-home.cjdropshipping.com/socket.io/?loginName=google8581784197065838-home&userType=1&equipment=1&userSystem=278284493&from=home&EIO=3&transport=websocket' failed: Error in connection establishment: net::ERR_INTERNET_DISCONNECTED @ https://frontend-cf.cjdropshipping.com/chat/static/js/17.826b6a00.chunk.js:0
[30729598ms] [ERROR] WebSocket connection to 'wss://chat-socket-home.cjdropshipping.com/socket.io/?loginName=google8581784197065838-home&userType=1&equipment=1&userSystem=278284493&from=home&EIO=3&transport=websocket' failed: Error in connection establishment: net::ERR_INTERNET_DISCONNECTED @ https://frontend-cf.cjdropshipping.com/chat/static/js/17.826b6a00.chunk.js:0
[30791864ms] [ERROR] WebSocket connection to 'wss://chat-socket-home.cjdropshipping.com/socket.io/?loginName=google8581784197065838-home&userType=1&equipment=1&userSystem=278284493&from=home&EIO=3&transport=websocket' failed: Error in connection establishment: net::ERR_INTERNET_DISCONNECTED @ https://frontend-cf.cjdropshipping.com/chat/static/js/17.826b6a00.chunk.js:0
[30854879ms] [ERROR] WebSocket connection to 'wss://chat-socket-home.cjdropshipping.com/socket.io/?loginName=google8581784197065838-home&userType=1&equipment=1&userSystem=278284493&from=home&EIO=3&transport=websocket' failed: Error in connection establishment: net::ERR_INTERNET_DISCONNECTED @ https://frontend-cf.cjdropshipping.com/chat/static/js/17.826b6a00.chunk.js:0
[30969904ms] [ERROR] WebSocket connection to 'wss://chat-socket-home.cjdropshipping.com/socket.io/?loginName=google8581784197065838-home&userType=1&equipment=1&userSystem=278284493&from=home&EIO=3&transport=websocket' failed: Error in connection establishment: net::ERR_INTERNET_DISCONNECTED @ https://frontend-cf.cjdropshipping.com/chat/static/js/17.826b6a00.chunk.js:0
[31031895ms] [ERROR] WebSocket connection to 'wss://chat-socket-home.cjdropshipping.com/socket.io/?loginName=google8581784197065838-home&userType=1&equipment=1&userSystem=278284493&from=home&EIO=3&transport=websocket' failed: Error in connection establishment: net::ERR_INTERNET_DISCONNECTED @ https://frontend-cf.cjdropshipping.com/chat/static/js/17.826b6a00.chunk.js:0
[31094916ms] [ERROR] WebSocket connection to 'wss://chat-socket-home.cjdropshipping.com/socket.io/?loginName=google8581784197065838-home&userType=1&equipment=1&userSystem=278284493&from=home&EIO=3&transport=websocket' failed: Error in connection establishment: net::ERR_INTERNET_DISCONNECTED @ https://frontend-cf.cjdropshipping.com/chat/static/js/17.826b6a00.chunk.js:0
[31156923ms] [ERROR] WebSocket connection to 'wss://chat-socket-home.cjdropshipping.com/socket.io/?loginName=google8581784197065838-home&userType=1&equipment=1&userSystem=278284493&from=home&EIO=3&transport=websocket' failed: Error in connection establishment: net::ERR_INTERNET_DISCONNECTED @ https://frontend-cf.cjdropshipping.com/chat/static/js/17.826b6a00.chunk.js:0
[31271949ms] [ERROR] WebSocket connection to 'wss://chat-socket-home.cjdropshipping.com/socket.io/?loginName=google8581784197065838-home&userType=1&equipment=1&userSystem=278284493&from=home&EIO=3&transport=websocket' failed: Error in connection establishment: net::ERR_INTERNET_DISCONNECTED @ https://frontend-cf.cjdropshipping.com/chat/static/js/17.826b6a00.chunk.js:0
[31334921ms] [ERROR] WebSocket connection to 'wss://chat-socket-home.cjdropshipping.com/socket.io/?loginName=google8581784197065838-home&userType=1&equipment=1&userSystem=278284493&from=home&EIO=3&transport=websocket' failed: Error in connection establishment: net::ERR_INTERNET_DISCONNECTED @ https://frontend-cf.cjdropshipping.com/chat/static/js/17.826b6a00.chunk.js:0
[31396955ms] [ERROR] WebSocket connection to 'wss://chat-socket-home.cjdropshipping.com/socket.io/?loginName=google8581784197065838-home&userType=1&equipment=1&userSystem=278284493&from=home&EIO=3&transport=websocket' failed: Error in connection establishment: net::ERR_INTERNET_DISCONNECTED @ https://frontend-cf.cjdropshipping.com/chat/static/js/17.826b6a00.chunk.js:0
[31459976ms] [ERROR] WebSocket connection to 'wss://chat-socket-home.cjdropshipping.com/socket.io/?loginName=google8581784197065838-home&userType=1&equipment=1&userSystem=278284493&from=home&EIO=3&transport=websocket' failed: Error in connection establishment: net::ERR_INTERNET_DISCONNECTED @ https://frontend-cf.cjdropshipping.com/chat/static/js/17.826b6a00.chunk.js:0
[31575016ms] [ERROR] WebSocket connection to 'wss://chat-socket-home.cjdropshipping.com/socket.io/?loginName=google8581784197065838-home&userType=1&equipment=1&userSystem=278284493&from=home&EIO=3&transport=websocket' failed: Error in connection establishment: net::ERR_INTERNET_DISCONNECTED @ https://frontend-cf.cjdropshipping.com/chat/static/js/17.826b6a00.chunk.js:0
[31637131ms] [ERROR] WebSocket connection to 'wss://chat-socket-home.cjdropshipping.com/socket.io/?loginName=google8581784197065838-home&userType=1&equipment=1&userSystem=278284493&from=home&EIO=3&transport=websocket' failed: Error in connection establishment: net::ERR_INTERNET_DISCONNECTED @ https://frontend-cf.cjdropshipping.com/chat/static/js/17.826b6a00.chunk.js:0
[31700416ms] [ERROR] WebSocket connection to 'wss://chat-socket-home.cjdropshipping.com/socket.io/?loginName=google8581784197065838-home&userType=1&equipment=1&userSystem=278284493&from=home&EIO=3&transport=websocket' failed: Error in connection establishment: net::ERR_INTERNET_DISCONNECTED @ https://frontend-cf.cjdropshipping.com/chat/static/js/17.826b6a00.chunk.js:0
[31815439ms] [ERROR] WebSocket connection to 'wss://chat-socket-home.cjdropshipping.com/socket.io/?loginName=google8581784197065838-home&userType=1&equipment=1&userSystem=278284493&from=home&EIO=3&transport=websocket' failed: Error in connection establishment: net::ERR_INTERNET_DISCONNECTED @ https://frontend-cf.cjdropshipping.com/chat/static/js/17.826b6a00.chunk.js:0
[31877409ms] [ERROR] WebSocket connection to 'wss://chat-socket-home.cjdropshipping.com/socket.io/?loginName=google8581784197065838-home&userType=1&equipment=1&userSystem=278284493&from=home&EIO=3&transport=websocket' failed: Error in connection establishment: net::ERR_INTERNET_DISCONNECTED @ https://frontend-cf.cjdropshipping.com/chat/static/js/17.826b6a00.chunk.js:0
[31940399ms] [ERROR] WebSocket connection to 'wss://chat-socket-home.cjdropshipping.com/socket.io/?loginName=google8581784197065838-home&userType=1&equipment=1&userSystem=278284493&from=home&EIO=3&transport=websocket' failed: Error in connection establishment: net::ERR_INTERNET_DISCONNECTED @ https://frontend-cf.cjdropshipping.com/chat/static/js/17.826b6a00.chunk.js:0
[32002396ms] [ERROR] WebSocket connection to 'wss://chat-socket-home.cjdropshipping.com/socket.io/?loginName=google8581784197065838-home&userType=1&equipment=1&userSystem=278284493&from=home&EIO=3&transport=websocket' failed: Error in connection establishment: net::ERR_INTERNET_DISCONNECTED @ https://frontend-cf.cjdropshipping.com/chat/static/js/17.826b6a00.chunk.js:0
[32117408ms] [ERROR] WebSocket connection to 'wss://chat-socket-home.cjdropshipping.com/socket.io/?loginName=google8581784197065838-home&userType=1&equipment=1&userSystem=278284493&from=home&EIO=3&transport=websocket' failed: Error in connection establishment: net::ERR_INTERNET_DISCONNECTED @ https://frontend-cf.cjdropshipping.com/chat/static/js/17.826b6a00.chunk.js:0
[32180418ms] [ERROR] WebSocket connection to 'wss://chat-socket-home.cjdropshipping.com/socket.io/?loginName=google8581784197065838-home&userType=1&equipment=1&userSystem=278284493&from=home&EIO=3&transport=websocket' failed: Error in connection establishment: net::ERR_INTERNET_DISCONNECTED @ https://frontend-cf.cjdropshipping.com/chat/static/js/17.826b6a00.chunk.js:0
[32242435ms] [ERROR] WebSocket connection to 'wss://chat-socket-home.cjdropshipping.com/socket.io/?loginName=google8581784197065838-home&userType=1&equipment=1&userSystem=278284493&from=home&EIO=3&transport=websocket' failed: Error in connection establishment: net::ERR_INTERNET_DISCONNECTED @ https://frontend-cf.cjdropshipping.com/chat/static/js/17.826b6a00.chunk.js:0
[32305468ms] [ERROR] WebSocket connection to 'wss://chat-socket-home.cjdropshipping.com/socket.io/?loginName=google8581784197065838-home&userType=1&equipment=1&userSystem=278284493&from=home&EIO=3&transport=websocket' failed: Error in connection establishment: net::ERR_INTERNET_DISCONNECTED @ https://frontend-cf.cjdropshipping.com/chat/static/js/17.826b6a00.chunk.js:0
[32420482ms] [ERROR] WebSocket connection to 'wss://chat-socket-home.cjdropshipping.com/socket.io/?loginName=google8581784197065838-home&userType=1&equipment=1&userSystem=278284493&from=home&EIO=3&transport=websocket' failed: Error in connection establishment: net::ERR_INTERNET_DISCONNECTED @ https://frontend-cf.cjdropshipping.com/chat/static/js/17.826b6a00.chunk.js:0
[32482528ms] [ERROR] WebSocket connection to 'wss://chat-socket-home.cjdropshipping.com/socket.io/?loginName=google8581784197065838-home&userType=1&equipment=1&userSystem=278284493&from=home&EIO=3&transport=websocket' failed: Error in connection establishment: net::ERR_INTERNET_DISCONNECTED @ https://frontend-cf.cjdropshipping.com/chat/static/js/17.826b6a00.chunk.js:0
[32545594ms] [ERROR] WebSocket connection to 'wss://chat-socket-home.cjdropshipping.com/socket.io/?loginName=google8581784197065838-home&userType=1&equipment=1&userSystem=278284493&from=home&EIO=3&transport=websocket' failed: Error in connection establishment: net::ERR_INTERNET_DISCONNECTED @ https://frontend-cf.cjdropshipping.com/chat/static/js/17.826b6a00.chunk.js:0
[32607785ms] [ERROR] WebSocket connection to 'wss://chat-socket-home.cjdropshipping.com/socket.io/?loginName=google8581784197065838-home&userType=1&equipment=1&userSystem=278284493&from=home&EIO=3&transport=websocket' failed: Error in connection establishment: net::ERR_INTERNET_DISCONNECTED @ https://frontend-cf.cjdropshipping.com/chat/static/js/17.826b6a00.chunk.js:0
[32722790ms] [ERROR] WebSocket connection to 'wss://chat-socket-home.cjdropshipping.com/socket.io/?loginName=google8581784197065838-home&userType=1&equipment=1&userSystem=278284493&from=home&EIO=3&transport=websocket' failed: Error in connection establishment: net::ERR_INTERNET_DISCONNECTED @ https://frontend-cf.cjdropshipping.com/chat/static/js/17.826b6a00.chunk.js:0
[32785799ms] [ERROR] WebSocket connection to 'wss://chat-socket-home.cjdropshipping.com/socket.io/?loginName=google8581784197065838-home&userType=1&equipment=1&userSystem=278284493&from=home&EIO=3&transport=websocket' failed: Error in connection establishment: net::ERR_INTERNET_DISCONNECTED @ https://frontend-cf.cjdropshipping.com/chat/static/js/17.826b6a00.chunk.js:0
[32847806ms] [ERROR] WebSocket connection to 'wss://chat-socket-home.cjdropshipping.com/socket.io/?loginName=google8581784197065838-home&userType=1&equipment=1&userSystem=278284493&from=home&EIO=3&transport=websocket' failed: Error in connection establishment: net::ERR_INTERNET_DISCONNECTED @ https://frontend-cf.cjdropshipping.com/chat/static/js/17.826b6a00.chunk.js:0
[32910817ms] [ERROR] WebSocket connection to 'wss://chat-socket-home.cjdropshipping.com/socket.io/?loginName=google8581784197065838-home&userType=1&equipment=1&userSystem=278284493&from=home&EIO=3&transport=websocket' failed: Error in connection establishment: net::ERR_INTERNET_DISCONNECTED @ https://frontend-cf.cjdropshipping.com/chat/static/js/17.826b6a00.chunk.js:0
[33025822ms] [ERROR] WebSocket connection to 'wss://chat-socket-home.cjdropshipping.com/socket.io/?loginName=google8581784197065838-home&userType=1&equipment=1&userSystem=278284493&from=home&EIO=3&transport=websocket' failed: Error in connection establishment: net::ERR_INTERNET_DISCONNECTED @ https://frontend-cf.cjdropshipping.com/chat/static/js/17.826b6a00.chunk.js:0
[33087840ms] [ERROR] WebSocket connection to 'wss://chat-socket-home.cjdropshipping.com/socket.io/?loginName=google8581784197065838-home&userType=1&equipment=1&userSystem=278284493&from=home&EIO=3&transport=websocket' failed: Error in connection establishment: net::ERR_INTERNET_DISCONNECTED @ https://frontend-cf.cjdropshipping.com/chat/static/js/17.826b6a00.chunk.js:0
[33150827ms] [ERROR] WebSocket connection to 'wss://chat-socket-home.cjdropshipping.com/socket.io/?loginName=google8581784197065838-home&userType=1&equipment=1&userSystem=278284493&from=home&EIO=3&transport=websocket' failed: Error in connection establishment: net::ERR_INTERNET_DISCONNECTED @ https://frontend-cf.cjdropshipping.com/chat/static/js/17.826b6a00.chunk.js:0
[33212870ms] [ERROR] WebSocket connection to 'wss://chat-socket-home.cjdropshipping.com/socket.io/?loginName=google8581784197065838-home&userType=1&equipment=1&userSystem=278284493&from=home&EIO=3&transport=websocket' failed: Error in connection establishment: net::ERR_INTERNET_DISCONNECTED @ https://frontend-cf.cjdropshipping.com/chat/static/js/17.826b6a00.chunk.js:0
[33327872ms] [ERROR] WebSocket connection to 'wss://chat-socket-home.cjdropshipping.com/socket.io/?loginName=google8581784197065838-home&userType=1&equipment=1&userSystem=278284493&from=home&EIO=3&transport=websocket' failed: Error in connection establishment: net::ERR_INTERNET_DISCONNECTED @ https://frontend-cf.cjdropshipping.com/chat/static/js/17.826b6a00.chunk.js:0
[33390891ms] [ERROR] WebSocket connection to 'wss://chat-socket-home.cjdropshipping.com/socket.io/?loginName=google8581784197065838-home&userType=1&equipment=1&userSystem=278284493&from=home&EIO=3&transport=websocket' failed: Error in connection establishment: net::ERR_INTERNET_DISCONNECTED @ https://frontend-cf.cjdropshipping.com/chat/static/js/17.826b6a00.chunk.js:0
[33452986ms] [ERROR] WebSocket connection to 'wss://chat-socket-home.cjdropshipping.com/socket.io/?loginName=google8581784197065838-home&userType=1&equipment=1&userSystem=278284493&from=home&EIO=3&transport=websocket' failed: Error in connection establishment: net::ERR_INTERNET_DISCONNECTED @ https://frontend-cf.cjdropshipping.com/chat/static/js/17.826b6a00.chunk.js:0
[33516283ms] [ERROR] WebSocket connection to 'wss://chat-socket-home.cjdropshipping.com/socket.io/?loginName=google8581784197065838-home&userType=1&equipment=1&userSystem=278284493&from=home&EIO=3&transport=websocket' failed: Error in connection establishment: net::ERR_INTERNET_DISCONNECTED @ https://frontend-cf.cjdropshipping.com/chat/static/js/17.826b6a00.chunk.js:0
[33631277ms] [ERROR] WebSocket connection to 'wss://chat-socket-home.cjdropshipping.com/socket.io/?loginName=google8581784197065838-home&userType=1&equipment=1&userSystem=278284493&from=home&EIO=3&transport=websocket' failed: Error in connection establishment: net::ERR_INTERNET_DISCONNECTED @ https://frontend-cf.cjdropshipping.com/chat/static/js/17.826b6a00.chunk.js:0
[33693294ms] [ERROR] WebSocket connection to 'wss://chat-socket-home.cjdropshipping.com/socket.io/?loginName=google8581784197065838-home&userType=1&equipment=1&userSystem=278284493&from=home&EIO=3&transport=websocket' failed: Error in connection establishment: net::ERR_INTERNET_DISCONNECTED @ https://frontend-cf.cjdropshipping.com/chat/static/js/17.826b6a00.chunk.js:0
[33756274ms] [ERROR] WebSocket connection to 'wss://chat-socket-home.cjdropshipping.com/socket.io/?loginName=google8581784197065838-home&userType=1&equipment=1&userSystem=278284493&from=home&EIO=3&transport=websocket' failed: Error in connection establishment: net::ERR_INTERNET_DISCONNECTED @ https://frontend-cf.cjdropshipping.com/chat/static/js/17.826b6a00.chunk.js:0
[33818278ms] [ERROR] WebSocket connection to 'wss://chat-socket-home.cjdropshipping.com/socket.io/?loginName=google8581784197065838-home&userType=1&equipment=1&userSystem=278284493&from=home&EIO=3&transport=websocket' failed: Error in connection establishment: net::ERR_INTERNET_DISCONNECTED @ https://frontend-cf.cjdropshipping.com/chat/static/js/17.826b6a00.chunk.js:0
[33933275ms] [ERROR] WebSocket connection to 'wss://chat-socket-home.cjdropshipping.com/socket.io/?loginName=google8581784197065838-home&userType=1&equipment=1&userSystem=278284493&from=home&EIO=3&transport=websocket' failed: Error in connection establishment: net::ERR_INTERNET_DISCONNECTED @ https://frontend-cf.cjdropshipping.com/chat/static/js/17.826b6a00.chunk.js:0
[33995290ms] [ERROR] WebSocket connection to 'wss://chat-socket-home.cjdropshipping.com/socket.io/?loginName=google8581784197065838-home&userType=1&equipment=1&userSystem=278284493&from=home&EIO=3&transport=websocket' failed: Error in connection establishment: net::ERR_INTERNET_DISCONNECTED @ https://frontend-cf.cjdropshipping.com/chat/static/js/17.826b6a00.chunk.js:0
[34058307ms] [ERROR] WebSocket connection to 'wss://chat-socket-home.cjdropshipping.com/socket.io/?loginName=google8581784197065838-home&userType=1&equipment=1&userSystem=278284493&from=home&EIO=3&transport=websocket' failed: Error in connection establishment: net::ERR_INTERNET_DISCONNECTED @ https://frontend-cf.cjdropshipping.com/chat/static/js/17.826b6a00.chunk.js:0
[34120343ms] [ERROR] WebSocket connection to 'wss://chat-socket-home.cjdropshipping.com/socket.io/?loginName=google8581784197065838-home&userType=1&equipment=1&userSystem=278284493&from=home&EIO=3&transport=websocket' failed: Error in connection establishment: net::ERR_INTERNET_DISCONNECTED @ https://frontend-cf.cjdropshipping.com/chat/static/js/17.826b6a00.chunk.js:0
[34183400ms] [ERROR] WebSocket connection to 'wss://chat-socket-home.cjdropshipping.com/socket.io/?loginName=google8581784197065838-home&userType=1&equipment=1&userSystem=278284493&from=home&EIO=3&transport=websocket' failed: Error in connection establishment: net::ERR_INTERNET_DISCONNECTED @ https://frontend-cf.cjdropshipping.com/chat/static/js/17.826b6a00.chunk.js:0
[34241840ms] [ERROR] WebSocket connection to 'wss://chat-socket-home.cjdropshipping.com/socket.io/?loginName=google8581784197065838-home&userType=1&equipment=1&userSystem=278284493&from=home&EIO=3&transport=websocket' failed: Error in connection establishment: net::ERR_INTERNET_DISCONNECTED @ https://frontend-cf.cjdropshipping.com/chat/static/js/17.826b6a00.chunk.js:0
[34356854ms] [ERROR] WebSocket connection to 'wss://chat-socket-home.cjdropshipping.com/socket.io/?loginName=google8581784197065838-home&userType=1&equipment=1&userSystem=278284493&from=home&EIO=3&transport=websocket' failed: Error in connection establishment: net::ERR_INTERNET_DISCONNECTED @ https://frontend-cf.cjdropshipping.com/chat/static/js/17.826b6a00.chunk.js:0
[34420185ms] [ERROR] WebSocket connection to 'wss://chat-socket-home.cjdropshipping.com/socket.io/?loginName=google8581784197065838-home&userType=1&equipment=1&userSystem=278284493&from=home&EIO=3&transport=websocket' failed: Error in connection establishment: net::ERR_INTERNET_DISCONNECTED @ https://frontend-cf.cjdropshipping.com/chat/static/js/17.826b6a00.chunk.js:0
[34482196ms] [ERROR] WebSocket connection to 'wss://chat-socket-home.cjdropshipping.com/socket.io/?loginName=google8581784197065838-home&userType=1&equipment=1&userSystem=278284493&from=home&EIO=3&transport=websocket' failed: Error in connection establishment: net::ERR_INTERNET_DISCONNECTED @ https://frontend-cf.cjdropshipping.com/chat/static/js/17.826b6a00.chunk.js:0
[34545192ms] [ERROR] WebSocket connection to 'wss://chat-socket-home.cjdropshipping.com/socket.io/?loginName=google8581784197065838-home&userType=1&equipment=1&userSystem=278284493&from=home&EIO=3&transport=websocket' failed: Error in connection establishment: net::ERR_INTERNET_DISCONNECTED @ https://frontend-cf.cjdropshipping.com/chat/static/js/17.826b6a00.chunk.js:0
[34751219ms] [ERROR] WebSocket connection to 'wss://chat-socket-home.cjdropshipping.com/socket.io/?loginName=google8581784197065838-home&userType=1&equipment=1&userSystem=278284493&from=home&EIO=3&transport=websocket' failed: Error in connection establishment: net::ERR_INTERNET_DISCONNECTED @ https://frontend-cf.cjdropshipping.com/chat/static/js/17.826b6a00.chunk.js:0
[34813242ms] [ERROR] WebSocket connection to 'wss://chat-socket-home.cjdropshipping.com/socket.io/?loginName=google8581784197065838-home&userType=1&equipment=1&userSystem=278284493&from=home&EIO=3&transport=websocket' failed: Error in connection establishment: net::ERR_INTERNET_DISCONNECTED @ https://frontend-cf.cjdropshipping.com/chat/static/js/17.826b6a00.chunk.js:0
[34876250ms] [ERROR] WebSocket connection to 'wss://chat-socket-home.cjdropshipping.com/socket.io/?loginName=google8581784197065838-home&userType=1&equipment=1&userSystem=278284493&from=home&EIO=3&transport=websocket' failed: Error in connection establishment: net::ERR_INTERNET_DISCONNECTED @ https://frontend-cf.cjdropshipping.com/chat/static/js/17.826b6a00.chunk.js:0
[34938247ms] [ERROR] WebSocket connection to 'wss://chat-socket-home.cjdropshipping.com/socket.io/?loginName=google8581784197065838-home&userType=1&equipment=1&userSystem=278284493&from=home&EIO=3&transport=websocket' failed: Error in connection establishment: net::ERR_INTERNET_DISCONNECTED @ https://frontend-cf.cjdropshipping.com/chat/static/js/17.826b6a00.chunk.js:0
[35053262ms] [ERROR] WebSocket connection to 'wss://chat-socket-home.cjdropshipping.com/socket.io/?loginName=google8581784197065838-home&userType=1&equipment=1&userSystem=278284493&from=home&EIO=3&transport=websocket' failed: Error in connection establishment: net::ERR_INTERNET_DISCONNECTED @ https://frontend-cf.cjdropshipping.com/chat/static/js/17.826b6a00.chunk.js:0
[35116292ms] [ERROR] WebSocket connection to 'wss://chat-socket-home.cjdropshipping.com/socket.io/?loginName=google8581784197065838-home&userType=1&equipment=1&userSystem=278284493&from=home&EIO=3&transport=websocket' failed: Error in connection establishment: net::ERR_INTERNET_DISCONNECTED @ https://frontend-cf.cjdropshipping.com/chat/static/js/17.826b6a00.chunk.js:0
[35178296ms] [ERROR] WebSocket connection to 'wss://chat-socket-home.cjdropshipping.com/socket.io/?loginName=google8581784197065838-home&userType=1&equipment=1&userSystem=278284493&from=home&EIO=3&transport=websocket' failed: Error in connection establishment: net::ERR_INTERNET_DISCONNECTED @ https://frontend-cf.cjdropshipping.com/chat/static/js/17.826b6a00.chunk.js:0
[35293424ms] [ERROR] WebSocket connection to 'wss://chat-socket-home.cjdropshipping.com/socket.io/?loginName=google8581784197065838-home&userType=1&equipment=1&userSystem=278284493&from=home&EIO=3&transport=websocket' failed: Error in connection establishment: net::ERR_INTERNET_DISCONNECTED @ https://frontend-cf.cjdropshipping.com/chat/static/js/17.826b6a00.chunk.js:0
[35345931ms] [ERROR] WebSocket connection to 'wss://chat-socket-home.cjdropshipping.com/socket.io/?loginName=google8581784197065838-home&userType=1&equipment=1&userSystem=278284493&from=home&EIO=3&transport=websocket' failed: Error in connection establishment: net::ERR_INTERNET_DISCONNECTED @ https://frontend-cf.cjdropshipping.com/chat/static/js/17.826b6a00.chunk.js:0
[35358612ms] [ERROR] WebSocket connection to 'wss://chat-socket-home.cjdropshipping.com/socket.io/?loginName=google8581784197065838-home&userType=1&equipment=1&userSystem=278284493&from=home&EIO=3&transport=websocket' failed: Error in connection establishment: net::ERR_INTERNET_DISCONNECTED @ https://frontend-cf.cjdropshipping.com/chat/static/js/17.826b6a00.chunk.js:0
[35420640ms] [ERROR] WebSocket connection to 'wss://chat-socket-home.cjdropshipping.com/socket.io/?loginName=google8581784197065838-home&userType=1&equipment=1&userSystem=278284493&from=home&EIO=3&transport=websocket' failed: Error in connection establishment: net::ERR_INTERNET_DISCONNECTED @ https://frontend-cf.cjdropshipping.com/chat/static/js/17.826b6a00.chunk.js:0
[35535642ms] [ERROR] WebSocket connection to 'wss://chat-socket-home.cjdropshipping.com/socket.io/?loginName=google8581784197065838-home&userType=1&equipment=1&userSystem=278284493&from=home&EIO=3&transport=websocket' failed: Error in connection establishment: net::ERR_INTERNET_DISCONNECTED @ https://frontend-cf.cjdropshipping.com/chat/static/js/17.826b6a00.chunk.js:0
[35598663ms] [ERROR] WebSocket connection to 'wss://chat-socket-home.cjdropshipping.com/socket.io/?loginName=google8581784197065838-home&userType=1&equipment=1&userSystem=278284493&from=home&EIO=3&transport=websocket' failed: Error in connection establishment: net::ERR_INTERNET_DISCONNECTED @ https://frontend-cf.cjdropshipping.com/chat/static/js/17.826b6a00.chunk.js:0
[35660658ms] [ERROR] WebSocket connection to 'wss://chat-socket-home.cjdropshipping.com/socket.io/?loginName=google8581784197065838-home&userType=1&equipment=1&userSystem=278284493&from=home&EIO=3&transport=websocket' failed: Error in connection establishment: net::ERR_INTERNET_DISCONNECTED @ https://frontend-cf.cjdropshipping.com/chat/static/js/17.826b6a00.chunk.js:0
[35713517ms] [ERROR] WebSocket connection to 'wss://chat-socket-home.cjdropshipping.com/socket.io/?loginName=google8581784197065838-home&userType=1&equipment=1&userSystem=278284493&from=home&EIO=3&transport=websocket' failed: Error in connection establishment: net::ERR_INTERNET_DISCONNECTED @ https://frontend-cf.cjdropshipping.com/chat/static/js/17.826b6a00.chunk.js:0
[35781904ms] [ERROR] WebSocket connection to 'wss://chat-socket-home.cjdropshipping.com/socket.io/?loginName=google8581784197065838-home&userType=1&equipment=1&userSystem=278284493&from=home&EIO=3&transport=websocket' failed: Error in connection establishment: net::ERR_INTERNET_DISCONNECTED @ https://frontend-cf.cjdropshipping.com/chat/static/js/17.826b6a00.chunk.js:0
[35843923ms] [ERROR] WebSocket connection to 'wss://chat-socket-home.cjdropshipping.com/socket.io/?loginName=google8581784197065838-home&userType=1&equipment=1&userSystem=278284493&from=home&EIO=3&transport=websocket' failed: Error in connection establishment: net::ERR_INTERNET_DISCONNECTED @ https://frontend-cf.cjdropshipping.com/chat/static/js/17.826b6a00.chunk.js:0
[35958960ms] [ERROR] WebSocket connection to 'wss://chat-socket-home.cjdropshipping.com/socket.io/?loginName=google8581784197065838-home&userType=1&equipment=1&userSystem=278284493&from=home&EIO=3&transport=websocket' failed: Error in connection establishment: net::ERR_INTERNET_DISCONNECTED @ https://frontend-cf.cjdropshipping.com/chat/static/js/17.826b6a00.chunk.js:0
[36022010ms] [ERROR] WebSocket connection to 'wss://chat-socket-home.cjdropshipping.com/socket.io/?loginName=google8581784197065838-home&userType=1&equipment=1&userSystem=278284493&from=home&EIO=3&transport=websocket' failed: Error in connection establishment: net::ERR_INTERNET_DISCONNECTED @ https://frontend-cf.cjdropshipping.com/chat/static/js/17.826b6a00.chunk.js:0
[36084103ms] [ERROR] WebSocket connection to 'wss://chat-socket-home.cjdropshipping.com/socket.io/?loginName=google8581784197065838-home&userType=1&equipment=1&userSystem=278284493&from=home&EIO=3&transport=websocket' failed: Error in connection establishment: net::ERR_INTERNET_DISCONNECTED @ https://frontend-cf.cjdropshipping.com/chat/static/js/17.826b6a00.chunk.js:0
[36147250ms] [ERROR] WebSocket connection to 'wss://chat-socket-home.cjdropshipping.com/socket.io/?loginName=google8581784197065838-home&userType=1&equipment=1&userSystem=278284493&from=home&EIO=3&transport=websocket' failed: Error in connection establishment: net::ERR_INTERNET_DISCONNECTED @ https://frontend-cf.cjdropshipping.com/chat/static/js/17.826b6a00.chunk.js:0
[36262478ms] [ERROR] WebSocket connection to 'wss://chat-socket-home.cjdropshipping.com/socket.io/?loginName=google8581784197065838-home&userType=1&equipment=1&userSystem=278284493&from=home&EIO=3&transport=websocket' failed: Error in connection establishment: net::ERR_INTERNET_DISCONNECTED @ https://frontend-cf.cjdropshipping.com/chat/static/js/17.826b6a00.chunk.js:0
[36324468ms] [ERROR] WebSocket connection to 'wss://chat-socket-home.cjdropshipping.com/socket.io/?loginName=google8581784197065838-home&userType=1&equipment=1&userSystem=278284493&from=home&EIO=3&transport=websocket' failed: Error in connection establishment: net::ERR_INTERNET_DISCONNECTED @ https://frontend-cf.cjdropshipping.com/chat/static/js/17.826b6a00.chunk.js:0
[36387472ms] [ERROR] WebSocket connection to 'wss://chat-socket-home.cjdropshipping.com/socket.io/?loginName=google8581784197065838-home&userType=1&equipment=1&userSystem=278284493&from=home&EIO=3&transport=websocket' failed: Error in connection establishment: net::ERR_INTERNET_DISCONNECTED @ https://frontend-cf.cjdropshipping.com/chat/static/js/17.826b6a00.chunk.js:0
[36449445ms] [ERROR] WebSocket connection to 'wss://chat-socket-home.cjdropshipping.com/socket.io/?loginName=google8581784197065838-home&userType=1&equipment=1&userSystem=278284493&from=home&EIO=3&transport=websocket' failed: Error in connection establishment: net::ERR_INTERNET_DISCONNECTED @ https://frontend-cf.cjdropshipping.com/chat/static/js/17.826b6a00.chunk.js:0
[36564493ms] [ERROR] WebSocket connection to 'wss://chat-socket-home.cjdropshipping.com/socket.io/?loginName=google8581784197065838-home&userType=1&equipment=1&userSystem=278284493&from=home&EIO=3&transport=websocket' failed: Error in connection establishment: net::ERR_INTERNET_DISCONNECTED @ https://frontend-cf.cjdropshipping.com/chat/static/js/17.826b6a00.chunk.js:0
[36627509ms] [ERROR] WebSocket connection to 'wss://chat-socket-home.cjdropshipping.com/socket.io/?loginName=google8581784197065838-home&userType=1&equipment=1&userSystem=278284493&from=home&EIO=3&transport=websocket' failed: Error in connection establishment: net::ERR_INTERNET_DISCONNECTED @ https://frontend-cf.cjdropshipping.com/chat/static/js/17.826b6a00.chunk.js:0
[36689519ms] [ERROR] WebSocket connection to 'wss://chat-socket-home.cjdropshipping.com/socket.io/?loginName=google8581784197065838-home&userType=1&equipment=1&userSystem=278284493&from=home&EIO=3&transport=websocket' failed: Error in connection establishment: net::ERR_INTERNET_DISCONNECTED @ https://frontend-cf.cjdropshipping.com/chat/static/js/17.826b6a00.chunk.js:0
[36752545ms] [ERROR] WebSocket connection to 'wss://chat-socket-home.cjdropshipping.com/socket.io/?loginName=google8581784197065838-home&userType=1&equipment=1&userSystem=278284493&from=home&EIO=3&transport=websocket' failed: Error in connection establishment: net::ERR_INTERNET_DISCONNECTED @ https://frontend-cf.cjdropshipping.com/chat/static/js/17.826b6a00.chunk.js:0
[36867550ms] [ERROR] WebSocket connection to 'wss://chat-socket-home.cjdropshipping.com/socket.io/?loginName=google8581784197065838-home&userType=1&equipment=1&userSystem=278284493&from=home&EIO=3&transport=websocket' failed: Error in connection establishment: net::ERR_INTERNET_DISCONNECTED @ https://frontend-cf.cjdropshipping.com/chat/static/js/17.826b6a00.chunk.js:0
[36929585ms] [ERROR] WebSocket connection to 'wss://chat-socket-home.cjdropshipping.com/socket.io/?loginName=google8581784197065838-home&userType=1&equipment=1&userSystem=278284493&from=home&EIO=3&transport=websocket' failed: Error in connection establishment: net::ERR_INTERNET_DISCONNECTED @ https://frontend-cf.cjdropshipping.com/chat/static/js/17.826b6a00.chunk.js:0
[36991668ms] [ERROR] WebSocket connection to 'wss://chat-socket-home.cjdropshipping.com/socket.io/?loginName=google8581784197065838-home&userType=1&equipment=1&userSystem=278284493&from=home&EIO=3&transport=websocket' failed: Error in connection establishment: net::ERR_INTERNET_DISCONNECTED @ https://frontend-cf.cjdropshipping.com/chat/static/js/17.826b6a00.chunk.js:0
[37054741ms] [ERROR] WebSocket connection to 'wss://chat-socket-home.cjdropshipping.com/socket.io/?loginName=google8581784197065838-home&userType=1&equipment=1&userSystem=278284493&from=home&EIO=3&transport=websocket' failed: Error in connection establishment: net::ERR_INTERNET_DISCONNECTED @ https://frontend-cf.cjdropshipping.com/chat/static/js/17.826b6a00.chunk.js:0
[37169926ms] [ERROR] WebSocket connection to 'wss://chat-socket-home.cjdropshipping.com/socket.io/?loginName=google8581784197065838-home&userType=1&equipment=1&userSystem=278284493&from=home&EIO=3&transport=websocket' failed: Error in connection establishment: net::ERR_INTERNET_DISCONNECTED @ https://frontend-cf.cjdropshipping.com/chat/static/js/17.826b6a00.chunk.js:0
[37231939ms] [ERROR] WebSocket connection to 'wss://chat-socket-home.cjdropshipping.com/socket.io/?loginName=google8581784197065838-home&userType=1&equipment=1&userSystem=278284493&from=home&EIO=3&transport=websocket' failed: Error in connection establishment: net::ERR_INTERNET_DISCONNECTED @ https://frontend-cf.cjdropshipping.com/chat/static/js/17.826b6a00.chunk.js:0
[37294933ms] [ERROR] WebSocket connection to 'wss://chat-socket-home.cjdropshipping.com/socket.io/?loginName=google8581784197065838-home&userType=1&equipment=1&userSystem=278284493&from=home&EIO=3&transport=websocket' failed: Error in connection establishment: net::ERR_INTERNET_DISCONNECTED @ https://frontend-cf.cjdropshipping.com/chat/static/js/17.826b6a00.chunk.js:0
[37356909ms] [ERROR] WebSocket connection to 'wss://chat-socket-home.cjdropshipping.com/socket.io/?loginName=google8581784197065838-home&userType=1&equipment=1&userSystem=278284493&from=home&EIO=3&transport=websocket' failed: Error in connection establishment: net::ERR_INTERNET_DISCONNECTED @ https://frontend-cf.cjdropshipping.com/chat/static/js/17.826b6a00.chunk.js:0
[37452793ms] [ERROR] WebSocket connection to 'wss://chat-socket-home.cjdropshipping.com/socket.io/?loginName=google8581784197065838-home&userType=1&equipment=1&userSystem=278284493&from=home&EIO=3&transport=websocket' failed: Error in connection establishment: net::ERR_INTERNET_DISCONNECTED @ https://frontend-cf.cjdropshipping.com/chat/static/js/17.826b6a00.chunk.js:0
[37473935ms] [ERROR] WebSocket connection to 'wss://chat-socket-home.cjdropshipping.com/socket.io/?loginName=google8581784197065838-home&userType=1&equipment=1&userSystem=278284493&from=home&EIO=3&transport=websocket' failed: Error in connection establishment: net::ERR_INTERNET_DISCONNECTED @ https://frontend-cf.cjdropshipping.com/chat/static/js/17.826b6a00.chunk.js:0
[37535989ms] [ERROR] WebSocket connection to 'wss://chat-socket-home.cjdropshipping.com/socket.io/?loginName=google8581784197065838-home&userType=1&equipment=1&userSystem=278284493&from=home&EIO=3&transport=websocket' failed: Error in connection establishment: net::ERR_INTERNET_DISCONNECTED @ https://frontend-cf.cjdropshipping.com/chat/static/js/17.826b6a00.chunk.js:0
[37599018ms] [ERROR] WebSocket connection to 'wss://chat-socket-home.cjdropshipping.com/socket.io/?loginName=google8581784197065838-home&userType=1&equipment=1&userSystem=278284493&from=home&EIO=3&transport=websocket' failed: Error in connection establishment: net::ERR_INTERNET_DISCONNECTED @ https://frontend-cf.cjdropshipping.com/chat/static/js/17.826b6a00.chunk.js:0
[37714013ms] [ERROR] WebSocket connection to 'wss://chat-socket-home.cjdropshipping.com/socket.io/?loginName=google8581784197065838-home&userType=1&equipment=1&userSystem=278284493&from=home&EIO=3&transport=websocket' failed: Error in connection establishment: net::ERR_INTERNET_DISCONNECTED @ https://frontend-cf.cjdropshipping.com/chat/static/js/17.826b6a00.chunk.js:0
[37776051ms] [ERROR] WebSocket connection to 'wss://chat-socket-home.cjdropshipping.com/socket.io/?loginName=google8581784197065838-home&userType=1&equipment=1&userSystem=278284493&from=home&EIO=3&transport=websocket' failed: Error in connection establishment: net::ERR_INTERNET_DISCONNECTED @ https://frontend-cf.cjdropshipping.com/chat/static/js/17.826b6a00.chunk.js:0
[37839092ms] [ERROR] WebSocket connection to 'wss://chat-socket-home.cjdropshipping.com/socket.io/?loginName=google8581784197065838-home&userType=1&equipment=1&userSystem=278284493&from=home&EIO=3&transport=websocket' failed: Error in connection establishment: net::ERR_INTERNET_DISCONNECTED @ https://frontend-cf.cjdropshipping.com/chat/static/js/17.826b6a00.chunk.js:0
[37901192ms] [ERROR] WebSocket connection to 'wss://chat-socket-home.cjdropshipping.com/socket.io/?loginName=google8581784197065838-home&userType=1&equipment=1&userSystem=278284493&from=home&EIO=3&transport=websocket' failed: Error in connection establishment: net::ERR_INTERNET_DISCONNECTED @ https://frontend-cf.cjdropshipping.com/chat/static/js/17.826b6a00.chunk.js:0
[38016533ms] [ERROR] WebSocket connection to 'wss://chat-socket-home.cjdropshipping.com/socket.io/?loginName=google8581784197065838-home&userType=1&equipment=1&userSystem=278284493&from=home&EIO=3&transport=websocket' failed: Error in connection establishment: net::ERR_INTERNET_DISCONNECTED @ https://frontend-cf.cjdropshipping.com/chat/static/js/17.826b6a00.chunk.js:0
[38079524ms] [ERROR] WebSocket connection to 'wss://chat-socket-home.cjdropshipping.com/socket.io/?loginName=google8581784197065838-home&userType=1&equipment=1&userSystem=278284493&from=home&EIO=3&transport=websocket' failed: Error in connection establishment: net::ERR_INTERNET_DISCONNECTED @ https://frontend-cf.cjdropshipping.com/chat/static/js/17.826b6a00.chunk.js:0
[38141498ms] [ERROR] WebSocket connection to 'wss://chat-socket-home.cjdropshipping.com/socket.io/?loginName=google8581784197065838-home&userType=1&equipment=1&userSystem=278284493&from=home&EIO=3&transport=websocket' failed: Error in connection establishment: net::ERR_INTERNET_DISCONNECTED @ https://frontend-cf.cjdropshipping.com/chat/static/js/17.826b6a00.chunk.js:0
[38256494ms] [ERROR] WebSocket connection to 'wss://chat-socket-home.cjdropshipping.com/socket.io/?loginName=google8581784197065838-home&userType=1&equipment=1&userSystem=278284493&from=home&EIO=3&transport=websocket' failed: Error in connection establishment: net::ERR_INTERNET_DISCONNECTED @ https://frontend-cf.cjdropshipping.com/chat/static/js/17.826b6a00.chunk.js:0
[38318513ms] [ERROR] WebSocket connection to 'wss://chat-socket-home.cjdropshipping.com/socket.io/?loginName=google8581784197065838-home&userType=1&equipment=1&userSystem=278284493&from=home&EIO=3&transport=websocket' failed: Error in connection establishment: net::ERR_INTERNET_DISCONNECTED @ https://frontend-cf.cjdropshipping.com/chat/static/js/17.826b6a00.chunk.js:0
[38381511ms] [ERROR] WebSocket connection to 'wss://chat-socket-home.cjdropshipping.com/socket.io/?loginName=google8581784197065838-home&userType=1&equipment=1&userSystem=278284493&from=home&EIO=3&transport=websocket' failed: Error in connection establishment: net::ERR_INTERNET_DISCONNECTED @ https://frontend-cf.cjdropshipping.com/chat/static/js/17.826b6a00.chunk.js:0
[38443523ms] [ERROR] WebSocket connection to 'wss://chat-socket-home.cjdropshipping.com/socket.io/?loginName=google8581784197065838-home&userType=1&equipment=1&userSystem=278284493&from=home&EIO=3&transport=websocket' failed: Error in connection establishment: net::ERR_INTERNET_DISCONNECTED @ https://frontend-cf.cjdropshipping.com/chat/static/js/17.826b6a00.chunk.js:0
[38558537ms] [ERROR] WebSocket connection to 'wss://chat-socket-home.cjdropshipping.com/socket.io/?loginName=google8581784197065838-home&userType=1&equipment=1&userSystem=278284493&from=home&EIO=3&transport=websocket' failed: Error in connection establishment: net::ERR_INTERNET_DISCONNECTED @ https://frontend-cf.cjdropshipping.com/chat/static/js/17.826b6a00.chunk.js:0
[38621565ms] [ERROR] WebSocket connection to 'wss://chat-socket-home.cjdropshipping.com/socket.io/?loginName=google8581784197065838-home&userType=1&equipment=1&userSystem=278284493&from=home&EIO=3&transport=websocket' failed: Error in connection establishment: net::ERR_INTERNET_DISCONNECTED @ https://frontend-cf.cjdropshipping.com/chat/static/js/17.826b6a00.chunk.js:0
[38683582ms] [ERROR] WebSocket connection to 'wss://chat-socket-home.cjdropshipping.com/socket.io/?loginName=google8581784197065838-home&userType=1&equipment=1&userSystem=278284493&from=home&EIO=3&transport=websocket' failed: Error in connection establishment: net::ERR_INTERNET_DISCONNECTED @ https://frontend-cf.cjdropshipping.com/chat/static/js/17.826b6a00.chunk.js:0
[38746627ms] [ERROR] WebSocket connection to 'wss://chat-socket-home.cjdropshipping.com/socket.io/?loginName=google8581784197065838-home&userType=1&equipment=1&userSystem=278284493&from=home&EIO=3&transport=websocket' failed: Error in connection establishment: net::ERR_INTERNET_DISCONNECTED @ https://frontend-cf.cjdropshipping.com/chat/static/js/17.826b6a00.chunk.js:0
[38861719ms] [ERROR] WebSocket connection to 'wss://chat-socket-home.cjdropshipping.com/socket.io/?loginName=google8581784197065838-home&userType=1&equipment=1&userSystem=278284493&from=home&EIO=3&transport=websocket' failed: Error in connection establishment: net::ERR_INTERNET_DISCONNECTED @ https://frontend-cf.cjdropshipping.com/chat/static/js/17.826b6a00.chunk.js:0
[38921724ms] [ERROR] WebSocket connection to 'wss://chat-socket-home.cjdropshipping.com/socket.io/?loginName=google8581784197065838-home&userType=1&equipment=1&userSystem=278284493&from=home&EIO=3&transport=websocket' failed: Error in connection establishment: net::ERR_INTERNET_DISCONNECTED @ https://frontend-cf.cjdropshipping.com/chat/static/js/17.826b6a00.chunk.js:0
[38987835ms] [ERROR] WebSocket connection to 'wss://chat-socket-home.cjdropshipping.com/socket.io/?loginName=google8581784197065838-home&userType=1&equipment=1&userSystem=278284493&from=home&EIO=3&transport=websocket' failed: Error in connection establishment: net::ERR_INTERNET_DISCONNECTED @ https://frontend-cf.cjdropshipping.com/chat/static/js/17.826b6a00.chunk.js:0
[39049842ms] [ERROR] WebSocket connection to 'wss://chat-socket-home.cjdropshipping.com/socket.io/?loginName=google8581784197065838-home&userType=1&equipment=1&userSystem=278284493&from=home&EIO=3&transport=websocket' failed: Error in connection establishment: net::ERR_INTERNET_DISCONNECTED @ https://frontend-cf.cjdropshipping.com/chat/static/js/17.826b6a00.chunk.js:0
[39164815ms] [ERROR] WebSocket connection to 'wss://chat-socket-home.cjdropshipping.com/socket.io/?loginName=google8581784197065838-home&userType=1&equipment=1&userSystem=278284493&from=home&EIO=3&transport=websocket' failed: Error in connection establishment: net::ERR_INTERNET_DISCONNECTED @ https://frontend-cf.cjdropshipping.com/chat/static/js/17.826b6a00.chunk.js:0
[39227824ms] [ERROR] WebSocket connection to 'wss://chat-socket-home.cjdropshipping.com/socket.io/?loginName=google8581784197065838-home&userType=1&equipment=1&userSystem=278284493&from=home&EIO=3&transport=websocket' failed: Error in connection establishment: net::ERR_INTERNET_DISCONNECTED @ https://frontend-cf.cjdropshipping.com/chat/static/js/17.826b6a00.chunk.js:0
[39289793ms] [ERROR] WebSocket connection to 'wss://chat-socket-home.cjdropshipping.com/socket.io/?loginName=google8581784197065838-home&userType=1&equipment=1&userSystem=278284493&from=home&EIO=3&transport=websocket' failed: Error in connection establishment: net::ERR_INTERNET_DISCONNECTED @ https://frontend-cf.cjdropshipping.com/chat/static/js/17.826b6a00.chunk.js:0
[39352806ms] [ERROR] WebSocket connection to 'wss://chat-socket-home.cjdropshipping.com/socket.io/?loginName=google8581784197065838-home&userType=1&equipment=1&userSystem=278284493&from=home&EIO=3&transport=websocket' failed: Error in connection establishment: net::ERR_INTERNET_DISCONNECTED @ https://frontend-cf.cjdropshipping.com/chat/static/js/17.826b6a00.chunk.js:0
[39467827ms] [ERROR] WebSocket connection to 'wss://chat-socket-home.cjdropshipping.com/socket.io/?loginName=google8581784197065838-home&userType=1&equipment=1&userSystem=278284493&from=home&EIO=3&transport=websocket' failed: Error in connection establishment: net::ERR_INTERNET_DISCONNECTED @ https://frontend-cf.cjdropshipping.com/chat/static/js/17.826b6a00.chunk.js:0
[39529852ms] [ERROR] WebSocket connection to 'wss://chat-socket-home.cjdropshipping.com/socket.io/?loginName=google8581784197065838-home&userType=1&equipment=1&userSystem=278284493&from=home&EIO=3&transport=websocket' failed: Error in connection establishment: net::ERR_INTERNET_DISCONNECTED @ https://frontend-cf.cjdropshipping.com/chat/static/js/17.826b6a00.chunk.js:0
[39592920ms] [ERROR] WebSocket connection to 'wss://chat-socket-home.cjdropshipping.com/socket.io/?loginName=google8581784197065838-home&userType=1&equipment=1&userSystem=278284493&from=home&EIO=3&transport=websocket' failed: Error in connection establishment: net::ERR_INTERNET_DISCONNECTED @ https://frontend-cf.cjdropshipping.com/chat/static/js/17.826b6a00.chunk.js:0
[39654995ms] [ERROR] WebSocket connection to 'wss://chat-socket-home.cjdropshipping.com/socket.io/?loginName=google8581784197065838-home&userType=1&equipment=1&userSystem=278284493&from=home&EIO=3&transport=websocket' failed: Error in connection establishment: net::ERR_INTERNET_DISCONNECTED @ https://frontend-cf.cjdropshipping.com/chat/static/js/17.826b6a00.chunk.js:0
[39770114ms] [ERROR] WebSocket connection to 'wss://chat-socket-home.cjdropshipping.com/socket.io/?loginName=google8581784197065838-home&userType=1&equipment=1&userSystem=278284493&from=home&EIO=3&transport=websocket' failed: Error in connection establishment: net::ERR_INTERNET_DISCONNECTED @ https://frontend-cf.cjdropshipping.com/chat/static/js/17.826b6a00.chunk.js:0
[39832397ms] [ERROR] WebSocket connection to 'wss://chat-socket-home.cjdropshipping.com/socket.io/?loginName=google8581784197065838-home&userType=1&equipment=1&userSystem=278284493&from=home&EIO=3&transport=websocket' failed: Error in connection establishment: net::ERR_INTERNET_DISCONNECTED @ https://frontend-cf.cjdropshipping.com/chat/static/js/17.826b6a00.chunk.js:0
[39895394ms] [ERROR] WebSocket connection to 'wss://chat-socket-home.cjdropshipping.com/socket.io/?loginName=google8581784197065838-home&userType=1&equipment=1&userSystem=278284493&from=home&EIO=3&transport=websocket' failed: Error in connection establishment: net::ERR_INTERNET_DISCONNECTED @ https://frontend-cf.cjdropshipping.com/chat/static/js/17.826b6a00.chunk.js:0
[39957415ms] [ERROR] WebSocket connection to 'wss://chat-socket-home.cjdropshipping.com/socket.io/?loginName=google8581784197065838-home&userType=1&equipment=1&userSystem=278284493&from=home&EIO=3&transport=websocket' failed: Error in connection establishment: net::ERR_INTERNET_DISCONNECTED @ https://frontend-cf.cjdropshipping.com/chat/static/js/17.826b6a00.chunk.js:0
[40072387ms] [ERROR] WebSocket connection to 'wss://chat-socket-home.cjdropshipping.com/socket.io/?loginName=google8581784197065838-home&userType=1&equipment=1&userSystem=278284493&from=home&EIO=3&transport=websocket' failed: Error in connection establishment: net::ERR_INTERNET_DISCONNECTED @ https://frontend-cf.cjdropshipping.com/chat/static/js/17.826b6a00.chunk.js:0
[40134403ms] [ERROR] WebSocket connection to 'wss://chat-socket-home.cjdropshipping.com/socket.io/?loginName=google8581784197065838-home&userType=1&equipment=1&userSystem=278284493&from=home&EIO=3&transport=websocket' failed: Error in connection establishment: net::ERR_INTERNET_DISCONNECTED @ https://frontend-cf.cjdropshipping.com/chat/static/js/17.826b6a00.chunk.js:0
[40197421ms] [ERROR] WebSocket connection to 'wss://chat-socket-home.cjdropshipping.com/socket.io/?loginName=google8581784197065838-home&userType=1&equipment=1&userSystem=278284493&from=home&EIO=3&transport=websocket' failed: Error in connection establishment: net::ERR_INTERNET_DISCONNECTED @ https://frontend-cf.cjdropshipping.com/chat/static/js/17.826b6a00.chunk.js:0
[40259429ms] [ERROR] WebSocket connection to 'wss://chat-socket-home.cjdropshipping.com/socket.io/?loginName=google8581784197065838-home&userType=1&equipment=1&userSystem=278284493&from=home&EIO=3&transport=websocket' failed: Error in connection establishment: net::ERR_INTERNET_DISCONNECTED @ https://frontend-cf.cjdropshipping.com/chat/static/js/17.826b6a00.chunk.js:0
[40374414ms] [ERROR] WebSocket connection to 'wss://chat-socket-home.cjdropshipping.com/socket.io/?loginName=google8581784197065838-home&userType=1&equipment=1&userSystem=278284493&from=home&EIO=3&transport=websocket' failed: Error in connection establishment: net::ERR_INTERNET_DISCONNECTED @ https://frontend-cf.cjdropshipping.com/chat/static/js/17.826b6a00.chunk.js:0
[40437451ms] [ERROR] WebSocket connection to 'wss://chat-socket-home.cjdropshipping.com/socket.io/?loginName=google8581784197065838-home&userType=1&equipment=1&userSystem=278284493&from=home&EIO=3&transport=websocket' failed: Error in connection establishment: net::ERR_INTERNET_DISCONNECTED @ https://frontend-cf.cjdropshipping.com/chat/static/js/17.826b6a00.chunk.js:0
[40499482ms] [ERROR] WebSocket connection to 'wss://chat-socket-home.cjdropshipping.com/socket.io/?loginName=google8581784197065838-home&userType=1&equipment=1&userSystem=278284493&from=home&EIO=3&transport=websocket' failed: Error in connection establishment: net::ERR_INTERNET_DISCONNECTED @ https://frontend-cf.cjdropshipping.com/chat/static/js/17.826b6a00.chunk.js:0
[40562516ms] [ERROR] WebSocket connection to 'wss://chat-socket-home.cjdropshipping.com/socket.io/?loginName=google8581784197065838-home&userType=1&equipment=1&userSystem=278284493&from=home&EIO=3&transport=websocket' failed: Error in connection establishment: net::ERR_INTERNET_DISCONNECTED @ https://frontend-cf.cjdropshipping.com/chat/static/js/17.826b6a00.chunk.js:0
[40677573ms] [ERROR] WebSocket connection to 'wss://chat-socket-home.cjdropshipping.com/socket.io/?loginName=google8581784197065838-home&userType=1&equipment=1&userSystem=278284493&from=home&EIO=3&transport=websocket' failed: Error in connection establishment: net::ERR_INTERNET_DISCONNECTED @ https://frontend-cf.cjdropshipping.com/chat/static/js/17.826b6a00.chunk.js:0
[40739728ms] [ERROR] WebSocket connection to 'wss://chat-socket-home.cjdropshipping.com/socket.io/?loginName=google8581784197065838-home&userType=1&equipment=1&userSystem=278284493&from=home&EIO=3&transport=websocket' failed: Error in connection establishment: net::ERR_INTERNET_DISCONNECTED @ https://frontend-cf.cjdropshipping.com/chat/static/js/17.826b6a00.chunk.js:0
[40802690ms] [ERROR] WebSocket connection to 'wss://chat-socket-home.cjdropshipping.com/socket.io/?loginName=google8581784197065838-home&userType=1&equipment=1&userSystem=278284493&from=home&EIO=3&transport=websocket' failed: Error in connection establishment: net::ERR_INTERNET_DISCONNECTED @ https://frontend-cf.cjdropshipping.com/chat/static/js/17.826b6a00.chunk.js:0
[40864705ms] [ERROR] WebSocket connection to 'wss://chat-socket-home.cjdropshipping.com/socket.io/?loginName=google8581784197065838-home&userType=1&equipment=1&userSystem=278284493&from=home&EIO=3&transport=websocket' failed: Error in connection establishment: net::ERR_INTERNET_DISCONNECTED @ https://frontend-cf.cjdropshipping.com/chat/static/js/17.826b6a00.chunk.js:0
[40979759ms] [ERROR] WebSocket connection to 'wss://chat-socket-home.cjdropshipping.com/socket.io/?loginName=google8581784197065838-home&userType=1&equipment=1&userSystem=278284493&from=home&EIO=3&transport=websocket' failed: Error in connection establishment: net::ERR_INTERNET_DISCONNECTED @ https://frontend-cf.cjdropshipping.com/chat/static/js/17.826b6a00.chunk.js:0
[41041731ms] [ERROR] WebSocket connection to 'wss://chat-socket-home.cjdropshipping.com/socket.io/?loginName=google8581784197065838-home&userType=1&equipment=1&userSystem=278284493&from=home&EIO=3&transport=websocket' failed: Error in connection establishment: net::ERR_INTERNET_DISCONNECTED @ https://frontend-cf.cjdropshipping.com/chat/static/js/17.826b6a00.chunk.js:0
[41104741ms] [ERROR] WebSocket connection to 'wss://chat-socket-home.cjdropshipping.com/socket.io/?loginName=google8581784197065838-home&userType=1&equipment=1&userSystem=278284493&from=home&EIO=3&transport=websocket' failed: Error in connection establishment: net::ERR_INTERNET_DISCONNECTED @ https://frontend-cf.cjdropshipping.com/chat/static/js/17.826b6a00.chunk.js:0
[41166722ms] [ERROR] WebSocket connection to 'wss://chat-socket-home.cjdropshipping.com/socket.io/?loginName=google8581784197065838-home&userType=1&equipment=1&userSystem=278284493&from=home&EIO=3&transport=websocket' failed: Error in connection establishment: net::ERR_INTERNET_DISCONNECTED @ https://frontend-cf.cjdropshipping.com/chat/static/js/17.826b6a00.chunk.js:0
[41221728ms] [ERROR] WebSocket connection to 'wss://chat-socket-home.cjdropshipping.com/socket.io/?loginName=google8581784197065838-home&userType=1&equipment=1&userSystem=278284493&from=home&EIO=3&transport=websocket' failed: Error in connection establishment: net::ERR_INTERNET_DISCONNECTED @ https://frontend-cf.cjdropshipping.com/chat/static/js/17.826b6a00.chunk.js:0
[41283711ms] [ERROR] WebSocket connection to 'wss://chat-socket-home.cjdropshipping.com/socket.io/?loginName=google8581784197065838-home&userType=1&equipment=1&userSystem=278284493&from=home&EIO=3&transport=websocket' failed: Error in connection establishment: net::ERR_INTERNET_DISCONNECTED @ https://frontend-cf.cjdropshipping.com/chat/static/js/17.826b6a00.chunk.js:0
[41345689ms] [ERROR] WebSocket connection to 'wss://chat-socket-home.cjdropshipping.com/socket.io/?loginName=google8581784197065838-home&userType=1&equipment=1&userSystem=278284493&from=home&EIO=3&transport=websocket' failed: Error in connection establishment: net::ERR_INTERNET_DISCONNECTED @ https://frontend-cf.cjdropshipping.com/chat/static/js/17.826b6a00.chunk.js:0
[41408799ms] [ERROR] WebSocket connection to 'wss://chat-socket-home.cjdropshipping.com/socket.io/?loginName=google8581784197065838-home&userType=1&equipment=1&userSystem=278284493&from=home&EIO=3&transport=websocket' failed: Error in connection establishment: net::ERR_INTERNET_DISCONNECTED @ https://frontend-cf.cjdropshipping.com/chat/static/js/17.826b6a00.chunk.js:0
[41523887ms] [ERROR] WebSocket connection to 'wss://chat-socket-home.cjdropshipping.com/socket.io/?loginName=google8581784197065838-home&userType=1&equipment=1&userSystem=278284493&from=home&EIO=3&transport=websocket' failed: Error in connection establishment: net::ERR_INTERNET_DISCONNECTED @ https://frontend-cf.cjdropshipping.com/chat/static/js/17.826b6a00.chunk.js:0
[41586072ms] [ERROR] WebSocket connection to 'wss://chat-socket-home.cjdropshipping.com/socket.io/?loginName=google8581784197065838-home&userType=1&equipment=1&userSystem=278284493&from=home&EIO=3&transport=websocket' failed: Error in connection establishment: net::ERR_INTERNET_DISCONNECTED @ https://frontend-cf.cjdropshipping.com/chat/static/js/17.826b6a00.chunk.js:0
[41649086ms] [ERROR] WebSocket connection to 'wss://chat-socket-home.cjdropshipping.com/socket.io/?loginName=google8581784197065838-home&userType=1&equipment=1&userSystem=278284493&from=home&EIO=3&transport=websocket' failed: Error in connection establishment: net::ERR_INTERNET_DISCONNECTED @ https://frontend-cf.cjdropshipping.com/chat/static/js/17.826b6a00.chunk.js:0
[41711077ms] [ERROR] WebSocket connection to 'wss://chat-socket-home.cjdropshipping.com/socket.io/?loginName=google8581784197065838-home&userType=1&equipment=1&userSystem=278284493&from=home&EIO=3&transport=websocket' failed: Error in connection establishment: net::ERR_INTERNET_DISCONNECTED @ https://frontend-cf.cjdropshipping.com/chat/static/js/17.826b6a00.chunk.js:0
[41826068ms] [ERROR] WebSocket connection to 'wss://chat-socket-home.cjdropshipping.com/socket.io/?loginName=google8581784197065838-home&userType=1&equipment=1&userSystem=278284493&from=home&EIO=3&transport=websocket' failed: Error in connection establishment: net::ERR_INTERNET_DISCONNECTED @ https://frontend-cf.cjdropshipping.com/chat/static/js/17.826b6a00.chunk.js:0
[41889075ms] [ERROR] WebSocket connection to 'wss://chat-socket-home.cjdropshipping.com/socket.io/?loginName=google8581784197065838-home&userType=1&equipment=1&userSystem=278284493&from=home&EIO=3&transport=websocket' failed: Error in connection establishment: net::ERR_INTERNET_DISCONNECTED @ https://frontend-cf.cjdropshipping.com/chat/static/js/17.826b6a00.chunk.js:0
[41951096ms] [ERROR] WebSocket connection to 'wss://chat-socket-home.cjdropshipping.com/socket.io/?loginName=google8581784197065838-home&userType=1&equipment=1&userSystem=278284493&from=home&EIO=3&transport=websocket' failed: Error in connection establishment: net::ERR_INTERNET_DISCONNECTED @ https://frontend-cf.cjdropshipping.com/chat/static/js/17.826b6a00.chunk.js:0
[42014100ms] [ERROR] WebSocket connection to 'wss://chat-socket-home.cjdropshipping.com/socket.io/?loginName=google8581784197065838-home&userType=1&equipment=1&userSystem=278284493&from=home&EIO=3&transport=websocket' failed: Error in connection establishment: net::ERR_INTERNET_DISCONNECTED @ https://frontend-cf.cjdropshipping.com/chat/static/js/17.826b6a00.chunk.js:0
[42129127ms] [ERROR] WebSocket connection to 'wss://chat-socket-home.cjdropshipping.com/socket.io/?loginName=google8581784197065838-home&userType=1&equipment=1&userSystem=278284493&from=home&EIO=3&transport=websocket' failed: Error in connection establishment: net::ERR_INTERNET_DISCONNECTED @ https://frontend-cf.cjdropshipping.com/chat/static/js/17.826b6a00.chunk.js:0
[42191147ms] [ERROR] WebSocket connection to 'wss://chat-socket-home.cjdropshipping.com/socket.io/?loginName=google8581784197065838-home&userType=1&equipment=1&userSystem=278284493&from=home&EIO=3&transport=websocket' failed: Error in connection establishment: net::ERR_INTERNET_DISCONNECTED @ https://frontend-cf.cjdropshipping.com/chat/static/js/17.826b6a00.chunk.js:0
[42254213ms] [ERROR] WebSocket connection to 'wss://chat-socket-home.cjdropshipping.com/socket.io/?loginName=google8581784197065838-home&userType=1&equipment=1&userSystem=278284493&from=home&EIO=3&transport=websocket' failed: Error in connection establishment: net::ERR_INTERNET_DISCONNECTED @ https://frontend-cf.cjdropshipping.com/chat/static/js/17.826b6a00.chunk.js:0
[42369346ms] [ERROR] WebSocket connection to 'wss://chat-socket-home.cjdropshipping.com/socket.io/?loginName=google8581784197065838-home&userType=1&equipment=1&userSystem=278284493&from=home&EIO=3&transport=websocket' failed: Error in connection establishment: net::ERR_INTERNET_DISCONNECTED @ https://frontend-cf.cjdropshipping.com/chat/static/js/17.826b6a00.chunk.js:0
[42431458ms] [ERROR] WebSocket connection to 'wss://chat-socket-home.cjdropshipping.com/socket.io/?loginName=google8581784197065838-home&userType=1&equipment=1&userSystem=278284493&from=home&EIO=3&transport=websocket' failed: Error in connection establishment: net::ERR_INTERNET_DISCONNECTED @ https://frontend-cf.cjdropshipping.com/chat/static/js/17.826b6a00.chunk.js:0
[42494566ms] [ERROR] WebSocket connection to 'wss://chat-socket-home.cjdropshipping.com/socket.io/?loginName=google8581784197065838-home&userType=1&equipment=1&userSystem=278284493&from=home&EIO=3&transport=websocket' failed: Error in connection establishment: net::ERR_INTERNET_DISCONNECTED @ https://frontend-cf.cjdropshipping.com/chat/static/js/17.826b6a00.chunk.js:0
[42556581ms] [ERROR] WebSocket connection to 'wss://chat-socket-home.cjdropshipping.com/socket.io/?loginName=google8581784197065838-home&userType=1&equipment=1&userSystem=278284493&from=home&EIO=3&transport=websocket' failed: Error in connection establishment: net::ERR_INTERNET_DISCONNECTED @ https://frontend-cf.cjdropshipping.com/chat/static/js/17.826b6a00.chunk.js:0
[42671605ms] [ERROR] WebSocket connection to 'wss://chat-socket-home.cjdropshipping.com/socket.io/?loginName=google8581784197065838-home&userType=1&equipment=1&userSystem=278284493&from=home&EIO=3&transport=websocket' failed: Error in connection establishment: net::ERR_INTERNET_DISCONNECTED @ https://frontend-cf.cjdropshipping.com/chat/static/js/17.826b6a00.chunk.js:0
[42734620ms] [ERROR] WebSocket connection to 'wss://chat-socket-home.cjdropshipping.com/socket.io/?loginName=google8581784197065838-home&userType=1&equipment=1&userSystem=278284493&from=home&EIO=3&transport=websocket' failed: Error in connection establishment: net::ERR_INTERNET_DISCONNECTED @ https://frontend-cf.cjdropshipping.com/chat/static/js/17.826b6a00.chunk.js:0
[42796658ms] [ERROR] WebSocket connection to 'wss://chat-socket-home.cjdropshipping.com/socket.io/?loginName=google8581784197065838-home&userType=1&equipment=1&userSystem=278284493&from=home&EIO=3&transport=websocket' failed: Error in connection establishment: net::ERR_INTERNET_DISCONNECTED @ https://frontend-cf.cjdropshipping.com/chat/static/js/17.826b6a00.chunk.js:0
[42859677ms] [ERROR] WebSocket connection to 'wss://chat-socket-home.cjdropshipping.com/socket.io/?loginName=google8581784197065838-home&userType=1&equipment=1&userSystem=278284493&from=home&EIO=3&transport=websocket' failed: Error in connection establishment: net::ERR_INTERNET_DISCONNECTED @ https://frontend-cf.cjdropshipping.com/chat/static/js/17.826b6a00.chunk.js:0
[42974666ms] [ERROR] WebSocket connection to 'wss://chat-socket-home.cjdropshipping.com/socket.io/?loginName=google8581784197065838-home&userType=1&equipment=1&userSystem=278284493&from=home&EIO=3&transport=websocket' failed: Error in connection establishment: net::ERR_INTERNET_DISCONNECTED @ https://frontend-cf.cjdropshipping.com/chat/static/js/17.826b6a00.chunk.js:0
[43036695ms] [ERROR] WebSocket connection to 'wss://chat-socket-home.cjdropshipping.com/socket.io/?loginName=google8581784197065838-home&userType=1&equipment=1&userSystem=278284493&from=home&EIO=3&transport=websocket' failed: Error in connection establishment: net::ERR_INTERNET_DISCONNECTED @ https://frontend-cf.cjdropshipping.com/chat/static/js/17.826b6a00.chunk.js:0
[43099726ms] [ERROR] WebSocket connection to 'wss://chat-socket-home.cjdropshipping.com/socket.io/?loginName=google8581784197065838-home&userType=1&equipment=1&userSystem=278284493&from=home&EIO=3&transport=websocket' failed: Error in connection establishment: net::ERR_INTERNET_DISCONNECTED @ https://frontend-cf.cjdropshipping.com/chat/static/js/17.826b6a00.chunk.js:0
[43161767ms] [ERROR] WebSocket connection to 'wss://chat-socket-home.cjdropshipping.com/socket.io/?loginName=google8581784197065838-home&userType=1&equipment=1&userSystem=278284493&from=home&EIO=3&transport=websocket' failed: Error in connection establishment: net::ERR_INTERNET_DISCONNECTED @ https://frontend-cf.cjdropshipping.com/chat/static/js/17.826b6a00.chunk.js:0
[43276813ms] [ERROR] WebSocket connection to 'wss://chat-socket-home.cjdropshipping.com/socket.io/?loginName=google8581784197065838-home&userType=1&equipment=1&userSystem=278284493&from=home&EIO=3&transport=websocket' failed: Error in connection establishment: net::ERR_INTERNET_DISCONNECTED @ https://frontend-cf.cjdropshipping.com/chat/static/js/17.826b6a00.chunk.js:0
[43339856ms] [ERROR] WebSocket connection to 'wss://chat-socket-home.cjdropshipping.com/socket.io/?loginName=google8581784197065838-home&userType=1&equipment=1&userSystem=278284493&from=home&EIO=3&transport=websocket' failed: Error in connection establishment: net::ERR_INTERNET_DISCONNECTED @ https://frontend-cf.cjdropshipping.com/chat/static/js/17.826b6a00.chunk.js:0
[43401962ms] [ERROR] WebSocket connection to 'wss://chat-socket-home.cjdropshipping.com/socket.io/?loginName=google8581784197065838-home&userType=1&equipment=1&userSystem=278284493&from=home&EIO=3&transport=websocket' failed: Error in connection establishment: net::ERR_INTERNET_DISCONNECTED @ https://frontend-cf.cjdropshipping.com/chat/static/js/17.826b6a00.chunk.js:0
[43464995ms] [ERROR] WebSocket connection to 'wss://chat-socket-home.cjdropshipping.com/socket.io/?loginName=google8581784197065838-home&userType=1&equipment=1&userSystem=278284493&from=home&EIO=3&transport=websocket' failed: Error in connection establishment: net::ERR_INTERNET_DISCONNECTED @ https://frontend-cf.cjdropshipping.com/chat/static/js/17.826b6a00.chunk.js:0
[43580012ms] [ERROR] WebSocket connection to 'wss://chat-socket-home.cjdropshipping.com/socket.io/?loginName=google8581784197065838-home&userType=1&equipment=1&userSystem=278284493&from=home&EIO=3&transport=websocket' failed: Error in connection establishment: net::ERR_INTERNET_DISCONNECTED @ https://frontend-cf.cjdropshipping.com/chat/static/js/17.826b6a00.chunk.js:0
[43642009ms] [ERROR] WebSocket connection to 'wss://chat-socket-home.cjdropshipping.com/socket.io/?loginName=google8581784197065838-home&userType=1&equipment=1&userSystem=278284493&from=home&EIO=3&transport=websocket' failed: Error in connection establishment: net::ERR_INTERNET_DISCONNECTED @ https://frontend-cf.cjdropshipping.com/chat/static/js/17.826b6a00.chunk.js:0
[43705021ms] [ERROR] WebSocket connection to 'wss://chat-socket-home.cjdropshipping.com/socket.io/?loginName=google8581784197065838-home&userType=1&equipment=1&userSystem=278284493&from=home&EIO=3&transport=websocket' failed: Error in connection establishment: net::ERR_INTERNET_DISCONNECTED @ https://frontend-cf.cjdropshipping.com/chat/static/js/17.826b6a00.chunk.js:0
[43767031ms] [ERROR] WebSocket connection to 'wss://chat-socket-home.cjdropshipping.com/socket.io/?loginName=google8581784197065838-home&userType=1&equipment=1&userSystem=278284493&from=home&EIO=3&transport=websocket' failed: Error in connection establishment: net::ERR_INTERNET_DISCONNECTED @ https://frontend-cf.cjdropshipping.com/chat/static/js/17.826b6a00.chunk.js:0
[43882035ms] [ERROR] WebSocket connection to 'wss://chat-socket-home.cjdropshipping.com/socket.io/?loginName=google8581784197065838-home&userType=1&equipment=1&userSystem=278284493&from=home&EIO=3&transport=websocket' failed: Error in connection establishment: net::ERR_INTERNET_DISCONNECTED @ https://frontend-cf.cjdropshipping.com/chat/static/js/17.826b6a00.chunk.js:0
[43945067ms] [ERROR] WebSocket connection to 'wss://chat-socket-home.cjdropshipping.com/socket.io/?loginName=google8581784197065838-home&userType=1&equipment=1&userSystem=278284493&from=home&EIO=3&transport=websocket' failed: Error in connection establishment: net::ERR_INTERNET_DISCONNECTED @ https://frontend-cf.cjdropshipping.com/chat/static/js/17.826b6a00.chunk.js:0
[44007084ms] [ERROR] WebSocket connection to 'wss://chat-socket-home.cjdropshipping.com/socket.io/?loginName=google8581784197065838-home&userType=1&equipment=1&userSystem=278284493&from=home&EIO=3&transport=websocket' failed: Error in connection establishment: net::ERR_INTERNET_DISCONNECTED @ https://frontend-cf.cjdropshipping.com/chat/static/js/17.826b6a00.chunk.js:0
[44070132ms] [ERROR] WebSocket connection to 'wss://chat-socket-home.cjdropshipping.com/socket.io/?loginName=google8581784197065838-home&userType=1&equipment=1&userSystem=278284493&from=home&EIO=3&transport=websocket' failed: Error in connection establishment: net::ERR_INTERNET_DISCONNECTED @ https://frontend-cf.cjdropshipping.com/chat/static/js/17.826b6a00.chunk.js:0
[44185197ms] [ERROR] WebSocket connection to 'wss://chat-socket-home.cjdropshipping.com/socket.io/?loginName=google8581784197065838-home&userType=1&equipment=1&userSystem=278284493&from=home&EIO=3&transport=websocket' failed: Error in connection establishment: net::ERR_INTERNET_DISCONNECTED @ https://frontend-cf.cjdropshipping.com/chat/static/js/17.826b6a00.chunk.js:0
[44247373ms] [ERROR] WebSocket connection to 'wss://chat-socket-home.cjdropshipping.com/socket.io/?loginName=google8581784197065838-home&userType=1&equipment=1&userSystem=278284493&from=home&EIO=3&transport=websocket' failed: Error in connection establishment: net::ERR_INTERNET_DISCONNECTED @ https://frontend-cf.cjdropshipping.com/chat/static/js/17.826b6a00.chunk.js:0
[44310659ms] [ERROR] WebSocket connection to 'wss://chat-socket-home.cjdropshipping.com/socket.io/?loginName=google8581784197065838-home&userType=1&equipment=1&userSystem=278284493&from=home&EIO=3&transport=websocket' failed: Error in connection establishment: net::ERR_INTERNET_DISCONNECTED @ https://frontend-cf.cjdropshipping.com/chat/static/js/17.826b6a00.chunk.js:0
[44372657ms] [ERROR] WebSocket connection to 'wss://chat-socket-home.cjdropshipping.com/socket.io/?loginName=google8581784197065838-home&userType=1&equipment=1&userSystem=278284493&from=home&EIO=3&transport=websocket' failed: Error in connection establishment: net::ERR_INTERNET_DISCONNECTED @ https://frontend-cf.cjdropshipping.com/chat/static/js/17.826b6a00.chunk.js:0
[44487636ms] [ERROR] WebSocket connection to 'wss://chat-socket-home.cjdropshipping.com/socket.io/?loginName=google8581784197065838-home&userType=1&equipment=1&userSystem=278284493&from=home&EIO=3&transport=websocket' failed: Error in connection establishment: net::ERR_INTERNET_DISCONNECTED @ https://frontend-cf.cjdropshipping.com/chat/static/js/17.826b6a00.chunk.js:0
[44550643ms] [ERROR] WebSocket connection to 'wss://chat-socket-home.cjdropshipping.com/socket.io/?loginName=google8581784197065838-home&userType=1&equipment=1&userSystem=278284493&from=home&EIO=3&transport=websocket' failed: Error in connection establishment: net::ERR_INTERNET_DISCONNECTED @ https://frontend-cf.cjdropshipping.com/chat/static/js/17.826b6a00.chunk.js:0
[44612632ms] [ERROR] WebSocket connection to 'wss://chat-socket-home.cjdropshipping.com/socket.io/?loginName=google8581784197065838-home&userType=1&equipment=1&userSystem=278284493&from=home&EIO=3&transport=websocket' failed: Error in connection establishment: net::ERR_INTERNET_DISCONNECTED @ https://frontend-cf.cjdropshipping.com/chat/static/js/17.826b6a00.chunk.js:0
[44675643ms] [ERROR] WebSocket connection to 'wss://chat-socket-home.cjdropshipping.com/socket.io/?loginName=google8581784197065838-home&userType=1&equipment=1&userSystem=278284493&from=home&EIO=3&transport=websocket' failed: Error in connection establishment: net::ERR_INTERNET_DISCONNECTED @ https://frontend-cf.cjdropshipping.com/chat/static/js/17.826b6a00.chunk.js:0
[44790637ms] [ERROR] WebSocket connection to 'wss://chat-socket-home.cjdropshipping.com/socket.io/?loginName=google8581784197065838-home&userType=1&equipment=1&userSystem=278284493&from=home&EIO=3&transport=websocket' failed: Error in connection establishment: net::ERR_INTERNET_DISCONNECTED @ https://frontend-cf.cjdropshipping.com/chat/static/js/17.826b6a00.chunk.js:0
[44852645ms] [ERROR] WebSocket connection to 'wss://chat-socket-home.cjdropshipping.com/socket.io/?loginName=google8581784197065838-home&userType=1&equipment=1&userSystem=278284493&from=home&EIO=3&transport=websocket' failed: Error in connection establishment: net::ERR_INTERNET_DISCONNECTED @ https://frontend-cf.cjdropshipping.com/chat/static/js/17.826b6a00.chunk.js:0
[44914658ms] [ERROR] WebSocket connection to 'wss://chat-socket-home.cjdropshipping.com/socket.io/?loginName=google8581784197065838-home&userType=1&equipment=1&userSystem=278284493&from=home&EIO=3&transport=websocket' failed: Error in connection establishment: net::ERR_INTERNET_DISCONNECTED @ https://frontend-cf.cjdropshipping.com/chat/static/js/17.826b6a00.chunk.js:0
[44977711ms] [ERROR] WebSocket connection to 'wss://chat-socket-home.cjdropshipping.com/socket.io/?loginName=google8581784197065838-home&userType=1&equipment=1&userSystem=278284493&from=home&EIO=3&transport=websocket' failed: Error in connection establishment: net::ERR_INTERNET_DISCONNECTED @ https://frontend-cf.cjdropshipping.com/chat/static/js/17.826b6a00.chunk.js:0
[45092741ms] [ERROR] WebSocket connection to 'wss://chat-socket-home.cjdropshipping.com/socket.io/?loginName=google8581784197065838-home&userType=1&equipment=1&userSystem=278284493&from=home&EIO=3&transport=websocket' failed: Error in connection establishment: net::ERR_INTERNET_DISCONNECTED @ https://frontend-cf.cjdropshipping.com/chat/static/js/17.826b6a00.chunk.js:0
[45154836ms] [ERROR] WebSocket connection to 'wss://chat-socket-home.cjdropshipping.com/socket.io/?loginName=google8581784197065838-home&userType=1&equipment=1&userSystem=278284493&from=home&EIO=3&transport=websocket' failed: Error in connection establishment: net::ERR_INTERNET_DISCONNECTED @ https://frontend-cf.cjdropshipping.com/chat/static/js/17.826b6a00.chunk.js:0
[45218076ms] [ERROR] WebSocket connection to 'wss://chat-socket-home.cjdropshipping.com/socket.io/?loginName=google8581784197065838-home&userType=1&equipment=1&userSystem=278284493&from=home&EIO=3&transport=websocket' failed: Error in connection establishment: net::ERR_INTERNET_DISCONNECTED @ https://frontend-cf.cjdropshipping.com/chat/static/js/17.826b6a00.chunk.js:0
[45280062ms] [ERROR] WebSocket connection to 'wss://chat-socket-home.cjdropshipping.com/socket.io/?loginName=google8581784197065838-home&userType=1&equipment=1&userSystem=278284493&from=home&EIO=3&transport=websocket' failed: Error in connection establishment: net::ERR_INTERNET_DISCONNECTED @ https://frontend-cf.cjdropshipping.com/chat/static/js/17.826b6a00.chunk.js:0
[45395073ms] [ERROR] WebSocket connection to 'wss://chat-socket-home.cjdropshipping.com/socket.io/?loginName=google8581784197065838-home&userType=1&equipment=1&userSystem=278284493&from=home&EIO=3&transport=websocket' failed: Error in connection establishment: net::ERR_INTERNET_DISCONNECTED @ https://frontend-cf.cjdropshipping.com/chat/static/js/17.826b6a00.chunk.js:0
[45458084ms] [ERROR] WebSocket connection to 'wss://chat-socket-home.cjdropshipping.com/socket.io/?loginName=google8581784197065838-home&userType=1&equipment=1&userSystem=278284493&from=home&EIO=3&transport=websocket' failed: Error in connection establishment: net::ERR_INTERNET_DISCONNECTED @ https://frontend-cf.cjdropshipping.com/chat/static/js/17.826b6a00.chunk.js:0
[45520105ms] [ERROR] WebSocket connection to 'wss://chat-socket-home.cjdropshipping.com/socket.io/?loginName=google8581784197065838-home&userType=1&equipment=1&userSystem=278284493&from=home&EIO=3&transport=websocket' failed: Error in connection establishment: net::ERR_INTERNET_DISCONNECTED @ https://frontend-cf.cjdropshipping.com/chat/static/js/17.826b6a00.chunk.js:0
[45583084ms] [ERROR] WebSocket connection to 'wss://chat-socket-home.cjdropshipping.com/socket.io/?loginName=google8581784197065838-home&userType=1&equipment=1&userSystem=278284493&from=home&EIO=3&transport=websocket' failed: Error in connection establishment: net::ERR_INTERNET_DISCONNECTED @ https://frontend-cf.cjdropshipping.com/chat/static/js/17.826b6a00.chunk.js:0
[45698062ms] [ERROR] WebSocket connection to 'wss://chat-socket-home.cjdropshipping.com/socket.io/?loginName=google8581784197065838-home&userType=1&equipment=1&userSystem=278284493&from=home&EIO=3&transport=websocket' failed: Error in connection establishment: net::ERR_INTERNET_DISCONNECTED @ https://frontend-cf.cjdropshipping.com/chat/static/js/17.826b6a00.chunk.js:0
[45760066ms] [ERROR] WebSocket connection to 'wss://chat-socket-home.cjdropshipping.com/socket.io/?loginName=google8581784197065838-home&userType=1&equipment=1&userSystem=278284493&from=home&EIO=3&transport=websocket' failed: Error in connection establishment: net::ERR_INTERNET_DISCONNECTED @ https://frontend-cf.cjdropshipping.com/chat/static/js/17.826b6a00.chunk.js:0
[45823094ms] [ERROR] WebSocket connection to 'wss://chat-socket-home.cjdropshipping.com/socket.io/?loginName=google8581784197065838-home&userType=1&equipment=1&userSystem=278284493&from=home&EIO=3&transport=websocket' failed: Error in connection establishment: net::ERR_INTERNET_DISCONNECTED @ https://frontend-cf.cjdropshipping.com/chat/static/js/17.826b6a00.chunk.js:0
[45885134ms] [ERROR] WebSocket connection to 'wss://chat-socket-home.cjdropshipping.com/socket.io/?loginName=google8581784197065838-home&userType=1&equipment=1&userSystem=278284493&from=home&EIO=3&transport=websocket' failed: Error in connection establishment: net::ERR_INTERNET_DISCONNECTED @ https://frontend-cf.cjdropshipping.com/chat/static/js/17.826b6a00.chunk.js:0
[46000202ms] [ERROR] WebSocket connection to 'wss://chat-socket-home.cjdropshipping.com/socket.io/?loginName=google8581784197065838-home&userType=1&equipment=1&userSystem=278284493&from=home&EIO=3&transport=websocket' failed: Error in connection establishment: net::ERR_INTERNET_DISCONNECTED @ https://frontend-cf.cjdropshipping.com/chat/static/js/17.826b6a00.chunk.js:0
[46063336ms] [ERROR] WebSocket connection to 'wss://chat-socket-home.cjdropshipping.com/socket.io/?loginName=google8581784197065838-home&userType=1&equipment=1&userSystem=278284493&from=home&EIO=3&transport=websocket' failed: Error in connection establishment: net::ERR_INTERNET_DISCONNECTED @ https://frontend-cf.cjdropshipping.com/chat/static/js/17.826b6a00.chunk.js:0
[46125567ms] [ERROR] WebSocket connection to 'wss://chat-socket-home.cjdropshipping.com/socket.io/?loginName=google8581784197065838-home&userType=1&equipment=1&userSystem=278284493&from=home&EIO=3&transport=websocket' failed: Error in connection establishment: net::ERR_INTERNET_DISCONNECTED @ https://frontend-cf.cjdropshipping.com/chat/static/js/17.826b6a00.chunk.js:0
[46240590ms] [ERROR] WebSocket connection to 'wss://chat-socket-home.cjdropshipping.com/socket.io/?loginName=google8581784197065838-home&userType=1&equipment=1&userSystem=278284493&from=home&EIO=3&transport=websocket' failed: Error in connection establishment: net::ERR_INTERNET_DISCONNECTED @ https://frontend-cf.cjdropshipping.com/chat/static/js/17.826b6a00.chunk.js:0
[46303573ms] [ERROR] WebSocket connection to 'wss://chat-socket-home.cjdropshipping.com/socket.io/?loginName=google8581784197065838-home&userType=1&equipment=1&userSystem=278284493&from=home&EIO=3&transport=websocket' failed: Error in connection establishment: net::ERR_INTERNET_DISCONNECTED @ https://frontend-cf.cjdropshipping.com/chat/static/js/17.826b6a00.chunk.js:0
[46365590ms] [ERROR] WebSocket connection to 'wss://chat-socket-home.cjdropshipping.com/socket.io/?loginName=google8581784197065838-home&userType=1&equipment=1&userSystem=278284493&from=home&EIO=3&transport=websocket' failed: Error in connection establishment: net::ERR_INTERNET_DISCONNECTED @ https://frontend-cf.cjdropshipping.com/chat/static/js/17.826b6a00.chunk.js:0
[46428594ms] [ERROR] WebSocket connection to 'wss://chat-socket-home.cjdropshipping.com/socket.io/?loginName=google8581784197065838-home&userType=1&equipment=1&userSystem=278284493&from=home&EIO=3&transport=websocket' failed: Error in connection establishment: net::ERR_INTERNET_DISCONNECTED @ https://frontend-cf.cjdropshipping.com/chat/static/js/17.826b6a00.chunk.js:0
[46543598ms] [ERROR] WebSocket connection to 'wss://chat-socket-home.cjdropshipping.com/socket.io/?loginName=google8581784197065838-home&userType=1&equipment=1&userSystem=278284493&from=home&EIO=3&transport=websocket' failed: Error in connection establishment: net::ERR_INTERNET_DISCONNECTED @ https://frontend-cf.cjdropshipping.com/chat/static/js/17.826b6a00.chunk.js:0
[46605605ms] [ERROR] WebSocket connection to 'wss://chat-socket-home.cjdropshipping.com/socket.io/?loginName=google8581784197065838-home&userType=1&equipment=1&userSystem=278284493&from=home&EIO=3&transport=websocket' failed: Error in connection establishment: net::ERR_INTERNET_DISCONNECTED @ https://frontend-cf.cjdropshipping.com/chat/static/js/17.826b6a00.chunk.js:0
[46668652ms] [ERROR] WebSocket connection to 'wss://chat-socket-home.cjdropshipping.com/socket.io/?loginName=google8581784197065838-home&userType=1&equipment=1&userSystem=278284493&from=home&EIO=3&transport=websocket' failed: Error in connection establishment: net::ERR_INTERNET_DISCONNECTED @ https://frontend-cf.cjdropshipping.com/chat/static/js/17.826b6a00.chunk.js:0
[46730660ms] [ERROR] WebSocket connection to 'wss://chat-socket-home.cjdropshipping.com/socket.io/?loginName=google8581784197065838-home&userType=1&equipment=1&userSystem=278284493&from=home&EIO=3&transport=websocket' failed: Error in connection establishment: net::ERR_INTERNET_DISCONNECTED @ https://frontend-cf.cjdropshipping.com/chat/static/js/17.826b6a00.chunk.js:0
[46845705ms] [ERROR] WebSocket connection to 'wss://chat-socket-home.cjdropshipping.com/socket.io/?loginName=google8581784197065838-home&userType=1&equipment=1&userSystem=278284493&from=home&EIO=3&transport=websocket' failed: Error in connection establishment: net::ERR_INTERNET_DISCONNECTED @ https://frontend-cf.cjdropshipping.com/chat/static/js/17.826b6a00.chunk.js:0
[46908778ms] [ERROR] WebSocket connection to 'wss://chat-socket-home.cjdropshipping.com/socket.io/?loginName=google8581784197065838-home&userType=1&equipment=1&userSystem=278284493&from=home&EIO=3&transport=websocket' failed: Error in connection establishment: net::ERR_INTERNET_DISCONNECTED @ https://frontend-cf.cjdropshipping.com/chat/static/js/17.826b6a00.chunk.js:0
[46970905ms] [ERROR] WebSocket connection to 'wss://chat-socket-home.cjdropshipping.com/socket.io/?loginName=google8581784197065838-home&userType=1&equipment=1&userSystem=278284493&from=home&EIO=3&transport=websocket' failed: Error in connection establishment: net::ERR_INTERNET_DISCONNECTED @ https://frontend-cf.cjdropshipping.com/chat/static/js/17.826b6a00.chunk.js:0
[47033980ms] [ERROR] WebSocket connection to 'wss://chat-socket-home.cjdropshipping.com/socket.io/?loginName=google8581784197065838-home&userType=1&equipment=1&userSystem=278284493&from=home&EIO=3&transport=websocket' failed: Error in connection establishment: net::ERR_INTERNET_DISCONNECTED @ https://frontend-cf.cjdropshipping.com/chat/static/js/17.826b6a00.chunk.js:0
[47144850ms] [ERROR] WebSocket connection to 'wss://chat-socket-home.cjdropshipping.com/socket.io/?loginName=google8581784197065838-home&userType=1&equipment=1&userSystem=278284493&from=home&EIO=3&transport=websocket' failed: Error in connection establishment: net::ERR_INTERNET_DISCONNECTED @ https://frontend-cf.cjdropshipping.com/chat/static/js/17.826b6a00.chunk.js:0
[47211012ms] [ERROR] WebSocket connection to 'wss://chat-socket-home.cjdropshipping.com/socket.io/?loginName=google8581784197065838-home&userType=1&equipment=1&userSystem=278284493&from=home&EIO=3&transport=websocket' failed: Error in connection establishment: net::ERR_INTERNET_DISCONNECTED @ https://frontend-cf.cjdropshipping.com/chat/static/js/17.826b6a00.chunk.js:0
[47273011ms] [ERROR] WebSocket connection to 'wss://chat-socket-home.cjdropshipping.com/socket.io/?loginName=google8581784197065838-home&userType=1&equipment=1&userSystem=278284493&from=home&EIO=3&transport=websocket' failed: Error in connection establishment: net::ERR_INTERNET_DISCONNECTED @ https://frontend-cf.cjdropshipping.com/chat/static/js/17.826b6a00.chunk.js:0
[47336026ms] [ERROR] WebSocket connection to 'wss://chat-socket-home.cjdropshipping.com/socket.io/?loginName=google8581784197065838-home&userType=1&equipment=1&userSystem=278284493&from=home&EIO=3&transport=websocket' failed: Error in connection establishment: net::ERR_INTERNET_DISCONNECTED @ https://frontend-cf.cjdropshipping.com/chat/static/js/17.826b6a00.chunk.js:0
[47451039ms] [ERROR] WebSocket connection to 'wss://chat-socket-home.cjdropshipping.com/socket.io/?loginName=google8581784197065838-home&userType=1&equipment=1&userSystem=278284493&from=home&EIO=3&transport=websocket' failed: Error in connection establishment: net::ERR_INTERNET_DISCONNECTED @ https://frontend-cf.cjdropshipping.com/chat/static/js/17.826b6a00.chunk.js:0
[47513064ms] [ERROR] WebSocket connection to 'wss://chat-socket-home.cjdropshipping.com/socket.io/?loginName=google8581784197065838-home&userType=1&equipment=1&userSystem=278284493&from=home&EIO=3&transport=websocket' failed: Error in connection establishment: net::ERR_INTERNET_DISCONNECTED @ https://frontend-cf.cjdropshipping.com/chat/static/js/17.826b6a00.chunk.js:0
[47576051ms] [ERROR] WebSocket connection to 'wss://chat-socket-home.cjdropshipping.com/socket.io/?loginName=google8581784197065838-home&userType=1&equipment=1&userSystem=278284493&from=home&EIO=3&transport=websocket' failed: Error in connection establishment: net::ERR_INTERNET_DISCONNECTED @ https://frontend-cf.cjdropshipping.com/chat/static/js/17.826b6a00.chunk.js:0
[47638071ms] [ERROR] WebSocket connection to 'wss://chat-socket-home.cjdropshipping.com/socket.io/?loginName=google8581784197065838-home&userType=1&equipment=1&userSystem=278284493&from=home&EIO=3&transport=websocket' failed: Error in connection establishment: net::ERR_INTERNET_DISCONNECTED @ https://frontend-cf.cjdropshipping.com/chat/static/js/17.826b6a00.chunk.js:0
[47753115ms] [ERROR] WebSocket connection to 'wss://chat-socket-home.cjdropshipping.com/socket.io/?loginName=google8581784197065838-home&userType=1&equipment=1&userSystem=278284493&from=home&EIO=3&transport=websocket' failed: Error in connection establishment: net::ERR_INTERNET_DISCONNECTED @ https://frontend-cf.cjdropshipping.com/chat/static/js/17.826b6a00.chunk.js:0
[47816173ms] [ERROR] WebSocket connection to 'wss://chat-socket-home.cjdropshipping.com/socket.io/?loginName=google8581784197065838-home&userType=1&equipment=1&userSystem=278284493&from=home&EIO=3&transport=websocket' failed: Error in connection establishment: net::ERR_INTERNET_DISCONNECTED @ https://frontend-cf.cjdropshipping.com/chat/static/js/17.826b6a00.chunk.js:0
[47878253ms] [ERROR] WebSocket connection to 'wss://chat-socket-home.cjdropshipping.com/socket.io/?loginName=google8581784197065838-home&userType=1&equipment=1&userSystem=278284493&from=home&EIO=3&transport=websocket' failed: Error in connection establishment: net::ERR_INTERNET_DISCONNECTED @ https://frontend-cf.cjdropshipping.com/chat/static/js/17.826b6a00.chunk.js:0
[47941574ms] [ERROR] WebSocket connection to 'wss://chat-socket-home.cjdropshipping.com/socket.io/?loginName=google8581784197065838-home&userType=1&equipment=1&userSystem=278284493&from=home&EIO=3&transport=websocket' failed: Error in connection establishment: net::ERR_INTERNET_DISCONNECTED @ https://frontend-cf.cjdropshipping.com/chat/static/js/17.826b6a00.chunk.js:0
[48056536ms] [ERROR] WebSocket connection to 'wss://chat-socket-home.cjdropshipping.com/socket.io/?loginName=google8581784197065838-home&userType=1&equipment=1&userSystem=278284493&from=home&EIO=3&transport=websocket' failed: Error in connection establishment: net::ERR_INTERNET_DISCONNECTED @ https://frontend-cf.cjdropshipping.com/chat/static/js/17.826b6a00.chunk.js:0
[48118538ms] [ERROR] WebSocket connection to 'wss://chat-socket-home.cjdropshipping.com/socket.io/?loginName=google8581784197065838-home&userType=1&equipment=1&userSystem=278284493&from=home&EIO=3&transport=websocket' failed: Error in connection establishment: net::ERR_INTERNET_DISCONNECTED @ https://frontend-cf.cjdropshipping.com/chat/static/js/17.826b6a00.chunk.js:0
[48181509ms] [ERROR] WebSocket connection to 'wss://chat-socket-home.cjdropshipping.com/socket.io/?loginName=google8581784197065838-home&userType=1&equipment=1&userSystem=278284493&from=home&EIO=3&transport=websocket' failed: Error in connection establishment: net::ERR_INTERNET_DISCONNECTED @ https://frontend-cf.cjdropshipping.com/chat/static/js/17.826b6a00.chunk.js:0
[48243529ms] [ERROR] WebSocket connection to 'wss://chat-socket-home.cjdropshipping.com/socket.io/?loginName=google8581784197065838-home&userType=1&equipment=1&userSystem=278284493&from=home&EIO=3&transport=websocket' failed: Error in connection establishment: net::ERR_INTERNET_DISCONNECTED @ https://frontend-cf.cjdropshipping.com/chat/static/js/17.826b6a00.chunk.js:0
[48353868ms] [ERROR] WebSocket connection to 'wss://chat-socket-home.cjdropshipping.com/socket.io/?loginName=google8581784197065838-home&userType=1&equipment=1&userSystem=278284493&from=home&EIO=3&transport=websocket' failed: Error in connection establishment: net::ERR_INTERNET_DISCONNECTED @ https://frontend-cf.cjdropshipping.com/chat/static/js/17.826b6a00.chunk.js:0
[48421513ms] [ERROR] WebSocket connection to 'wss://chat-socket-home.cjdropshipping.com/socket.io/?loginName=google8581784197065838-home&userType=1&equipment=1&userSystem=278284493&from=home&EIO=3&transport=websocket' failed: Error in connection establishment: net::ERR_INTERNET_DISCONNECTED @ https://frontend-cf.cjdropshipping.com/chat/static/js/17.826b6a00.chunk.js:0
[48483532ms] [ERROR] WebSocket connection to 'wss://chat-socket-home.cjdropshipping.com/socket.io/?loginName=google8581784197065838-home&userType=1&equipment=1&userSystem=278284493&from=home&EIO=3&transport=websocket' failed: Error in connection establishment: net::ERR_INTERNET_DISCONNECTED @ https://frontend-cf.cjdropshipping.com/chat/static/js/17.826b6a00.chunk.js:0
[48545558ms] [ERROR] WebSocket connection to 'wss://chat-socket-home.cjdropshipping.com/socket.io/?loginName=google8581784197065838-home&userType=1&equipment=1&userSystem=278284493&from=home&EIO=3&transport=websocket' failed: Error in connection establishment: net::ERR_INTERNET_DISCONNECTED @ https://frontend-cf.cjdropshipping.com/chat/static/js/17.826b6a00.chunk.js:0
[48660621ms] [ERROR] WebSocket connection to 'wss://chat-socket-home.cjdropshipping.com/socket.io/?loginName=google8581784197065838-home&userType=1&equipment=1&userSystem=278284493&from=home&EIO=3&transport=websocket' failed: Error in connection establishment: net::ERR_INTERNET_DISCONNECTED @ https://frontend-cf.cjdropshipping.com/chat/static/js/17.826b6a00.chunk.js:0
[48723699ms] [ERROR] WebSocket connection to 'wss://chat-socket-home.cjdropshipping.com/socket.io/?loginName=google8581784197065838-home&userType=1&equipment=1&userSystem=278284493&from=home&EIO=3&transport=websocket' failed: Error in connection establishment: net::ERR_INTERNET_DISCONNECTED @ https://frontend-cf.cjdropshipping.com/chat/static/js/17.826b6a00.chunk.js:0
[48785866ms] [ERROR] WebSocket connection to 'wss://chat-socket-home.cjdropshipping.com/socket.io/?loginName=google8581784197065838-home&userType=1&equipment=1&userSystem=278284493&from=home&EIO=3&transport=websocket' failed: Error in connection establishment: net::ERR_INTERNET_DISCONNECTED @ https://frontend-cf.cjdropshipping.com/chat/static/js/17.826b6a00.chunk.js:0
[48849053ms] [ERROR] WebSocket connection to 'wss://chat-socket-home.cjdropshipping.com/socket.io/?loginName=google8581784197065838-home&userType=1&equipment=1&userSystem=278284493&from=home&EIO=3&transport=websocket' failed: Error in connection establishment: net::ERR_INTERNET_DISCONNECTED @ https://frontend-cf.cjdropshipping.com/chat/static/js/17.826b6a00.chunk.js:0
[48964077ms] [ERROR] WebSocket connection to 'wss://chat-socket-home.cjdropshipping.com/socket.io/?loginName=google8581784197065838-home&userType=1&equipment=1&userSystem=278284493&from=home&EIO=3&transport=websocket' failed: Error in connection establishment: net::ERR_INTERNET_DISCONNECTED @ https://frontend-cf.cjdropshipping.com/chat/static/js/17.826b6a00.chunk.js:0
[49026095ms] [ERROR] WebSocket connection to 'wss://chat-socket-home.cjdropshipping.com/socket.io/?loginName=google8581784197065838-home&userType=1&equipment=1&userSystem=278284493&from=home&EIO=3&transport=websocket' failed: Error in connection establishment: net::ERR_INTERNET_DISCONNECTED @ https://frontend-cf.cjdropshipping.com/chat/static/js/17.826b6a00.chunk.js:0
[49089112ms] [ERROR] WebSocket connection to 'wss://chat-socket-home.cjdropshipping.com/socket.io/?loginName=google8581784197065838-home&userType=1&equipment=1&userSystem=278284493&from=home&EIO=3&transport=websocket' failed: Error in connection establishment: net::ERR_INTERNET_DISCONNECTED @ https://frontend-cf.cjdropshipping.com/chat/static/js/17.826b6a00.chunk.js:0
[49151138ms] [ERROR] WebSocket connection to 'wss://chat-socket-home.cjdropshipping.com/socket.io/?loginName=google8581784197065838-home&userType=1&equipment=1&userSystem=278284493&from=home&EIO=3&transport=websocket' failed: Error in connection establishment: net::ERR_INTERNET_DISCONNECTED @ https://frontend-cf.cjdropshipping.com/chat/static/js/17.826b6a00.chunk.js:0
[49266134ms] [ERROR] WebSocket connection to 'wss://chat-socket-home.cjdropshipping.com/socket.io/?loginName=google8581784197065838-home&userType=1&equipment=1&userSystem=278284493&from=home&EIO=3&transport=websocket' failed: Error in connection establishment: net::ERR_INTERNET_DISCONNECTED @ https://frontend-cf.cjdropshipping.com/chat/static/js/17.826b6a00.chunk.js:0
[49329140ms] [ERROR] WebSocket connection to 'wss://chat-socket-home.cjdropshipping.com/socket.io/?loginName=google8581784197065838-home&userType=1&equipment=1&userSystem=278284493&from=home&EIO=3&transport=websocket' failed: Error in connection establishment: net::ERR_INTERNET_DISCONNECTED @ https://frontend-cf.cjdropshipping.com/chat/static/js/17.826b6a00.chunk.js:0
[49391116ms] [ERROR] WebSocket connection to 'wss://chat-socket-home.cjdropshipping.com/socket.io/?loginName=google8581784197065838-home&userType=1&equipment=1&userSystem=278284493&from=home&EIO=3&transport=websocket' failed: Error in connection establishment: net::ERR_INTERNET_DISCONNECTED @ https://frontend-cf.cjdropshipping.com/chat/static/js/17.826b6a00.chunk.js:0
[49454145ms] [ERROR] WebSocket connection to 'wss://chat-socket-home.cjdropshipping.com/socket.io/?loginName=google8581784197065838-home&userType=1&equipment=1&userSystem=278284493&from=home&EIO=3&transport=websocket' failed: Error in connection establishment: net::ERR_INTERNET_DISCONNECTED @ https://frontend-cf.cjdropshipping.com/chat/static/js/17.826b6a00.chunk.js:0
[49569126ms] [ERROR] WebSocket connection to 'wss://chat-socket-home.cjdropshipping.com/socket.io/?loginName=google8581784197065838-home&userType=1&equipment=1&userSystem=278284493&from=home&EIO=3&transport=websocket' failed: Error in connection establishment: net::ERR_INTERNET_DISCONNECTED @ https://frontend-cf.cjdropshipping.com/chat/static/js/17.826b6a00.chunk.js:0
[49631234ms] [ERROR] WebSocket connection to 'wss://chat-socket-home.cjdropshipping.com/socket.io/?loginName=google8581784197065838-home&userType=1&equipment=1&userSystem=278284493&from=home&EIO=3&transport=websocket' failed: Error in connection establishment: net::ERR_INTERNET_DISCONNECTED @ https://frontend-cf.cjdropshipping.com/chat/static/js/17.826b6a00.chunk.js:0
[49694299ms] [ERROR] WebSocket connection to 'wss://chat-socket-home.cjdropshipping.com/socket.io/?loginName=google8581784197065838-home&userType=1&equipment=1&userSystem=278284493&from=home&EIO=3&transport=websocket' failed: Error in connection establishment: net::ERR_INTERNET_DISCONNECTED @ https://frontend-cf.cjdropshipping.com/chat/static/js/17.826b6a00.chunk.js:0
[49809496ms] [ERROR] WebSocket connection to 'wss://chat-socket-home.cjdropshipping.com/socket.io/?loginName=google8581784197065838-home&userType=1&equipment=1&userSystem=278284493&from=home&EIO=3&transport=websocket' failed: Error in connection establishment: net::ERR_INTERNET_DISCONNECTED @ https://frontend-cf.cjdropshipping.com/chat/static/js/17.826b6a00.chunk.js:0
[49871472ms] [ERROR] WebSocket connection to 'wss://chat-socket-home.cjdropshipping.com/socket.io/?loginName=google8581784197065838-home&userType=1&equipment=1&userSystem=278284493&from=home&EIO=3&transport=websocket' failed: Error in connection establishment: net::ERR_INTERNET_DISCONNECTED @ https://frontend-cf.cjdropshipping.com/chat/static/js/17.826b6a00.chunk.js:0
[49934455ms] [ERROR] WebSocket connection to 'wss://chat-socket-home.cjdropshipping.com/socket.io/?loginName=google8581784197065838-home&userType=1&equipment=1&userSystem=278284493&from=home&EIO=3&transport=websocket' failed: Error in connection establishment: net::ERR_INTERNET_DISCONNECTED @ https://frontend-cf.cjdropshipping.com/chat/static/js/17.826b6a00.chunk.js:0
[49996451ms] [ERROR] WebSocket connection to 'wss://chat-socket-home.cjdropshipping.com/socket.io/?loginName=google8581784197065838-home&userType=1&equipment=1&userSystem=278284493&from=home&EIO=3&transport=websocket' failed: Error in connection establishment: net::ERR_INTERNET_DISCONNECTED @ https://frontend-cf.cjdropshipping.com/chat/static/js/17.826b6a00.chunk.js:0
[50111475ms] [ERROR] WebSocket connection to 'wss://chat-socket-home.cjdropshipping.com/socket.io/?loginName=google8581784197065838-home&userType=1&equipment=1&userSystem=278284493&from=home&EIO=3&transport=websocket' failed: Error in connection establishment: net::ERR_INTERNET_DISCONNECTED @ https://frontend-cf.cjdropshipping.com/chat/static/js/17.826b6a00.chunk.js:0
[50174525ms] [ERROR] WebSocket connection to 'wss://chat-socket-home.cjdropshipping.com/socket.io/?loginName=google8581784197065838-home&userType=1&equipment=1&userSystem=278284493&from=home&EIO=3&transport=websocket' failed: Error in connection establishment: net::ERR_INTERNET_DISCONNECTED @ https://frontend-cf.cjdropshipping.com/chat/static/js/17.826b6a00.chunk.js:0
[50236533ms] [ERROR] WebSocket connection to 'wss://chat-socket-home.cjdropshipping.com/socket.io/?loginName=google8581784197065838-home&userType=1&equipment=1&userSystem=278284493&from=home&EIO=3&transport=websocket' failed: Error in connection establishment: net::ERR_INTERNET_DISCONNECTED @ https://frontend-cf.cjdropshipping.com/chat/static/js/17.826b6a00.chunk.js:0
[50299539ms] [ERROR] WebSocket connection to 'wss://chat-socket-home.cjdropshipping.com/socket.io/?loginName=google8581784197065838-home&userType=1&equipment=1&userSystem=278284493&from=home&EIO=3&transport=websocket' failed: Error in connection establishment: net::ERR_INTERNET_DISCONNECTED @ https://frontend-cf.cjdropshipping.com/chat/static/js/17.826b6a00.chunk.js:0
[50414579ms] [ERROR] WebSocket connection to 'wss://chat-socket-home.cjdropshipping.com/socket.io/?loginName=google8581784197065838-home&userType=1&equipment=1&userSystem=278284493&from=home&EIO=3&transport=websocket' failed: Error in connection establishment: net::ERR_INTERNET_DISCONNECTED @ https://frontend-cf.cjdropshipping.com/chat/static/js/17.826b6a00.chunk.js:0
[50476598ms] [ERROR] WebSocket connection to 'wss://chat-socket-home.cjdropshipping.com/socket.io/?loginName=google8581784197065838-home&userType=1&equipment=1&userSystem=278284493&from=home&EIO=3&transport=websocket' failed: Error in connection establishment: net::ERR_INTERNET_DISCONNECTED @ https://frontend-cf.cjdropshipping.com/chat/static/js/17.826b6a00.chunk.js:0
[50539627ms] [ERROR] WebSocket connection to 'wss://chat-socket-home.cjdropshipping.com/socket.io/?loginName=google8581784197065838-home&userType=1&equipment=1&userSystem=278284493&from=home&EIO=3&transport=websocket' failed: Error in connection establishment: net::ERR_INTERNET_DISCONNECTED @ https://frontend-cf.cjdropshipping.com/chat/static/js/17.826b6a00.chunk.js:0
[50601780ms] [ERROR] WebSocket connection to 'wss://chat-socket-home.cjdropshipping.com/socket.io/?loginName=google8581784197065838-home&userType=1&equipment=1&userSystem=278284493&from=home&EIO=3&transport=websocket' failed: Error in connection establishment: net::ERR_INTERNET_DISCONNECTED @ https://frontend-cf.cjdropshipping.com/chat/static/js/17.826b6a00.chunk.js:0
[50716902ms] [ERROR] WebSocket connection to 'wss://chat-socket-home.cjdropshipping.com/socket.io/?loginName=google8581784197065838-home&userType=1&equipment=1&userSystem=278284493&from=home&EIO=3&transport=websocket' failed: Error in connection establishment: net::ERR_INTERNET_DISCONNECTED @ https://frontend-cf.cjdropshipping.com/chat/static/js/17.826b6a00.chunk.js:0
[50779930ms] [ERROR] WebSocket connection to 'wss://chat-socket-home.cjdropshipping.com/socket.io/?loginName=google8581784197065838-home&userType=1&equipment=1&userSystem=278284493&from=home&EIO=3&transport=websocket' failed: Error in connection establishment: net::ERR_INTERNET_DISCONNECTED @ https://frontend-cf.cjdropshipping.com/chat/static/js/17.826b6a00.chunk.js:0
[50841944ms] [ERROR] WebSocket connection to 'wss://chat-socket-home.cjdropshipping.com/socket.io/?loginName=google8581784197065838-home&userType=1&equipment=1&userSystem=278284493&from=home&EIO=3&transport=websocket' failed: Error in connection establishment: net::ERR_INTERNET_DISCONNECTED @ https://frontend-cf.cjdropshipping.com/chat/static/js/17.826b6a00.chunk.js:0
[50904943ms] [ERROR] WebSocket connection to 'wss://chat-socket-home.cjdropshipping.com/socket.io/?loginName=google8581784197065838-home&userType=1&equipment=1&userSystem=278284493&from=home&EIO=3&transport=websocket' failed: Error in connection establishment: net::ERR_INTERNET_DISCONNECTED @ https://frontend-cf.cjdropshipping.com/chat/static/js/17.826b6a00.chunk.js:0
[51019921ms] [ERROR] WebSocket connection to 'wss://chat-socket-home.cjdropshipping.com/socket.io/?loginName=google8581784197065838-home&userType=1&equipment=1&userSystem=278284493&from=home&EIO=3&transport=websocket' failed: Error in connection establishment: net::ERR_INTERNET_DISCONNECTED @ https://frontend-cf.cjdropshipping.com/chat/static/js/17.826b6a00.chunk.js:0
[51081917ms] [ERROR] WebSocket connection to 'wss://chat-socket-home.cjdropshipping.com/socket.io/?loginName=google8581784197065838-home&userType=1&equipment=1&userSystem=278284493&from=home&EIO=3&transport=websocket' failed: Error in connection establishment: net::ERR_INTERNET_DISCONNECTED @ https://frontend-cf.cjdropshipping.com/chat/static/js/17.826b6a00.chunk.js:0
[51144925ms] [ERROR] WebSocket connection to 'wss://chat-socket-home.cjdropshipping.com/socket.io/?loginName=google8581784197065838-home&userType=1&equipment=1&userSystem=278284493&from=home&EIO=3&transport=websocket' failed: Error in connection establishment: net::ERR_INTERNET_DISCONNECTED @ https://frontend-cf.cjdropshipping.com/chat/static/js/17.826b6a00.chunk.js:0
[51206944ms] [ERROR] WebSocket connection to 'wss://chat-socket-home.cjdropshipping.com/socket.io/?loginName=google8581784197065838-home&userType=1&equipment=1&userSystem=278284493&from=home&EIO=3&transport=websocket' failed: Error in connection establishment: net::ERR_INTERNET_DISCONNECTED @ https://frontend-cf.cjdropshipping.com/chat/static/js/17.826b6a00.chunk.js:0
[51321880ms] [ERROR] WebSocket connection to 'wss://chat-socket-home.cjdropshipping.com/socket.io/?loginName=google8581784197065838-home&userType=1&equipment=1&userSystem=278284493&from=home&EIO=3&transport=websocket' failed: Error in connection establishment: net::ERR_INTERNET_DISCONNECTED @ https://frontend-cf.cjdropshipping.com/chat/static/js/17.826b6a00.chunk.js:0
[51384932ms] [ERROR] WebSocket connection to 'wss://chat-socket-home.cjdropshipping.com/socket.io/?loginName=google8581784197065838-home&userType=1&equipment=1&userSystem=278284493&from=home&EIO=3&transport=websocket' failed: Error in connection establishment: net::ERR_INTERNET_DISCONNECTED @ https://frontend-cf.cjdropshipping.com/chat/static/js/17.826b6a00.chunk.js:0
[51447008ms] [ERROR] WebSocket connection to 'wss://chat-socket-home.cjdropshipping.com/socket.io/?loginName=google8581784197065838-home&userType=1&equipment=1&userSystem=278284493&from=home&EIO=3&transport=websocket' failed: Error in connection establishment: net::ERR_INTERNET_DISCONNECTED @ https://frontend-cf.cjdropshipping.com/chat/static/js/17.826b6a00.chunk.js:0
[51510175ms] [ERROR] WebSocket connection to 'wss://chat-socket-home.cjdropshipping.com/socket.io/?loginName=google8581784197065838-home&userType=1&equipment=1&userSystem=278284493&from=home&EIO=3&transport=websocket' failed: Error in connection establishment: net::ERR_INTERNET_DISCONNECTED @ https://frontend-cf.cjdropshipping.com/chat/static/js/17.826b6a00.chunk.js:0
[51625238ms] [ERROR] WebSocket connection to 'wss://chat-socket-home.cjdropshipping.com/socket.io/?loginName=google8581784197065838-home&userType=1&equipment=1&userSystem=278284493&from=home&EIO=3&transport=websocket' failed: Error in connection establishment: net::ERR_INTERNET_DISCONNECTED @ https://frontend-cf.cjdropshipping.com/chat/static/js/17.826b6a00.chunk.js:0
[51687256ms] [ERROR] WebSocket connection to 'wss://chat-socket-home.cjdropshipping.com/socket.io/?loginName=google8581784197065838-home&userType=1&equipment=1&userSystem=278284493&from=home&EIO=3&transport=websocket' failed: Error in connection establishment: net::ERR_INTERNET_DISCONNECTED @ https://frontend-cf.cjdropshipping.com/chat/static/js/17.826b6a00.chunk.js:0
[51750265ms] [ERROR] WebSocket connection to 'wss://chat-socket-home.cjdropshipping.com/socket.io/?loginName=google8581784197065838-home&userType=1&equipment=1&userSystem=278284493&from=home&EIO=3&transport=websocket' failed: Error in connection establishment: net::ERR_INTERNET_DISCONNECTED @ https://frontend-cf.cjdropshipping.com/chat/static/js/17.826b6a00.chunk.js:0
[51812280ms] [ERROR] WebSocket connection to 'wss://chat-socket-home.cjdropshipping.com/socket.io/?loginName=google8581784197065838-home&userType=1&equipment=1&userSystem=278284493&from=home&EIO=3&transport=websocket' failed: Error in connection establishment: net::ERR_INTERNET_DISCONNECTED @ https://frontend-cf.cjdropshipping.com/chat/static/js/17.826b6a00.chunk.js:0
[51927281ms] [ERROR] WebSocket connection to 'wss://chat-socket-home.cjdropshipping.com/socket.io/?loginName=google8581784197065838-home&userType=1&equipment=1&userSystem=278284493&from=home&EIO=3&transport=websocket' failed: Error in connection establishment: net::ERR_INTERNET_DISCONNECTED @ https://frontend-cf.cjdropshipping.com/chat/static/js/17.826b6a00.chunk.js:0
[51990299ms] [ERROR] WebSocket connection to 'wss://chat-socket-home.cjdropshipping.com/socket.io/?loginName=google8581784197065838-home&userType=1&equipment=1&userSystem=278284493&from=home&EIO=3&transport=websocket' failed: Error in connection establishment: net::ERR_INTERNET_DISCONNECTED @ https://frontend-cf.cjdropshipping.com/chat/static/js/17.826b6a00.chunk.js:0
[52052313ms] [ERROR] WebSocket connection to 'wss://chat-socket-home.cjdropshipping.com/socket.io/?loginName=google8581784197065838-home&userType=1&equipment=1&userSystem=278284493&from=home&EIO=3&transport=websocket' failed: Error in connection establishment: net::ERR_INTERNET_DISCONNECTED @ https://frontend-cf.cjdropshipping.com/chat/static/js/17.826b6a00.chunk.js:0
[52115325ms] [ERROR] WebSocket connection to 'wss://chat-socket-home.cjdropshipping.com/socket.io/?loginName=google8581784197065838-home&userType=1&equipment=1&userSystem=278284493&from=home&EIO=3&transport=websocket' failed: Error in connection establishment: net::ERR_INTERNET_DISCONNECTED @ https://frontend-cf.cjdropshipping.com/chat/static/js/17.826b6a00.chunk.js:0
[52230348ms] [ERROR] WebSocket connection to 'wss://chat-socket-home.cjdropshipping.com/socket.io/?loginName=google8581784197065838-home&userType=1&equipment=1&userSystem=278284493&from=home&EIO=3&transport=websocket' failed: Error in connection establishment: net::ERR_INTERNET_DISCONNECTED @ https://frontend-cf.cjdropshipping.com/chat/static/js/17.826b6a00.chunk.js:0
[52292404ms] [ERROR] WebSocket connection to 'wss://chat-socket-home.cjdropshipping.com/socket.io/?loginName=google8581784197065838-home&userType=1&equipment=1&userSystem=278284493&from=home&EIO=3&transport=websocket' failed: Error in connection establishment: net::ERR_INTERNET_DISCONNECTED @ https://frontend-cf.cjdropshipping.com/chat/static/js/17.826b6a00.chunk.js:0
[52355478ms] [ERROR] WebSocket connection to 'wss://chat-socket-home.cjdropshipping.com/socket.io/?loginName=google8581784197065838-home&userType=1&equipment=1&userSystem=278284493&from=home&EIO=3&transport=websocket' failed: Error in connection establishment: net::ERR_INTERNET_DISCONNECTED @ https://frontend-cf.cjdropshipping.com/chat/static/js/17.826b6a00.chunk.js:0
[52417549ms] [ERROR] WebSocket connection to 'wss://chat-socket-home.cjdropshipping.com/socket.io/?loginName=google8581784197065838-home&userType=1&equipment=1&userSystem=278284493&from=home&EIO=3&transport=websocket' failed: Error in connection establishment: net::ERR_INTERNET_DISCONNECTED @ https://frontend-cf.cjdropshipping.com/chat/static/js/17.826b6a00.chunk.js:0
[52532647ms] [ERROR] WebSocket connection to 'wss://chat-socket-home.cjdropshipping.com/socket.io/?loginName=google8581784197065838-home&userType=1&equipment=1&userSystem=278284493&from=home&EIO=3&transport=websocket' failed: Error in connection establishment: net::ERR_INTERNET_DISCONNECTED @ https://frontend-cf.cjdropshipping.com/chat/static/js/17.826b6a00.chunk.js:0
[52595665ms] [ERROR] WebSocket connection to 'wss://chat-socket-home.cjdropshipping.com/socket.io/?loginName=google8581784197065838-home&userType=1&equipment=1&userSystem=278284493&from=home&EIO=3&transport=websocket' failed: Error in connection establishment: net::ERR_INTERNET_DISCONNECTED @ https://frontend-cf.cjdropshipping.com/chat/static/js/17.826b6a00.chunk.js:0
[52657677ms] [ERROR] WebSocket connection to 'wss://chat-socket-home.cjdropshipping.com/socket.io/?loginName=google8581784197065838-home&userType=1&equipment=1&userSystem=278284493&from=home&EIO=3&transport=websocket' failed: Error in connection establishment: net::ERR_INTERNET_DISCONNECTED @ https://frontend-cf.cjdropshipping.com/chat/static/js/17.826b6a00.chunk.js:0
[52720688ms] [ERROR] WebSocket connection to 'wss://chat-socket-home.cjdropshipping.com/socket.io/?loginName=google8581784197065838-home&userType=1&equipment=1&userSystem=278284493&from=home&EIO=3&transport=websocket' failed: Error in connection establishment: net::ERR_INTERNET_DISCONNECTED @ https://frontend-cf.cjdropshipping.com/chat/static/js/17.826b6a00.chunk.js:0
[52835702ms] [ERROR] WebSocket connection to 'wss://chat-socket-home.cjdropshipping.com/socket.io/?loginName=google8581784197065838-home&userType=1&equipment=1&userSystem=278284493&from=home&EIO=3&transport=websocket' failed: Error in connection establishment: net::ERR_INTERNET_DISCONNECTED @ https://frontend-cf.cjdropshipping.com/chat/static/js/17.826b6a00.chunk.js:0
[52897700ms] [ERROR] WebSocket connection to 'wss://chat-socket-home.cjdropshipping.com/socket.io/?loginName=google8581784197065838-home&userType=1&equipment=1&userSystem=278284493&from=home&EIO=3&transport=websocket' failed: Error in connection establishment: net::ERR_INTERNET_DISCONNECTED @ https://frontend-cf.cjdropshipping.com/chat/static/js/17.826b6a00.chunk.js:0
[52948846ms] [ERROR] WebSocket connection to 'wss://chat-socket-home.cjdropshipping.com/socket.io/?loginName=google8581784197065838-home&userType=1&equipment=1&userSystem=278284493&from=home&EIO=3&transport=websocket' failed: Error in connection establishment: net::ERR_INTERNET_DISCONNECTED @ https://frontend-cf.cjdropshipping.com/chat/static/js/17.826b6a00.chunk.js:0
[52958880ms] [ERROR] WebSocket connection to 'wss://chat-socket-home.cjdropshipping.com/socket.io/?loginName=google8581784197065838-home&userType=1&equipment=1&userSystem=278284493&from=home&EIO=3&transport=websocket' failed: Error in connection establishment: net::ERR_INTERNET_DISCONNECTED @ https://frontend-cf.cjdropshipping.com/chat/static/js/17.826b6a00.chunk.js:0
[52968902ms] [ERROR] WebSocket connection to 'wss://chat-socket-home.cjdropshipping.com/socket.io/?loginName=google8581784197065838-home&userType=1&equipment=1&userSystem=278284493&from=home&EIO=3&transport=websocket' failed: Error in connection establishment: net::ERR_INTERNET_DISCONNECTED @ https://frontend-cf.cjdropshipping.com/chat/static/js/17.826b6a00.chunk.js:0
[52978952ms] [ERROR] WebSocket connection to 'wss://chat-socket-home.cjdropshipping.com/socket.io/?loginName=google8581784197065838-home&userType=1&equipment=1&userSystem=278284493&from=home&EIO=3&transport=websocket' failed: Error in connection establishment: net::ERR_INTERNET_DISCONNECTED @ https://frontend-cf.cjdropshipping.com/chat/static/js/17.826b6a00.chunk.js:0
[52989033ms] [ERROR] WebSocket connection to 'wss://chat-socket-home.cjdropshipping.com/socket.io/?loginName=google8581784197065838-home&userType=1&equipment=1&userSystem=278284493&from=home&EIO=3&transport=websocket' failed: Error in connection establishment: net::ERR_INTERNET_DISCONNECTED @ https://frontend-cf.cjdropshipping.com/chat/static/js/17.826b6a00.chunk.js:0
[52999105ms] [ERROR] WebSocket connection to 'wss://chat-socket-home.cjdropshipping.com/socket.io/?loginName=google8581784197065838-home&userType=1&equipment=1&userSystem=278284493&from=home&EIO=3&transport=websocket' failed: Error in connection establishment: net::ERR_INTERNET_DISCONNECTED @ https://frontend-cf.cjdropshipping.com/chat/static/js/17.826b6a00.chunk.js:0
[53009354ms] [ERROR] WebSocket connection to 'wss://chat-socket-home.cjdropshipping.com/socket.io/?loginName=google8581784197065838-home&userType=1&equipment=1&userSystem=278284493&from=home&EIO=3&transport=websocket' failed: Error in connection establishment: net::ERR_INTERNET_DISCONNECTED @ https://frontend-cf.cjdropshipping.com/chat/static/js/17.826b6a00.chunk.js:0
[53019362ms] [ERROR] WebSocket connection to 'wss://chat-socket-home.cjdropshipping.com/socket.io/?loginName=google8581784197065838-home&userType=1&equipment=1&userSystem=278284493&from=home&EIO=3&transport=websocket' failed: Error in connection establishment: net::ERR_INTERNET_DISCONNECTED @ https://frontend-cf.cjdropshipping.com/chat/static/js/17.826b6a00.chunk.js:0
[53029369ms] [ERROR] WebSocket connection to 'wss://chat-socket-home.cjdropshipping.com/socket.io/?loginName=google8581784197065838-home&userType=1&equipment=1&userSystem=278284493&from=home&EIO=3&transport=websocket' failed: Error in connection establishment: net::ERR_INTERNET_DISCONNECTED @ https://frontend-cf.cjdropshipping.com/chat/static/js/17.826b6a00.chunk.js:0
[53039378ms] [ERROR] WebSocket connection to 'wss://chat-socket-home.cjdropshipping.com/socket.io/?loginName=google8581784197065838-home&userType=1&equipment=1&userSystem=278284493&from=home&EIO=3&transport=websocket' failed: Error in connection establishment: net::ERR_INTERNET_DISCONNECTED @ https://frontend-cf.cjdropshipping.com/chat/static/js/17.826b6a00.chunk.js:0
[53049384ms] [ERROR] WebSocket connection to 'wss://chat-socket-home.cjdropshipping.com/socket.io/?loginName=google8581784197065838-home&userType=1&equipment=1&userSystem=278284493&from=home&EIO=3&transport=websocket' failed: Error in connection establishment: net::ERR_INTERNET_DISCONNECTED @ https://frontend-cf.cjdropshipping.com/chat/static/js/17.826b6a00.chunk.js:0
[53059394ms] [ERROR] WebSocket connection to 'wss://chat-socket-home.cjdropshipping.com/socket.io/?loginName=google8581784197065838-home&userType=1&equipment=1&userSystem=278284493&from=home&EIO=3&transport=websocket' failed: Error in connection establishment: net::ERR_INTERNET_DISCONNECTED @ https://frontend-cf.cjdropshipping.com/chat/static/js/17.826b6a00.chunk.js:0
[53069406ms] [ERROR] WebSocket connection to 'wss://chat-socket-home.cjdropshipping.com/socket.io/?loginName=google8581784197065838-home&userType=1&equipment=1&userSystem=278284493&from=home&EIO=3&transport=websocket' failed: Error in connection establishment: net::ERR_INTERNET_DISCONNECTED @ https://frontend-cf.cjdropshipping.com/chat/static/js/17.826b6a00.chunk.js:0
[53079422ms] [ERROR] WebSocket connection to 'wss://chat-socket-home.cjdropshipping.com/socket.io/?loginName=google8581784197065838-home&userType=1&equipment=1&userSystem=278284493&from=home&EIO=3&transport=websocket' failed: Error in connection establishment: net::ERR_INTERNET_DISCONNECTED @ https://frontend-cf.cjdropshipping.com/chat/static/js/17.826b6a00.chunk.js:0
[53089445ms] [ERROR] WebSocket connection to 'wss://chat-socket-home.cjdropshipping.com/socket.io/?loginName=google8581784197065838-home&userType=1&equipment=1&userSystem=278284493&from=home&EIO=3&transport=websocket' failed: Error in connection establishment: net::ERR_INTERNET_DISCONNECTED @ https://frontend-cf.cjdropshipping.com/chat/static/js/17.826b6a00.chunk.js:0
[53099498ms] [ERROR] WebSocket connection to 'wss://chat-socket-home.cjdropshipping.com/socket.io/?loginName=google8581784197065838-home&userType=1&equipment=1&userSystem=278284493&from=home&EIO=3&transport=websocket' failed: Error in connection establishment: net::ERR_INTERNET_DISCONNECTED @ https://frontend-cf.cjdropshipping.com/chat/static/js/17.826b6a00.chunk.js:0
[53109550ms] [ERROR] WebSocket connection to 'wss://chat-socket-home.cjdropshipping.com/socket.io/?loginName=google8581784197065838-home&userType=1&equipment=1&userSystem=278284493&from=home&EIO=3&transport=websocket' failed: Error in connection establishment: net::ERR_INTERNET_DISCONNECTED @ https://frontend-cf.cjdropshipping.com/chat/static/js/17.826b6a00.chunk.js:0
[53119656ms] [ERROR] WebSocket connection to 'wss://chat-socket-home.cjdropshipping.com/socket.io/?loginName=google8581784197065838-home&userType=1&equipment=1&userSystem=278284493&from=home&EIO=3&transport=websocket' failed: Error in connection establishment: net::ERR_INTERNET_DISCONNECTED @ https://frontend-cf.cjdropshipping.com/chat/static/js/17.826b6a00.chunk.js:0
[53129887ms] [ERROR] WebSocket connection to 'wss://chat-socket-home.cjdropshipping.com/socket.io/?loginName=google8581784197065838-home&userType=1&equipment=1&userSystem=278284493&from=home&EIO=3&transport=websocket' failed: Error in connection establishment: net::ERR_INTERNET_DISCONNECTED @ https://frontend-cf.cjdropshipping.com/chat/static/js/17.826b6a00.chunk.js:0
[53139895ms] [ERROR] WebSocket connection to 'wss://chat-socket-home.cjdropshipping.com/socket.io/?loginName=google8581784197065838-home&userType=1&equipment=1&userSystem=278284493&from=home&EIO=3&transport=websocket' failed: Error in connection establishment: net::ERR_INTERNET_DISCONNECTED @ https://frontend-cf.cjdropshipping.com/chat/static/js/17.826b6a00.chunk.js:0
[53149903ms] [ERROR] WebSocket connection to 'wss://chat-socket-home.cjdropshipping.com/socket.io/?loginName=google8581784197065838-home&userType=1&equipment=1&userSystem=278284493&from=home&EIO=3&transport=websocket' failed: Error in connection establishment: net::ERR_INTERNET_DISCONNECTED @ https://frontend-cf.cjdropshipping.com/chat/static/js/17.826b6a00.chunk.js:0
[53159911ms] [ERROR] WebSocket connection to 'wss://chat-socket-home.cjdropshipping.com/socket.io/?loginName=google8581784197065838-home&userType=1&equipment=1&userSystem=278284493&from=home&EIO=3&transport=websocket' failed: Error in connection establishment: net::ERR_INTERNET_DISCONNECTED @ https://frontend-cf.cjdropshipping.com/chat/static/js/17.826b6a00.chunk.js:0
[53169916ms] [ERROR] WebSocket connection to 'wss://chat-socket-home.cjdropshipping.com/socket.io/?loginName=google8581784197065838-home&userType=1&equipment=1&userSystem=278284493&from=home&EIO=3&transport=websocket' failed: Error in connection establishment: net::ERR_INTERNET_DISCONNECTED @ https://frontend-cf.cjdropshipping.com/chat/static/js/17.826b6a00.chunk.js:0
[53179923ms] [ERROR] WebSocket connection to 'wss://chat-socket-home.cjdropshipping.com/socket.io/?loginName=google8581784197065838-home&userType=1&equipment=1&userSystem=278284493&from=home&EIO=3&transport=websocket' failed: Error in connection establishment: net::ERR_INTERNET_DISCONNECTED @ https://frontend-cf.cjdropshipping.com/chat/static/js/17.826b6a00.chunk.js:0
[53189936ms] [ERROR] WebSocket connection to 'wss://chat-socket-home.cjdropshipping.com/socket.io/?loginName=google8581784197065838-home&userType=1&equipment=1&userSystem=278284493&from=home&EIO=3&transport=websocket' failed: Error in connection establishment: net::ERR_INTERNET_DISCONNECTED @ https://frontend-cf.cjdropshipping.com/chat/static/js/17.826b6a00.chunk.js:0
[53199948ms] [ERROR] WebSocket connection to 'wss://chat-socket-home.cjdropshipping.com/socket.io/?loginName=google8581784197065838-home&userType=1&equipment=1&userSystem=278284493&from=home&EIO=3&transport=websocket' failed: Error in connection establishment: net::ERR_INTERNET_DISCONNECTED @ https://frontend-cf.cjdropshipping.com/chat/static/js/17.826b6a00.chunk.js:0
[53209974ms] [ERROR] WebSocket connection to 'wss://chat-socket-home.cjdropshipping.com/socket.io/?loginName=google8581784197065838-home&userType=1&equipment=1&userSystem=278284493&from=home&EIO=3&transport=websocket' failed: Error in connection establishment: net::ERR_INTERNET_DISCONNECTED @ https://frontend-cf.cjdropshipping.com/chat/static/js/17.826b6a00.chunk.js:0
[53219999ms] [ERROR] WebSocket connection to 'wss://chat-socket-home.cjdropshipping.com/socket.io/?loginName=google8581784197065838-home&userType=1&equipment=1&userSystem=278284493&from=home&EIO=3&transport=websocket' failed: Error in connection establishment: net::ERR_INTERNET_DISCONNECTED @ https://frontend-cf.cjdropshipping.com/chat/static/js/17.826b6a00.chunk.js:0
[53230083ms] [ERROR] WebSocket connection to 'wss://chat-socket-home.cjdropshipping.com/socket.io/?loginName=google8581784197065838-home&userType=1&equipment=1&userSystem=278284493&from=home&EIO=3&transport=websocket' failed: Error in connection establishment: net::ERR_INTERNET_DISCONNECTED @ https://frontend-cf.cjdropshipping.com/chat/static/js/17.826b6a00.chunk.js:0
[53240240ms] [ERROR] WebSocket connection to 'wss://chat-socket-home.cjdropshipping.com/socket.io/?loginName=google8581784197065838-home&userType=1&equipment=1&userSystem=278284493&from=home&EIO=3&transport=websocket' failed: Error in connection establishment: net::ERR_INTERNET_DISCONNECTED @ https://frontend-cf.cjdropshipping.com/chat/static/js/17.826b6a00.chunk.js:0
[53250355ms] [ERROR] WebSocket connection to 'wss://chat-socket-home.cjdropshipping.com/socket.io/?loginName=google8581784197065838-home&userType=1&equipment=1&userSystem=278284493&from=home&EIO=3&transport=websocket' failed: Error in connection establishment: net::ERR_INTERNET_DISCONNECTED @ https://frontend-cf.cjdropshipping.com/chat/static/js/17.826b6a00.chunk.js:0
[53260365ms] [ERROR] WebSocket connection to 'wss://chat-socket-home.cjdropshipping.com/socket.io/?loginName=google8581784197065838-home&userType=1&equipment=1&userSystem=278284493&from=home&EIO=3&transport=websocket' failed: Error in connection establishment: net::ERR_INTERNET_DISCONNECTED @ https://frontend-cf.cjdropshipping.com/chat/static/js/17.826b6a00.chunk.js:0
[53270371ms] [ERROR] WebSocket connection to 'wss://chat-socket-home.cjdropshipping.com/socket.io/?loginName=google8581784197065838-home&userType=1&equipment=1&userSystem=278284493&from=home&EIO=3&transport=websocket' failed: Error in connection establishment: net::ERR_INTERNET_DISCONNECTED @ https://frontend-cf.cjdropshipping.com/chat/static/js/17.826b6a00.chunk.js:0
[53280383ms] [ERROR] WebSocket connection to 'wss://chat-socket-home.cjdropshipping.com/socket.io/?loginName=google8581784197065838-home&userType=1&equipment=1&userSystem=278284493&from=home&EIO=3&transport=websocket' failed: Error in connection establishment: net::ERR_INTERNET_DISCONNECTED @ https://frontend-cf.cjdropshipping.com/chat/static/js/17.826b6a00.chunk.js:0
[53290391ms] [ERROR] WebSocket connection to 'wss://chat-socket-home.cjdropshipping.com/socket.io/?loginName=google8581784197065838-home&userType=1&equipment=1&userSystem=278284493&from=home&EIO=3&transport=websocket' failed: Error in connection establishment: net::ERR_INTERNET_DISCONNECTED @ https://frontend-cf.cjdropshipping.com/chat/static/js/17.826b6a00.chunk.js:0
[53300401ms] [ERROR] WebSocket connection to 'wss://chat-socket-home.cjdropshipping.com/socket.io/?loginName=google8581784197065838-home&userType=1&equipment=1&userSystem=278284493&from=home&EIO=3&transport=websocket' failed: Error in connection establishment: net::ERR_INTERNET_DISCONNECTED @ https://frontend-cf.cjdropshipping.com/chat/static/js/17.826b6a00.chunk.js:0
[53310410ms] [ERROR] WebSocket connection to 'wss://chat-socket-home.cjdropshipping.com/socket.io/?loginName=google8581784197065838-home&userType=1&equipment=1&userSystem=278284493&from=home&EIO=3&transport=websocket' failed: Error in connection establishment: net::ERR_INTERNET_DISCONNECTED @ https://frontend-cf.cjdropshipping.com/chat/static/js/17.826b6a00.chunk.js:0
[53320434ms] [ERROR] WebSocket connection to 'wss://chat-socket-home.cjdropshipping.com/socket.io/?loginName=google8581784197065838-home&userType=1&equipment=1&userSystem=278284493&from=home&EIO=3&transport=websocket' failed: Error in connection establishment: net::ERR_INTERNET_DISCONNECTED @ https://frontend-cf.cjdropshipping.com/chat/static/js/17.826b6a00.chunk.js:0
[53330469ms] [ERROR] WebSocket connection to 'wss://chat-socket-home.cjdropshipping.com/socket.io/?loginName=google8581784197065838-home&userType=1&equipment=1&userSystem=278284493&from=home&EIO=3&transport=websocket' failed: Error in connection establishment: net::ERR_INTERNET_DISCONNECTED @ https://frontend-cf.cjdropshipping.com/chat/static/js/17.826b6a00.chunk.js:0
[58868140ms] [ERROR] WebSocket connection to 'wss://chat-socket-home.cjdropshipping.com/socket.io/?loginName=google8581784197065838-home&userType=1&equipment=1&userSystem=278284493&from=home&EIO=3&transport=websocket' failed: Error in connection establishment: net::ERR_INTERNET_DISCONNECTED @ https://frontend-cf.cjdropshipping.com/chat/static/js/17.826b6a00.chunk.js:0
[58878197ms] [ERROR] WebSocket connection to 'wss://chat-socket-home.cjdropshipping.com/socket.io/?loginName=google8581784197065838-home&userType=1&equipment=1&userSystem=278284493&from=home&EIO=3&transport=websocket' failed: Error in connection establishment: net::ERR_INTERNET_DISCONNECTED @ https://frontend-cf.cjdropshipping.com/chat/static/js/17.826b6a00.chunk.js:0
[58888203ms] [ERROR] WebSocket connection to 'wss://chat-socket-home.cjdropshipping.com/socket.io/?loginName=google8581784197065838-home&userType=1&equipment=1&userSystem=278284493&from=home&EIO=3&transport=websocket' failed: Error in connection establishment: net::ERR_INTERNET_DISCONNECTED @ https://frontend-cf.cjdropshipping.com/chat/static/js/17.826b6a00.chunk.js:0
[58898213ms] [ERROR] WebSocket connection to 'wss://chat-socket-home.cjdropshipping.com/socket.io/?loginName=google8581784197065838-home&userType=1&equipment=1&userSystem=278284493&from=home&EIO=3&transport=websocket' failed: Error in connection establishment: net::ERR_INTERNET_DISCONNECTED @ https://frontend-cf.cjdropshipping.com/chat/static/js/17.826b6a00.chunk.js:0
[58908220ms] [ERROR] WebSocket connection to 'wss://chat-socket-home.cjdropshipping.com/socket.io/?loginName=google8581784197065838-home&userType=1&equipment=1&userSystem=278284493&from=home&EIO=3&transport=websocket' failed: Error in connection establishment: net::ERR_INTERNET_DISCONNECTED @ https://frontend-cf.cjdropshipping.com/chat/static/js/17.826b6a00.chunk.js:0
[58918227ms] [ERROR] WebSocket connection to 'wss://chat-socket-home.cjdropshipping.com/socket.io/?loginName=google8581784197065838-home&userType=1&equipment=1&userSystem=278284493&from=home&EIO=3&transport=websocket' failed: Error in connection establishment: net::ERR_INTERNET_DISCONNECTED @ https://frontend-cf.cjdropshipping.com/chat/static/js/17.826b6a00.chunk.js:0
[58928236ms] [ERROR] WebSocket connection to 'wss://chat-socket-home.cjdropshipping.com/socket.io/?loginName=google8581784197065838-home&userType=1&equipment=1&userSystem=278284493&from=home&EIO=3&transport=websocket' failed: Error in connection establishment: net::ERR_INTERNET_DISCONNECTED @ https://frontend-cf.cjdropshipping.com/chat/static/js/17.826b6a00.chunk.js:0
[58938245ms] [ERROR] WebSocket connection to 'wss://chat-socket-home.cjdropshipping.com/socket.io/?loginName=google8581784197065838-home&userType=1&equipment=1&userSystem=278284493&from=home&EIO=3&transport=websocket' failed: Error in connection establishment: net::ERR_INTERNET_DISCONNECTED @ https://frontend-cf.cjdropshipping.com/chat/static/js/17.826b6a00.chunk.js:0
[58948258ms] [ERROR] WebSocket connection to 'wss://chat-socket-home.cjdropshipping.com/socket.io/?loginName=google8581784197065838-home&userType=1&equipment=1&userSystem=278284493&from=home&EIO=3&transport=websocket' failed: Error in connection establishment: net::ERR_INTERNET_DISCONNECTED @ https://frontend-cf.cjdropshipping.com/chat/static/js/17.826b6a00.chunk.js:0
[58958274ms] [ERROR] WebSocket connection to 'wss://chat-socket-home.cjdropshipping.com/socket.io/?loginName=google8581784197065838-home&userType=1&equipment=1&userSystem=278284493&from=home&EIO=3&transport=websocket' failed: Error in connection establishment: net::ERR_INTERNET_DISCONNECTED @ https://frontend-cf.cjdropshipping.com/chat/static/js/17.826b6a00.chunk.js:0
[58968300ms] [ERROR] WebSocket connection to 'wss://chat-socket-home.cjdropshipping.com/socket.io/?loginName=google8581784197065838-home&userType=1&equipment=1&userSystem=278284493&from=home&EIO=3&transport=websocket' failed: Error in connection establishment: net::ERR_INTERNET_DISCONNECTED @ https://frontend-cf.cjdropshipping.com/chat/static/js/17.826b6a00.chunk.js:0
