[     555ms] [WARNING] Reflect is already polyfilled. @ https://lf16-tiktok-web.tiktokcdn-us.com/obj/tiktok-web-tx/tiktok/webapp/main/react-v18/webapp-desktop/static/js/webapp-desktop.c59939ee.js:0
[     578ms] [WARNING] AppContext will be overwritten @ https://lf16-tiktok-web.tiktokcdn-us.com/obj/tiktok-web-tx/tiktok/webapp/main/react-v18/webapp-desktop/static/js/webapp-desktop.c59939ee.js:0
[     578ms] [WARNING] AppContext will be overwritten @ https://lf16-tiktok-web.tiktokcdn-us.com/obj/tiktok-web-tx/tiktok/webapp/main/react-v18/webapp-desktop/static/js/webapp-desktop.c59939ee.js:0
[     578ms] [WARNING] AppContext will be overwritten @ https://lf16-tiktok-web.tiktokcdn-us.com/obj/tiktok-web-tx/tiktok/webapp/main/react-v18/webapp-desktop/static/js/webapp-desktop.c59939ee.js:0
[     579ms] [WARNING] AppContext will be overwritten @ https://lf16-tiktok-web.tiktokcdn-us.com/obj/tiktok-web-tx/tiktok/webapp/main/react-v18/webapp-desktop/static/js/webapp-desktop.c59939ee.js:0
[     579ms] [WARNING] AppContext will be overwritten @ https://lf16-tiktok-web.tiktokcdn-us.com/obj/tiktok-web-tx/tiktok/webapp/main/react-v18/webapp-desktop/static/js/webapp-desktop.c59939ee.js:0
[     579ms] [WARNING] AppContext will be overwritten @ https://lf16-tiktok-web.tiktokcdn-us.com/obj/tiktok-web-tx/tiktok/webapp/main/react-v18/webapp-desktop/static/js/webapp-desktop.c59939ee.js:0
[     592ms] [WARNING] AppContext will be overwritten @ https://lf16-tiktok-web.tiktokcdn-us.com/obj/tiktok-web-tx/tiktok/webapp/main/react-v18/webapp-desktop/static/js/webapp-desktop.c59939ee.js:0
[     594ms] [WARNING] AppContext will be overwritten @ https://lf16-tiktok-web.tiktokcdn-us.com/obj/tiktok-web-tx/tiktok/webapp/main/react-v18/webapp-desktop/static/js/webapp-desktop.c59939ee.js:0
[     594ms] [WARNING] loadable: `loadableReady()` requires state, please use `getScriptTags` or `getScriptElements` server-side @ https://lf16-tiktok-web.tiktokcdn-us.com/obj/tiktok-web-tx/tiktok/webapp/main/react-v18/webapp-desktop/static/js/50683.c510d297.js:1
[     598ms] [INFO] [slardar] pluginPathPrefix fallback to SlardarPluginPathPrefixVGeoMap.us: https://lf16-cdn-tos.tiktokcdn-us.com/obj/static-tx/slardar/fe/sdk-web/plugins @ https://lf16-tiktok-web.tiktokcdn-us.com/obj/tiktok-web-tx/tiktok/webapp/main/react-v18/webapp-desktop/static/js/biz.shared.kernel.init.aa8023c3.js:0
[     603ms] [LOG] %c %s color: yellow; background-color: black; [instance: default] appid: 1988, userInfo:{"user_unique_id":"7670772143512684045","user_type":12,"user_id":"7670773370384303117","user_is_login":true,"device_id":"7670772143512684045"} @ https://lf16-tiktok-web.tiktokcdn-us.com/obj/tiktok-web-tx/tiktok/webapp/main/react-v18/webapp-desktop/static/js/npm-dp-byted-tea-sdk-oversea.f4e273c4.js:0
[     603ms] [LOG] %c %s color: yellow; background-color: black; [instance: default] appid: 1988, sdk is ready, version is 5.3.17, you can report now !!! @ https://lf16-tiktok-web.tiktokcdn-us.com/obj/tiktok-web-tx/tiktok/webapp/main/react-v18/webapp-desktop/static/js/npm-dp-byted-tea-sdk-oversea.f4e273c4.js:0
[     792ms] [INFO] . @ https://lf16-tiktok-web.tiktokcdn-us.com/obj/tiktok-web-tx/webmssdk/2.0.0.514/webmssdk.js:0
[     927ms] [ERROR] Failed to load resource: the server responded with a status of 404 () @ https://www.tiktok.com/webapp-desktop/static/worker/multiple.worker-0.4.13.js:0
[     931ms] [WARNING] filter merge event: sibyl_sdk_collector_init_result error, pls check Converting circular structure to JSON
    --> starting at object with constructor 'e'
    |     property 'pluginInstances' -> object with constructor 'Array'
    |     index 0 -> object with constructor 'e'
    --- property 'collect' closes the circle @ https://lf16-tiktok-web.tiktokcdn-us.com/obj/tiktok-web-tx/tiktok/webapp/main/react-v18/webapp-desktop/static/js/npm-dp-byted-tea-sdk-oversea.f4e273c4.js:0
[     932ms] [LOG] %c %s color: yellow; background-color: black; [instance: sibylSdkTea] appid: 594856, userInfo:{"user_unique_id":"7670773519835678221","web_id":"7670773519835678221"} @ https://lf16-tiktok-web.tiktokcdn-us.com/obj/tiktok-web-tx/webmssdk/2.0.0.514/webmssdk.js:0
[     932ms] [LOG] %c %s color: yellow; background-color: black; [instance: sibylSdkTea] appid: 594856, sdk is ready, version is 5.3.17, you can report now !!! @ https://lf16-tiktok-web.tiktokcdn-us.com/obj/tiktok-web-tx/webmssdk/2.0.0.514/webmssdk.js:0
[     959ms] [WARNING] [i18n] missing key [en] Webapp Close_button Close_button @ https://lf16-tiktok-web.tiktokcdn-us.com/obj/tiktok-web-tx/tiktok/webapp/main/react-v18/webapp-desktop/static/js/biz.common.lib.19990328.js:0
[     959ms] [WARNING] The 'deprecatedStyle' prop is deprecated. Please use the associated style props instead (e.g. "marginInline", "flex") @ https://lf16-tiktok-web.tiktokcdn-us.com/obj/tiktok-web-tx/tiktok/webapp/main/react-v18/webapp-desktop/static/js/async/16119.4be2579f.js:0
[     963ms] [WARNING] The 'deprecatedStyle' prop is deprecated. Please use the associated style props instead (e.g. "marginInline", "flex") @ https://lf16-tiktok-web.tiktokcdn-us.com/obj/tiktok-web-tx/tiktok/webapp/main/react-v18/webapp-desktop/static/js/async/16119.4be2579f.js:0
[     977ms] [WARNING] The 'deprecatedStyle' prop is deprecated. Please use the associated style props instead (e.g. "marginInline", "flex") @ https://lf16-tiktok-web.tiktokcdn-us.com/obj/tiktok-web-tx/tiktok/webapp/main/react-v18/webapp-desktop/static/js/async/16119.4be2579f.js:0
[     991ms] [LOG] [dynamicRemotesFromSnapshot]: Module @pns-fe/parental-control-vmok not found @ https://lf16-tiktok-web.tiktokcdn-us.com/obj/tiktok-web-tx/webmssdk/2.0.0.514/webmssdk.js:0
[     993ms] [LOG] [dynamicRemotesFromSnapshot]: Module @pns-fe/keyword-filtering-vmok not found @ https://lf16-tiktok-web.tiktokcdn-us.com/obj/tiktok-web-tx/webmssdk/2.0.0.514/webmssdk.js:0
[    1018ms] [INFO] Banner not shown: beforeinstallpromptevent.preventDefault() called. The page must call beforeinstallpromptevent.prompt() to show the banner. @ https://www.tiktok.com/setting?lang=es:0
[    1040ms] [LOG] %c %s color: yellow; background-color: black; [instance: cookie_banner_tea_sdk] appid: 345918, userInfo:{"user_unique_id":"7670772147211716110","web_id":"7670772147211716110"} @ https://lf16-tiktok-web.tiktokcdn-us.com/obj/tiktok-web-tx/webmssdk/2.0.0.514/webmssdk.js:0
[    1040ms] [LOG] %c %s color: yellow; background-color: black; [instance: cookie_banner_tea_sdk] appid: 345918, sdk is ready, version is 5.3.17, you can report now !!! @ https://lf16-tiktok-web.tiktokcdn-us.com/obj/tiktok-web-tx/webmssdk/2.0.0.514/webmssdk.js:0
[    1093ms] [LOG] [Slardar] pns_cuj {} {name: PageContextNullException} @ https://lf16-tiktok-web.tiktokcdn-us.com/obj/tiktok-web-tx/webmssdk/2.0.0.514/webmssdk.js:0
[    1100ms] [WARNING] The 'deprecatedClassName' prop is deprecated. Please use the associated style props instead (e.g. "marginInline", "flex") @ https://lf16-tiktok-web.tiktokcdn-us.com/obj/tiktok-web-tx/tiktok/webapp/main/react-v18/webapp-desktop/static/js/async/16119.4be2579f.js:0
[    1100ms] [WARNING] The 'deprecatedStyle' prop is deprecated. Please use the associated style props instead (e.g. "marginInline", "flex") @ https://lf16-tiktok-web.tiktokcdn-us.com/obj/tiktok-web-tx/tiktok/webapp/main/react-v18/webapp-desktop/static/js/async/16119.4be2579f.js:0
[    1100ms] [WARNING] The 'deprecatedClassName' prop is deprecated. Please use the associated style props instead (e.g. "marginInline", "flex") @ https://lf16-tiktok-web.tiktokcdn-us.com/obj/tiktok-web-tx/tiktok/webapp/main/react-v18/webapp-desktop/static/js/async/16119.4be2579f.js:0
[    1100ms] [WARNING] The 'deprecatedStyle' prop is deprecated. Please use the associated style props instead (e.g. "marginInline", "flex") @ https://lf16-tiktok-web.tiktokcdn-us.com/obj/tiktok-web-tx/tiktok/webapp/main/react-v18/webapp-desktop/static/js/async/16119.4be2579f.js:0
[    1105ms] [LOG] [Tea] pns_tpsc_page_enter {enter_from: privacy_and_safety_settings, page_tag: main, page_type: page} @ https://lf16-tiktok-web.tiktokcdn-us.com/obj/tiktok-web-tx/webmssdk/2.0.0.514/webmssdk.js:0
[    1128ms] [WARNING] The 'deprecatedClassName' prop is deprecated. Please use the associated style props instead (e.g. "marginInline", "flex") @ https://lf16-tiktok-web.tiktokcdn-us.com/obj/tiktok-web-tx/tiktok/webapp/main/react-v18/webapp-desktop/static/js/async/16119.4be2579f.js:0
[    1128ms] [WARNING] The 'deprecatedStyle' prop is deprecated. Please use the associated style props instead (e.g. "marginInline", "flex") @ https://lf16-tiktok-web.tiktokcdn-us.com/obj/tiktok-web-tx/tiktok/webapp/main/react-v18/webapp-desktop/static/js/async/16119.4be2579f.js:0
[    1128ms] [WARNING] The 'deprecatedClassName' prop is deprecated. Please use the associated style props instead (e.g. "marginInline", "flex") @ https://lf16-tiktok-web.tiktokcdn-us.com/obj/tiktok-web-tx/tiktok/webapp/main/react-v18/webapp-desktop/static/js/async/16119.4be2579f.js:0
[    1128ms] [WARNING] The 'deprecatedStyle' prop is deprecated. Please use the associated style props instead (e.g. "marginInline", "flex") @ https://lf16-tiktok-web.tiktokcdn-us.com/obj/tiktok-web-tx/tiktok/webapp/main/react-v18/webapp-desktop/static/js/async/16119.4be2579f.js:0
[    1136ms] [WARNING] The 'deprecatedClassName' prop is deprecated. Please use the associated style props instead (e.g. "marginInline", "flex") @ https://lf16-tiktok-web.tiktokcdn-us.com/obj/tiktok-web-tx/tiktok/webapp/main/react-v18/webapp-desktop/static/js/async/16119.4be2579f.js:0
[    1136ms] [WARNING] The 'deprecatedStyle' prop is deprecated. Please use the associated style props instead (e.g. "marginInline", "flex") @ https://lf16-tiktok-web.tiktokcdn-us.com/obj/tiktok-web-tx/tiktok/webapp/main/react-v18/webapp-desktop/static/js/async/16119.4be2579f.js:0
[    1136ms] [WARNING] The 'deprecatedClassName' prop is deprecated. Please use the associated style props instead (e.g. "marginInline", "flex") @ https://lf16-tiktok-web.tiktokcdn-us.com/obj/tiktok-web-tx/tiktok/webapp/main/react-v18/webapp-desktop/static/js/async/16119.4be2579f.js:0
[    1136ms] [WARNING] The 'deprecatedStyle' prop is deprecated. Please use the associated style props instead (e.g. "marginInline", "flex") @ https://lf16-tiktok-web.tiktokcdn-us.com/obj/tiktok-web-tx/tiktok/webapp/main/react-v18/webapp-desktop/static/js/async/16119.4be2579f.js:0
[    1156ms] [LOG] [Tea] pns_tpsc_item_show {page_tag: main, enter_from: privacy_and_safety_settings, page_type: page, item_type: Switch, item_name: private_account_item} @ https://lf16-tiktok-web.tiktokcdn-us.com/obj/tiktok-web-tx/webmssdk/2.0.0.514/webmssdk.js:0
[    1156ms] [LOG] [Tea] pns_tpsc_item_show {page_tag: main, enter_from: privacy_and_safety_settings, page_type: page, item_type: Disclosure, item_name: comment_entrance} @ https://lf16-tiktok-web.tiktokcdn-us.com/obj/tiktok-web-tx/webmssdk/2.0.0.514/webmssdk.js:0
[    1156ms] [LOG] [Tea] pns_tpsc_item_show {page_tag: main, enter_from: privacy_and_safety_settings, page_type: page, item_type: Disclosure, item_name: direct_message_entrance} @ https://lf16-tiktok-web.tiktokcdn-us.com/obj/tiktok-web-tx/webmssdk/2.0.0.514/webmssdk.js:0
[    1163ms] [WARNING] The 'deprecatedClassName' prop is deprecated. Please use the associated style props instead (e.g. "marginInline", "flex") @ https://lf16-tiktok-web.tiktokcdn-us.com/obj/tiktok-web-tx/tiktok/webapp/main/react-v18/webapp-desktop/static/js/async/16119.4be2579f.js:0
[    1163ms] [WARNING] The 'deprecatedStyle' prop is deprecated. Please use the associated style props instead (e.g. "marginInline", "flex") @ https://lf16-tiktok-web.tiktokcdn-us.com/obj/tiktok-web-tx/tiktok/webapp/main/react-v18/webapp-desktop/static/js/async/16119.4be2579f.js:0
[    1163ms] [WARNING] The 'deprecatedClassName' prop is deprecated. Please use the associated style props instead (e.g. "marginInline", "flex") @ https://lf16-tiktok-web.tiktokcdn-us.com/obj/tiktok-web-tx/tiktok/webapp/main/react-v18/webapp-desktop/static/js/async/16119.4be2579f.js:0
[    1163ms] [WARNING] The 'deprecatedStyle' prop is deprecated. Please use the associated style props instead (e.g. "marginInline", "flex") @ https://lf16-tiktok-web.tiktokcdn-us.com/obj/tiktok-web-tx/tiktok/webapp/main/react-v18/webapp-desktop/static/js/async/16119.4be2579f.js:0
[    1166ms] [LOG] ws.opened @ https://lf16-tiktok-web.tiktokcdn-us.com/obj/tiktok-web-tx/webmssdk/2.0.0.514/webmssdk.js:0
[    1170ms] Uncaught (in promise) TypeError: a.init is not a function
    at <anonymous> (https://lf16-tiktok-web.tiktokcdn-us.com/obj/tiktok-web-tx/tiktok/webapp/main/react-v18/webapp-desktop/static/js/async/64887.91e0025f.js:1:544240)
    at l (https://lf16-tiktok-web.tiktokcdn-us.com/obj/tiktok-web-tx/tiktok/webapp/main/react-v18/webapp-desktop/static/js/async/64887.91e0025f.js:1:537334)
    at <anonymous> (https://lf16-tiktok-web.tiktokcdn-us.com/obj/tiktok-web-tx/tiktok/webapp/main/react-v18/webapp-desktop/static/js/async/64887.91e0025f.js:1:538691)
    at <anonymous> (https://lf16-tiktok-web.tiktokcdn-us.com/obj/tiktok-web-tx/tiktok/webapp/main/react-v18/webapp-desktop/static/js/async/64887.91e0025f.js:1:537727)
    at <anonymous> (https://lf16-tiktok-web.tiktokcdn-us.com/obj/tiktok-web-tx/tiktok/webapp/main/react-v18/webapp-desktop/static/js/50683.c510d297.js:4:166863)
    at p (https://lf16-tiktok-web.tiktokcdn-us.com/obj/tiktok-web-tx/tiktok/webapp/main/react-v18/webapp-desktop/static/js/50683.c510d297.js:4:166660)
    at value (https://lf16-tiktok-web.tiktokcdn-us.com/obj/tiktok-web-tx/tiktok/webapp/main/react-v18/webapp-desktop/static/js/async/64887.91e0025f.js:1:543780)
    at value (https://lf16-tiktok-web.tiktokcdn-us.com/obj/tiktok-web-tx/tiktok/webapp/main/react-v18/webapp-desktop/static/js/async/64887.91e0025f.js:1:543659)
    at <anonymous> (https://lf16-tiktok-web.tiktokcdn-us.com/obj/tiktok-web-tx/tiktok/webapp/main/react-v18/webapp-desktop/static/js/async/64887.91e0025f.js:1:616448)
    at l (https://lf16-tiktok-web.tiktokcdn-us.com/obj/tiktok-web-tx/tiktok/webapp/main/react-v18/webapp-desktop/static/js/async/64887.91e0025f.js:1:608637)
    at <anonymous> (https://lf16-tiktok-web.tiktokcdn-us.com/obj/tiktok-web-tx/tiktok/webapp/main/react-v18/webapp-desktop/static/js/async/64887.91e0025f.js:1:609994)
    at <anonymous> (https://lf16-tiktok-web.tiktokcdn-us.com/obj/tiktok-web-tx/tiktok/webapp/main/react-v18/webapp-desktop/static/js/async/64887.91e0025f.js:1:609030)
    at a (https://lf16-tiktok-web.tiktokcdn-us.com/obj/tiktok-web-tx/tiktok/webapp/main/react-v18/webapp-desktop/static/js/50683.c510d297.js:4:166716)
[    1173ms] [WARNING] The 'deprecatedClassName' prop is deprecated. Please use the associated style props instead (e.g. "marginInline", "flex") @ https://lf16-tiktok-web.tiktokcdn-us.com/obj/tiktok-web-tx/tiktok/webapp/main/react-v18/webapp-desktop/static/js/async/16119.4be2579f.js:0
[    1173ms] [WARNING] The 'deprecatedStyle' prop is deprecated. Please use the associated style props instead (e.g. "marginInline", "flex") @ https://lf16-tiktok-web.tiktokcdn-us.com/obj/tiktok-web-tx/tiktok/webapp/main/react-v18/webapp-desktop/static/js/async/16119.4be2579f.js:0
[    1174ms] [WARNING] The 'deprecatedClassName' prop is deprecated. Please use the associated style props instead (e.g. "marginInline", "flex") @ https://lf16-tiktok-web.tiktokcdn-us.com/obj/tiktok-web-tx/tiktok/webapp/main/react-v18/webapp-desktop/static/js/async/16119.4be2579f.js:0
[    1174ms] [WARNING] The 'deprecatedStyle' prop is deprecated. Please use the associated style props instead (e.g. "marginInline", "flex") @ https://lf16-tiktok-web.tiktokcdn-us.com/obj/tiktok-web-tx/tiktok/webapp/main/react-v18/webapp-desktop/static/js/async/16119.4be2579f.js:0
[    1217ms] [WARNING] Reflect is already polyfilled. @ https://lf16-tiktok-web.tiktokcdn-us.com/obj/tiktok-web-tx/tiktok/web/tiktok_fe_login_vmok/static/js/async/1972.0276f698.js:0
[    1251ms] [LOG] %cAccountApi Version >>>>%O background: #222; color: #bada55 2.1.13-tiktok @ https://lf16-tiktok-web.tiktokcdn-us.com/obj/tiktok-web-tx/webmssdk/2.0.0.514/webmssdk.js:0
[    1251ms] [LOG] >> lang es @ https://lf16-tiktok-web.tiktokcdn-us.com/obj/tiktok-web-tx/webmssdk/2.0.0.514/webmssdk.js:0
[    1252ms] [LOG] >>> twv I18n isInitialized true @ https://lf16-tiktok-web.tiktokcdn-us.com/obj/tiktok-web-tx/webmssdk/2.0.0.514/webmssdk.js:0
[    1255ms] [LOG] ===> verify_msh0ux0c_Wg9V227h_g3yf_4oho_9dRP_ztclE3LQbF2O @ https://lf16-tiktok-web.tiktokcdn-us.com/obj/tiktok-web-tx/webmssdk/2.0.0.514/webmssdk.js:0
[    1255ms] [LOG] ===> verify_msh0ux0c_Wg9V227h_g3yf_4oho_9dRP_ztclE3LQbF2O @ https://lf16-tiktok-web.tiktokcdn-us.com/obj/tiktok-web-tx/webmssdk/2.0.0.514/webmssdk.js:0
[    1275ms] [WARNING] The 'deprecatedStyle' prop is deprecated. Please use the associated style props instead (e.g. "marginInline", "flex") @ https://lf16-tiktok-web.tiktokcdn-us.com/obj/tiktok-web-tx/tiktok/webapp/main/react-v18/webapp-desktop/static/js/async/16119.4be2579f.js:0
[    1291ms] [ERROR] get is admin org account error:  error @ https://lf16-tiktok-web.tiktokcdn-us.com/obj/tiktok-web-tx/tiktok/webapp/main/react-v18/webapp-desktop/static/js/webapp-desktop.c59939ee.js:0
[    1294ms] [WARNING] The 'deprecatedClassName' prop is deprecated. Please use the associated style props instead (e.g. "marginInline", "flex") @ https://lf16-tiktok-web.tiktokcdn-us.com/obj/tiktok-web-tx/tiktok/webapp/main/react-v18/webapp-desktop/static/js/async/16119.4be2579f.js:0
[    1294ms] [WARNING] The 'deprecatedStyle' prop is deprecated. Please use the associated style props instead (e.g. "marginInline", "flex") @ https://lf16-tiktok-web.tiktokcdn-us.com/obj/tiktok-web-tx/tiktok/webapp/main/react-v18/webapp-desktop/static/js/async/16119.4be2579f.js:0
[    1294ms] [WARNING] The 'deprecatedClassName' prop is deprecated. Please use the associated style props instead (e.g. "marginInline", "flex") @ https://lf16-tiktok-web.tiktokcdn-us.com/obj/tiktok-web-tx/tiktok/webapp/main/react-v18/webapp-desktop/static/js/async/16119.4be2579f.js:0
[    1294ms] [WARNING] The 'deprecatedStyle' prop is deprecated. Please use the associated style props instead (e.g. "marginInline", "flex") @ https://lf16-tiktok-web.tiktokcdn-us.com/obj/tiktok-web-tx/tiktok/webapp/main/react-v18/webapp-desktop/static/js/async/16119.4be2579f.js:0
[    1352ms] [WARNING] The 'deprecatedClassName' prop is deprecated. Please use the associated style props instead (e.g. "marginInline", "flex") @ https://lf16-tiktok-web.tiktokcdn-us.com/obj/tiktok-web-tx/tiktok/webapp/main/react-v18/webapp-desktop/static/js/async/16119.4be2579f.js:0
[    1352ms] [WARNING] The 'deprecatedStyle' prop is deprecated. Please use the associated style props instead (e.g. "marginInline", "flex") @ https://lf16-tiktok-web.tiktokcdn-us.com/obj/tiktok-web-tx/tiktok/webapp/main/react-v18/webapp-desktop/static/js/async/16119.4be2579f.js:0
[    1352ms] [WARNING] The 'deprecatedClassName' prop is deprecated. Please use the associated style props instead (e.g. "marginInline", "flex") @ https://lf16-tiktok-web.tiktokcdn-us.com/obj/tiktok-web-tx/tiktok/webapp/main/react-v18/webapp-desktop/static/js/async/16119.4be2579f.js:0
[    1352ms] [WARNING] The 'deprecatedStyle' prop is deprecated. Please use the associated style props instead (e.g. "marginInline", "flex") @ https://lf16-tiktok-web.tiktokcdn-us.com/obj/tiktok-web-tx/tiktok/webapp/main/react-v18/webapp-desktop/static/js/async/16119.4be2579f.js:0
[    1422ms] [LOG] [PNS] get unified config response {configs: {"comment_permission":{"contents":[{"items":[{"ite…":"remix_reuse_permission","page_title":"Remix"}}, extra: Object, log_pb: Object, status_code: 0, status_msg: } @ https://lf16-tiktok-web.tiktokcdn-us.com/obj/tiktok-web-tx/webmssdk/2.0.0.514/webmssdk.js:0
[    1464ms] [WARNING] The 'deprecatedClassName' prop is deprecated. Please use the associated style props instead (e.g. "marginInline", "flex") @ https://lf16-tiktok-web.tiktokcdn-us.com/obj/tiktok-web-tx/tiktok/webapp/main/react-v18/webapp-desktop/static/js/async/16119.4be2579f.js:0
[    1464ms] [WARNING] The 'deprecatedStyle' prop is deprecated. Please use the associated style props instead (e.g. "marginInline", "flex") @ https://lf16-tiktok-web.tiktokcdn-us.com/obj/tiktok-web-tx/tiktok/webapp/main/react-v18/webapp-desktop/static/js/async/16119.4be2579f.js:0
[    1464ms] [WARNING] The 'deprecatedClassName' prop is deprecated. Please use the associated style props instead (e.g. "marginInline", "flex") @ https://lf16-tiktok-web.tiktokcdn-us.com/obj/tiktok-web-tx/tiktok/webapp/main/react-v18/webapp-desktop/static/js/async/16119.4be2579f.js:0
[    1464ms] [WARNING] The 'deprecatedStyle' prop is deprecated. Please use the associated style props instead (e.g. "marginInline", "flex") @ https://lf16-tiktok-web.tiktokcdn-us.com/obj/tiktok-web-tx/tiktok/webapp/main/react-v18/webapp-desktop/static/js/async/16119.4be2579f.js:0
[    1595ms] [WARNING] The 'deprecatedClassName' prop is deprecated. Please use the associated style props instead (e.g. "marginInline", "flex") @ https://lf16-tiktok-web.tiktokcdn-us.com/obj/tiktok-web-tx/tiktok/webapp/main/react-v18/webapp-desktop/static/js/async/16119.4be2579f.js:0
[    1595ms] [WARNING] The 'deprecatedStyle' prop is deprecated. Please use the associated style props instead (e.g. "marginInline", "flex") @ https://lf16-tiktok-web.tiktokcdn-us.com/obj/tiktok-web-tx/tiktok/webapp/main/react-v18/webapp-desktop/static/js/async/16119.4be2579f.js:0
[    1595ms] [WARNING] The 'deprecatedClassName' prop is deprecated. Please use the associated style props instead (e.g. "marginInline", "flex") @ https://lf16-tiktok-web.tiktokcdn-us.com/obj/tiktok-web-tx/tiktok/webapp/main/react-v18/webapp-desktop/static/js/async/16119.4be2579f.js:0
[    1595ms] [WARNING] The 'deprecatedStyle' prop is deprecated. Please use the associated style props instead (e.g. "marginInline", "flex") @ https://lf16-tiktok-web.tiktokcdn-us.com/obj/tiktok-web-tx/tiktok/webapp/main/react-v18/webapp-desktop/static/js/async/16119.4be2579f.js:0
[    1676ms] [WARNING] The 'deprecatedClassName' prop is deprecated. Please use the associated style props instead (e.g. "marginInline", "flex") @ https://lf16-tiktok-web.tiktokcdn-us.com/obj/tiktok-web-tx/tiktok/webapp/main/react-v18/webapp-desktop/static/js/async/16119.4be2579f.js:0
[    1676ms] [WARNING] The 'deprecatedStyle' prop is deprecated. Please use the associated style props instead (e.g. "marginInline", "flex") @ https://lf16-tiktok-web.tiktokcdn-us.com/obj/tiktok-web-tx/tiktok/webapp/main/react-v18/webapp-desktop/static/js/async/16119.4be2579f.js:0
[    1676ms] [WARNING] The 'deprecatedClassName' prop is deprecated. Please use the associated style props instead (e.g. "marginInline", "flex") @ https://lf16-tiktok-web.tiktokcdn-us.com/obj/tiktok-web-tx/tiktok/webapp/main/react-v18/webapp-desktop/static/js/async/16119.4be2579f.js:0
[    1676ms] [WARNING] The 'deprecatedStyle' prop is deprecated. Please use the associated style props instead (e.g. "marginInline", "flex") @ https://lf16-tiktok-web.tiktokcdn-us.com/obj/tiktok-web-tx/tiktok/webapp/main/react-v18/webapp-desktop/static/js/async/16119.4be2579f.js:0
[    1723ms] [WARNING] The 'deprecatedClassName' prop is deprecated. Please use the associated style props instead (e.g. "marginInline", "flex") @ https://lf16-tiktok-web.tiktokcdn-us.com/obj/tiktok-web-tx/tiktok/webapp/main/react-v18/webapp-desktop/static/js/async/16119.4be2579f.js:0
[    1724ms] [WARNING] The 'deprecatedStyle' prop is deprecated. Please use the associated style props instead (e.g. "marginInline", "flex") @ https://lf16-tiktok-web.tiktokcdn-us.com/obj/tiktok-web-tx/tiktok/webapp/main/react-v18/webapp-desktop/static/js/async/16119.4be2579f.js:0
[    1724ms] [WARNING] The 'deprecatedClassName' prop is deprecated. Please use the associated style props instead (e.g. "marginInline", "flex") @ https://lf16-tiktok-web.tiktokcdn-us.com/obj/tiktok-web-tx/tiktok/webapp/main/react-v18/webapp-desktop/static/js/async/16119.4be2579f.js:0
[    1724ms] [WARNING] The 'deprecatedStyle' prop is deprecated. Please use the associated style props instead (e.g. "marginInline", "flex") @ https://lf16-tiktok-web.tiktokcdn-us.com/obj/tiktok-web-tx/tiktok/webapp/main/react-v18/webapp-desktop/static/js/async/16119.4be2579f.js:0
[    1787ms] [LOG] [PNS] get restriction setting and effected count response {extra: Object, log_pb: Object, privacy_restriction: Object, privacy_settings: Object, status_code: 0} {extra: Object, log_pb: Object, no_pa_control_settings: Object, status_code: 0, status_msg: } @ https://lf16-tiktok-web.tiktokcdn-us.com/obj/tiktok-web-tx/webmssdk/2.0.0.514/webmssdk.js:0
[    1790ms] [LOG] [Slardar] pns_cuj {} {name: PageContextNullException} @ https://lf16-tiktok-web.tiktokcdn-us.com/obj/tiktok-web-tx/webmssdk/2.0.0.514/webmssdk.js:0
[   15477ms] [WARNING] The resource https://lf16-tiktok-web.tiktokcdn-us.com/obj/tiktok-web-tx/tiktok/web/pns_fe_keyword_filtering_vmok/static/js/async/126.c9a90670.js was preloaded using link preload but not used within a few seconds from the window's load event. Please make sure it has an appropriate `as` value and it is preloaded intentionally. @ https://www.tiktok.com/setting?lang=es:0
[   15477ms] [WARNING] The resource https://lf16-tiktok-web.tiktokcdn-us.com/obj/tiktok-web-tx/tiktok/web/pns_fe_parental_control_vmok/static/js/async/lib-axios.56c5f961.js was preloaded using link preload but not used within a few seconds from the window's load event. Please make sure it has an appropriate `as` value and it is preloaded intentionally. @ https://www.tiktok.com/setting?lang=es:0
[   15477ms] [WARNING] The resource https://lf16-tiktok-web.tiktokcdn-us.com/obj/tiktok-web-tx/tiktok/web/pns_fe_keyword_filtering_vmok/static/js/async/606.7a63198e.js was preloaded using link preload but not used within a few seconds from the window's load event. Please make sure it has an appropriate `as` value and it is preloaded intentionally. @ https://www.tiktok.com/setting?lang=es:0
[   15477ms] [WARNING] The resource https://lf16-tiktok-web.tiktokcdn-us.com/obj/tiktok-web-tx/tiktok/web/pns_fe_keyword_filtering_vmok/static/css/async/__federation_expose_entry_react_bridge.569a7521.css was preloaded using link preload but not used within a few seconds from the window's load event. Please make sure it has an appropriate `as` value and it is preloaded intentionally. @ https://www.tiktok.com/setting?lang=es:0
[   15477ms] [WARNING] The resource https://lf16-tiktok-web.tiktokcdn-us.com/obj/tiktok-web-tx/tiktok/web/pns_fe_keyword_filtering_vmok/static/js/async/752.8dc09088.js was preloaded using link preload but not used within a few seconds from the window's load event. Please make sure it has an appropriate `as` value and it is preloaded intentionally. @ https://www.tiktok.com/setting?lang=es:0
[   15477ms] [WARNING] The resource https://lf16-tiktok-web.tiktokcdn-us.com/obj/tiktok-web-tx/tiktok/web/pns_fe_keyword_filtering_vmok/static/js/async/async-main.25610a11.js was preloaded using link preload but not used within a few seconds from the window's load event. Please make sure it has an appropriate `as` value and it is preloaded intentionally. @ https://www.tiktok.com/setting?lang=es:0
[   15477ms] [WARNING] The resource https://lf16-tiktok-web.tiktokcdn-us.com/obj/tiktok-web-tx/tiktok/web/pns_fe_keyword_filtering_vmok/static/js/async/lib-router.46d8bbc0.js was preloaded using link preload but not used within a few seconds from the window's load event. Please make sure it has an appropriate `as` value and it is preloaded intentionally. @ https://www.tiktok.com/setting?lang=es:0
[   15477ms] [WARNING] The resource https://lf16-tiktok-web.tiktokcdn-us.com/obj/tiktok-web-tx/tiktok/web/pns_fe_keyword_filtering_vmok/static/js/async/587.eafa5f92.js was preloaded using link preload but not used within a few seconds from the window's load event. Please make sure it has an appropriate `as` value and it is preloaded intentionally. @ https://www.tiktok.com/setting?lang=es:0
[   15477ms] [WARNING] The resource https://lf16-tiktok-web.tiktokcdn-us.com/obj/tiktok-web-tx/tiktok/web/pns_fe_keyword_filtering_vmok/static/js/async/593.f09ae1b5.js was preloaded using link preload but not used within a few seconds from the window's load event. Please make sure it has an appropriate `as` value and it is preloaded intentionally. @ https://www.tiktok.com/setting?lang=es:0
[   15477ms] [WARNING] The resource https://lf16-tiktok-web.tiktokcdn-us.com/obj/tiktok-web-tx/tiktok/web/pns_fe_parental_control_vmok/static/js/lib-polyfill.5e52839d.js was preloaded using link preload but not used within a few seconds from the window's load event. Please make sure it has an appropriate `as` value and it is preloaded intentionally. @ https://www.tiktok.com/setting?lang=es:0
[   15477ms] [WARNING] The resource https://lf16-tiktok-web.tiktokcdn-us.com/obj/tiktok-web-tx/tiktok/web/pns_fe_keyword_filtering_vmok/static/js/async/273.61871fe6.js was preloaded using link preload but not used within a few seconds from the window's load event. Please make sure it has an appropriate `as` value and it is preloaded intentionally. @ https://www.tiktok.com/setting?lang=es:0
[   15477ms] [WARNING] The resource https://lf16-tiktok-web.tiktokcdn-us.com/obj/tiktok-web-tx/tiktok/web/pns_fe_parental_control_vmok/static/js/async/9678.ae39123c.js was preloaded using link preload but not used within a few seconds from the window's load event. Please make sure it has an appropriate `as` value and it is preloaded intentionally. @ https://www.tiktok.com/setting?lang=es:0
[   15477ms] [WARNING] The resource https://lf16-tiktok-web.tiktokcdn-us.com/obj/tiktok-web-tx/tiktok/web/pns_fe_parental_control_vmok/static/js/async/__federation_expose_main.1a07efe8.js was preloaded using link preload but not used within a few seconds from the window's load event. Please make sure it has an appropriate `as` value and it is preloaded intentionally. @ https://www.tiktok.com/setting?lang=es:0
[   15477ms] [WARNING] The resource https://lf16-tiktok-web.tiktokcdn-us.com/obj/tiktok-web-tx/tiktok/web/pns_fe_keyword_filtering_vmok/static/js/async/__federation_expose_entry_react_bridge.247b132d.js was preloaded using link preload but not used within a few seconds from the window's load event. Please make sure it has an appropriate `as` value and it is preloaded intentionally. @ https://www.tiktok.com/setting?lang=es:0
[   15477ms] [WARNING] The resource https://lf16-tiktok-web.tiktokcdn-us.com/obj/tiktok-web-tx/tiktok/web/pns_fe_parental_control_vmok/static/js/async/lib-router.369091d5.js was preloaded using link preload but not used within a few seconds from the window's load event. Please make sure it has an appropriate `as` value and it is preloaded intentionally. @ https://www.tiktok.com/setting?lang=es:0
[   15477ms] [WARNING] The resource https://lf16-tiktok-web.tiktokcdn-us.com/obj/tiktok-web-tx/tiktok/web/pns_fe_keyword_filtering_vmok/static/js/async/argus-builder-strategy.a3264b45.js was preloaded using link preload but not used within a few seconds from the window's load event. Please make sure it has an appropriate `as` value and it is preloaded intentionally. @ https://www.tiktok.com/setting?lang=es:0
[   15477ms] [WARNING] The resource https://lf16-tiktok-web.tiktokcdn-us.com/obj/tiktok-web-tx/tiktok/web/pns_fe_keyword_filtering_vmok/static/js/async/lib-axios.8c284c11.js was preloaded using link preload but not used within a few seconds from the window's load event. Please make sure it has an appropriate `as` value and it is preloaded intentionally. @ https://www.tiktok.com/setting?lang=es:0
[   15477ms] [WARNING] The resource https://lf16-tiktok-web.tiktokcdn-us.com/obj/tiktok-web-tx/tiktok/web/pns_fe_keyword_filtering_vmok/static/js/lib-polyfill.2d9206bd.js was preloaded using link preload but not used within a few seconds from the window's load event. Please make sure it has an appropriate `as` value and it is preloaded intentionally. @ https://www.tiktok.com/setting?lang=es:0
[   15477ms] [WARNING] The resource https://lf16-tiktok-web.tiktokcdn-us.com/obj/tiktok-web-tx/tiktok/web/pns_fe_parental_control_vmok/static/css/async/3139.a5a9f032.css was preloaded using link preload but not used within a few seconds from the window's load event. Please make sure it has an appropriate `as` value and it is preloaded intentionally. @ https://www.tiktok.com/setting?lang=es:0
[   15477ms] [WARNING] The resource https://lf16-tiktok-web.tiktokcdn-us.com/obj/tiktok-web-tx/tiktok/web/pns_fe_parental_control_vmok/static/js/async/778.beddb8c0.js was preloaded using link preload but not used within a few seconds from the window's load event. Please make sure it has an appropriate `as` value and it is preloaded intentionally. @ https://www.tiktok.com/setting?lang=es:0
[   15477ms] [WARNING] The resource https://lf16-tiktok-web.tiktokcdn-us.com/obj/tiktok-web-tx/tiktok/web/pns_fe_parental_control_vmok/static/js/async/3139.dafaa0fc.js was preloaded using link preload but not used within a few seconds from the window's load event. Please make sure it has an appropriate `as` value and it is preloaded intentionally. @ https://www.tiktok.com/setting?lang=es:0
[   15477ms] [WARNING] The resource https://lf16-tiktok-web.tiktokcdn-us.com/obj/tiktok-web-tx/tiktok/web/pns_fe_keyword_filtering_vmok/static/css/async/126.f1acf961.css was preloaded using link preload but not used within a few seconds from the window's load event. Please make sure it has an appropriate `as` value and it is preloaded intentionally. @ https://www.tiktok.com/setting?lang=es:0
[   15477ms] [WARNING] The resource https://lf16-tiktok-web.tiktokcdn-us.com/obj/tiktok-web-tx/tiktok/web/pns_fe_parental_control_vmok/static/css/async/__federation_expose_main.abb44d39.css was preloaded using link preload but not used within a few seconds from the window's load event. Please make sure it has an appropriate `as` value and it is preloaded intentionally. @ https://www.tiktok.com/setting?lang=es:0
[   25783ms] [WARNING] The resource https://lf16-tiktok-web.tiktokcdn-us.com/obj/tiktok-web-tx/tiktok/web/pns_fe_keyword_filtering_vmok/static/js/async/126.c9a90670.js was preloaded using link preload but not used within a few seconds from the window's load event. Please make sure it has an appropriate `as` value and it is preloaded intentionally. @ https://www.tiktok.com/setting?lang=es:0
[   25783ms] [WARNING] The resource https://lf16-tiktok-web.tiktokcdn-us.com/obj/tiktok-web-tx/tiktok/web/pns_fe_parental_control_vmok/static/js/async/lib-axios.56c5f961.js was preloaded using link preload but not used within a few seconds from the window's load event. Please make sure it has an appropriate `as` value and it is preloaded intentionally. @ https://www.tiktok.com/setting?lang=es:0
[   25783ms] [WARNING] The resource https://lf16-tiktok-web.tiktokcdn-us.com/obj/tiktok-web-tx/tiktok/web/pns_fe_keyword_filtering_vmok/static/js/async/606.7a63198e.js was preloaded using link preload but not used within a few seconds from the window's load event. Please make sure it has an appropriate `as` value and it is preloaded intentionally. @ https://www.tiktok.com/setting?lang=es:0
[   25783ms] [WARNING] The resource https://lf16-tiktok-web.tiktokcdn-us.com/obj/tiktok-web-tx/tiktok/web/pns_fe_keyword_filtering_vmok/static/css/async/__federation_expose_entry_react_bridge.569a7521.css was preloaded using link preload but not used within a few seconds from the window's load event. Please make sure it has an appropriate `as` value and it is preloaded intentionally. @ https://www.tiktok.com/setting?lang=es:0
[   25783ms] [WARNING] The resource https://lf16-tiktok-web.tiktokcdn-us.com/obj/tiktok-web-tx/tiktok/web/pns_fe_keyword_filtering_vmok/static/js/async/752.8dc09088.js was preloaded using link preload but not used within a few seconds from the window's load event. Please make sure it has an appropriate `as` value and it is preloaded intentionally. @ https://www.tiktok.com/setting?lang=es:0
[   25783ms] [WARNING] The resource https://lf16-tiktok-web.tiktokcdn-us.com/obj/tiktok-web-tx/tiktok/web/pns_fe_keyword_filtering_vmok/static/js/async/async-main.25610a11.js was preloaded using link preload but not used within a few seconds from the window's load event. Please make sure it has an appropriate `as` value and it is preloaded intentionally. @ https://www.tiktok.com/setting?lang=es:0
[   25783ms] [WARNING] The resource https://lf16-tiktok-web.tiktokcdn-us.com/obj/tiktok-web-tx/tiktok/web/pns_fe_keyword_filtering_vmok/static/js/async/lib-router.46d8bbc0.js was preloaded using link preload but not used within a few seconds from the window's load event. Please make sure it has an appropriate `as` value and it is preloaded intentionally. @ https://www.tiktok.com/setting?lang=es:0
[   25783ms] [WARNING] The resource https://lf16-tiktok-web.tiktokcdn-us.com/obj/tiktok-web-tx/tiktok/web/pns_fe_keyword_filtering_vmok/static/js/async/587.eafa5f92.js was preloaded using link preload but not used within a few seconds from the window's load event. Please make sure it has an appropriate `as` value and it is preloaded intentionally. @ https://www.tiktok.com/setting?lang=es:0
[   25783ms] [WARNING] The resource https://lf16-tiktok-web.tiktokcdn-us.com/obj/tiktok-web-tx/tiktok/web/pns_fe_keyword_filtering_vmok/static/js/async/593.f09ae1b5.js was preloaded using link preload but not used within a few seconds from the window's load event. Please make sure it has an appropriate `as` value and it is preloaded intentionally. @ https://www.tiktok.com/setting?lang=es:0
[   25783ms] [WARNING] The resource https://lf16-tiktok-web.tiktokcdn-us.com/obj/tiktok-web-tx/tiktok/web/pns_fe_parental_control_vmok/static/js/lib-polyfill.5e52839d.js was preloaded using link preload but not used within a few seconds from the window's load event. Please make sure it has an appropriate `as` value and it is preloaded intentionally. @ https://www.tiktok.com/setting?lang=es:0
[   25783ms] [WARNING] The resource https://lf16-tiktok-web.tiktokcdn-us.com/obj/tiktok-web-tx/tiktok/web/pns_fe_keyword_filtering_vmok/static/js/async/273.61871fe6.js was preloaded using link preload but not used within a few seconds from the window's load event. Please make sure it has an appropriate `as` value and it is preloaded intentionally. @ https://www.tiktok.com/setting?lang=es:0
[   25783ms] [WARNING] The resource https://lf16-tiktok-web.tiktokcdn-us.com/obj/tiktok-web-tx/tiktok/web/pns_fe_parental_control_vmok/static/js/async/9678.ae39123c.js was preloaded using link preload but not used within a few seconds from the window's load event. Please make sure it has an appropriate `as` value and it is preloaded intentionally. @ https://www.tiktok.com/setting?lang=es:0
[   25783ms] [WARNING] The resource https://lf16-tiktok-web.tiktokcdn-us.com/obj/tiktok-web-tx/tiktok/web/pns_fe_parental_control_vmok/static/js/async/__federation_expose_main.1a07efe8.js was preloaded using link preload but not used within a few seconds from the window's load event. Please make sure it has an appropriate `as` value and it is preloaded intentionally. @ https://www.tiktok.com/setting?lang=es:0
[   25783ms] [WARNING] The resource https://lf16-tiktok-web.tiktokcdn-us.com/obj/tiktok-web-tx/tiktok/web/pns_fe_keyword_filtering_vmok/static/js/async/__federation_expose_entry_react_bridge.247b132d.js was preloaded using link preload but not used within a few seconds from the window's load event. Please make sure it has an appropriate `as` value and it is preloaded intentionally. @ https://www.tiktok.com/setting?lang=es:0
[   25783ms] [WARNING] The resource https://lf16-tiktok-web.tiktokcdn-us.com/obj/tiktok-web-tx/tiktok/web/pns_fe_parental_control_vmok/static/js/async/lib-router.369091d5.js was preloaded using link preload but not used within a few seconds from the window's load event. Please make sure it has an appropriate `as` value and it is preloaded intentionally. @ https://www.tiktok.com/setting?lang=es:0
[   25783ms] [WARNING] The resource https://lf16-tiktok-web.tiktokcdn-us.com/obj/tiktok-web-tx/tiktok/web/pns_fe_keyword_filtering_vmok/static/js/async/argus-builder-strategy.a3264b45.js was preloaded using link preload but not used within a few seconds from the window's load event. Please make sure it has an appropriate `as` value and it is preloaded intentionally. @ https://www.tiktok.com/setting?lang=es:0
[   25783ms] [WARNING] The resource https://lf16-tiktok-web.tiktokcdn-us.com/obj/tiktok-web-tx/tiktok/web/pns_fe_keyword_filtering_vmok/static/js/async/lib-axios.8c284c11.js was preloaded using link preload but not used within a few seconds from the window's load event. Please make sure it has an appropriate `as` value and it is preloaded intentionally. @ https://www.tiktok.com/setting?lang=es:0
[   25783ms] [WARNING] The resource https://lf16-tiktok-web.tiktokcdn-us.com/obj/tiktok-web-tx/tiktok/web/pns_fe_keyword_filtering_vmok/static/js/lib-polyfill.2d9206bd.js was preloaded using link preload but not used within a few seconds from the window's load event. Please make sure it has an appropriate `as` value and it is preloaded intentionally. @ https://www.tiktok.com/setting?lang=es:0
[   25783ms] [WARNING] The resource https://lf16-tiktok-web.tiktokcdn-us.com/obj/tiktok-web-tx/tiktok/web/pns_fe_parental_control_vmok/static/css/async/3139.a5a9f032.css was preloaded using link preload but not used within a few seconds from the window's load event. Please make sure it has an appropriate `as` value and it is preloaded intentionally. @ https://www.tiktok.com/setting?lang=es:0
[   25783ms] [WARNING] The resource https://lf16-tiktok-web.tiktokcdn-us.com/obj/tiktok-web-tx/tiktok/web/pns_fe_parental_control_vmok/static/js/async/778.beddb8c0.js was preloaded using link preload but not used within a few seconds from the window's load event. Please make sure it has an appropriate `as` value and it is preloaded intentionally. @ https://www.tiktok.com/setting?lang=es:0
[   25783ms] [WARNING] The resource https://lf16-tiktok-web.tiktokcdn-us.com/obj/tiktok-web-tx/tiktok/web/pns_fe_parental_control_vmok/static/js/async/3139.dafaa0fc.js was preloaded using link preload but not used within a few seconds from the window's load event. Please make sure it has an appropriate `as` value and it is preloaded intentionally. @ https://www.tiktok.com/setting?lang=es:0
[   25783ms] [WARNING] The resource https://lf16-tiktok-web.tiktokcdn-us.com/obj/tiktok-web-tx/tiktok/web/pns_fe_keyword_filtering_vmok/static/css/async/126.f1acf961.css was preloaded using link preload but not used within a few seconds from the window's load event. Please make sure it has an appropriate `as` value and it is preloaded intentionally. @ https://www.tiktok.com/setting?lang=es:0
[   25783ms] [WARNING] The resource https://lf16-tiktok-web.tiktokcdn-us.com/obj/tiktok-web-tx/tiktok/web/pns_fe_parental_control_vmok/static/css/async/__federation_expose_main.abb44d39.css was preloaded using link preload but not used within a few seconds from the window's load event. Please make sure it has an appropriate `as` value and it is preloaded intentionally. @ https://www.tiktok.com/setting?lang=es:0
[   30600ms] [ERROR] error Error: Timeout
    at https://lf16-tiktok-web.tiktokcdn-us.com/obj/tiktok-web-tx/tiktok/webapp/main/react-v18/webapp-desktop/static/js/slardar.8879cd84.js:2:83622 @ https://lf16-tiktok-web.tiktokcdn-us.com/obj/tiktok-web-tx/tiktok/webapp/main/react-v18/webapp-desktop/static/js/webapp-desktop.c59939ee.js:0
[   36951ms] [WARNING] The resource https://lf16-tiktok-web.tiktokcdn-us.com/obj/tiktok-web-tx/tiktok/web/pns_fe_keyword_filtering_vmok/static/js/async/126.c9a90670.js was preloaded using link preload but not used within a few seconds from the window's load event. Please make sure it has an appropriate `as` value and it is preloaded intentionally. @ https://www.tiktok.com/setting?lang=es:0
[   36951ms] [WARNING] The resource https://lf16-tiktok-web.tiktokcdn-us.com/obj/tiktok-web-tx/tiktok/web/pns_fe_parental_control_vmok/static/js/async/lib-axios.56c5f961.js was preloaded using link preload but not used within a few seconds from the window's load event. Please make sure it has an appropriate `as` value and it is preloaded intentionally. @ https://www.tiktok.com/setting?lang=es:0
[   36951ms] [WARNING] The resource https://lf16-tiktok-web.tiktokcdn-us.com/obj/tiktok-web-tx/tiktok/web/pns_fe_keyword_filtering_vmok/static/js/async/606.7a63198e.js was preloaded using link preload but not used within a few seconds from the window's load event. Please make sure it has an appropriate `as` value and it is preloaded intentionally. @ https://www.tiktok.com/setting?lang=es:0
[   36951ms] [WARNING] The resource https://lf16-tiktok-web.tiktokcdn-us.com/obj/tiktok-web-tx/tiktok/web/pns_fe_keyword_filtering_vmok/static/css/async/__federation_expose_entry_react_bridge.569a7521.css was preloaded using link preload but not used within a few seconds from the window's load event. Please make sure it has an appropriate `as` value and it is preloaded intentionally. @ https://www.tiktok.com/setting?lang=es:0
[   36951ms] [WARNING] The resource https://lf16-tiktok-web.tiktokcdn-us.com/obj/tiktok-web-tx/tiktok/web/pns_fe_keyword_filtering_vmok/static/js/async/752.8dc09088.js was preloaded using link preload but not used within a few seconds from the window's load event. Please make sure it has an appropriate `as` value and it is preloaded intentionally. @ https://www.tiktok.com/setting?lang=es:0
[   36951ms] [WARNING] The resource https://lf16-tiktok-web.tiktokcdn-us.com/obj/tiktok-web-tx/tiktok/web/pns_fe_keyword_filtering_vmok/static/js/async/async-main.25610a11.js was preloaded using link preload but not used within a few seconds from the window's load event. Please make sure it has an appropriate `as` value and it is preloaded intentionally. @ https://www.tiktok.com/setting?lang=es:0
[   36951ms] [WARNING] The resource https://lf16-tiktok-web.tiktokcdn-us.com/obj/tiktok-web-tx/tiktok/web/pns_fe_keyword_filtering_vmok/static/js/async/lib-router.46d8bbc0.js was preloaded using link preload but not used within a few seconds from the window's load event. Please make sure it has an appropriate `as` value and it is preloaded intentionally. @ https://www.tiktok.com/setting?lang=es:0
[   36951ms] [WARNING] The resource https://lf16-tiktok-web.tiktokcdn-us.com/obj/tiktok-web-tx/tiktok/web/pns_fe_keyword_filtering_vmok/static/js/async/587.eafa5f92.js was preloaded using link preload but not used within a few seconds from the window's load event. Please make sure it has an appropriate `as` value and it is preloaded intentionally. @ https://www.tiktok.com/setting?lang=es:0
[   36951ms] [WARNING] The resource https://lf16-tiktok-web.tiktokcdn-us.com/obj/tiktok-web-tx/tiktok/web/pns_fe_keyword_filtering_vmok/static/js/async/593.f09ae1b5.js was preloaded using link preload but not used within a few seconds from the window's load event. Please make sure it has an appropriate `as` value and it is preloaded intentionally. @ https://www.tiktok.com/setting?lang=es:0
[   36951ms] [WARNING] The resource https://lf16-tiktok-web.tiktokcdn-us.com/obj/tiktok-web-tx/tiktok/web/pns_fe_parental_control_vmok/static/js/lib-polyfill.5e52839d.js was preloaded using link preload but not used within a few seconds from the window's load event. Please make sure it has an appropriate `as` value and it is preloaded intentionally. @ https://www.tiktok.com/setting?lang=es:0
[   36951ms] [WARNING] The resource https://lf16-tiktok-web.tiktokcdn-us.com/obj/tiktok-web-tx/tiktok/web/pns_fe_keyword_filtering_vmok/static/js/async/273.61871fe6.js was preloaded using link preload but not used within a few seconds from the window's load event. Please make sure it has an appropriate `as` value and it is preloaded intentionally. @ https://www.tiktok.com/setting?lang=es:0
[   36951ms] [WARNING] The resource https://lf16-tiktok-web.tiktokcdn-us.com/obj/tiktok-web-tx/tiktok/web/pns_fe_parental_control_vmok/static/js/async/9678.ae39123c.js was preloaded using link preload but not used within a few seconds from the window's load event. Please make sure it has an appropriate `as` value and it is preloaded intentionally. @ https://www.tiktok.com/setting?lang=es:0
[   36951ms] [WARNING] The resource https://lf16-tiktok-web.tiktokcdn-us.com/obj/tiktok-web-tx/tiktok/web/pns_fe_parental_control_vmok/static/js/async/__federation_expose_main.1a07efe8.js was preloaded using link preload but not used within a few seconds from the window's load event. Please make sure it has an appropriate `as` value and it is preloaded intentionally. @ https://www.tiktok.com/setting?lang=es:0
[   36951ms] [WARNING] The resource https://lf16-tiktok-web.tiktokcdn-us.com/obj/tiktok-web-tx/tiktok/web/pns_fe_keyword_filtering_vmok/static/js/async/__federation_expose_entry_react_bridge.247b132d.js was preloaded using link preload but not used within a few seconds from the window's load event. Please make sure it has an appropriate `as` value and it is preloaded intentionally. @ https://www.tiktok.com/setting?lang=es:0
[   36951ms] [WARNING] The resource https://lf16-tiktok-web.tiktokcdn-us.com/obj/tiktok-web-tx/tiktok/web/pns_fe_parental_control_vmok/static/js/async/lib-router.369091d5.js was preloaded using link preload but not used within a few seconds from the window's load event. Please make sure it has an appropriate `as` value and it is preloaded intentionally. @ https://www.tiktok.com/setting?lang=es:0
[   36951ms] [WARNING] The resource https://lf16-tiktok-web.tiktokcdn-us.com/obj/tiktok-web-tx/tiktok/web/pns_fe_keyword_filtering_vmok/static/js/async/argus-builder-strategy.a3264b45.js was preloaded using link preload but not used within a few seconds from the window's load event. Please make sure it has an appropriate `as` value and it is preloaded intentionally. @ https://www.tiktok.com/setting?lang=es:0
[   36951ms] [WARNING] The resource https://lf16-tiktok-web.tiktokcdn-us.com/obj/tiktok-web-tx/tiktok/web/pns_fe_keyword_filtering_vmok/static/js/async/lib-axios.8c284c11.js was preloaded using link preload but not used within a few seconds from the window's load event. Please make sure it has an appropriate `as` value and it is preloaded intentionally. @ https://www.tiktok.com/setting?lang=es:0
[   36951ms] [WARNING] The resource https://lf16-tiktok-web.tiktokcdn-us.com/obj/tiktok-web-tx/tiktok/web/pns_fe_keyword_filtering_vmok/static/js/lib-polyfill.2d9206bd.js was preloaded using link preload but not used within a few seconds from the window's load event. Please make sure it has an appropriate `as` value and it is preloaded intentionally. @ https://www.tiktok.com/setting?lang=es:0
[   36952ms] [WARNING] The resource https://lf16-tiktok-web.tiktokcdn-us.com/obj/tiktok-web-tx/tiktok/web/pns_fe_parental_control_vmok/static/css/async/3139.a5a9f032.css was preloaded using link preload but not used within a few seconds from the window's load event. Please make sure it has an appropriate `as` value and it is preloaded intentionally. @ https://www.tiktok.com/setting?lang=es:0
[   36952ms] [WARNING] The resource https://lf16-tiktok-web.tiktokcdn-us.com/obj/tiktok-web-tx/tiktok/web/pns_fe_parental_control_vmok/static/js/async/778.beddb8c0.js was preloaded using link preload but not used within a few seconds from the window's load event. Please make sure it has an appropriate `as` value and it is preloaded intentionally. @ https://www.tiktok.com/setting?lang=es:0
[   36952ms] [WARNING] The resource https://lf16-tiktok-web.tiktokcdn-us.com/obj/tiktok-web-tx/tiktok/web/pns_fe_parental_control_vmok/static/js/async/3139.dafaa0fc.js was preloaded using link preload but not used within a few seconds from the window's load event. Please make sure it has an appropriate `as` value and it is preloaded intentionally. @ https://www.tiktok.com/setting?lang=es:0
[   36952ms] [WARNING] The resource https://lf16-tiktok-web.tiktokcdn-us.com/obj/tiktok-web-tx/tiktok/web/pns_fe_keyword_filtering_vmok/static/css/async/126.f1acf961.css was preloaded using link preload but not used within a few seconds from the window's load event. Please make sure it has an appropriate `as` value and it is preloaded intentionally. @ https://www.tiktok.com/setting?lang=es:0
[   36952ms] [WARNING] The resource https://lf16-tiktok-web.tiktokcdn-us.com/obj/tiktok-web-tx/tiktok/web/pns_fe_parental_control_vmok/static/css/async/__federation_expose_main.abb44d39.css was preloaded using link preload but not used within a few seconds from the window's load event. Please make sure it has an appropriate `as` value and it is preloaded intentionally. @ https://www.tiktok.com/setting?lang=es:0
[   46430ms] [WARNING] The resource https://lf16-tiktok-web.tiktokcdn-us.com/obj/tiktok-web-tx/tiktok/web/pns_fe_keyword_filtering_vmok/static/js/async/126.c9a90670.js was preloaded using link preload but not used within a few seconds from the window's load event. Please make sure it has an appropriate `as` value and it is preloaded intentionally. @ https://www.tiktok.com/setting?lang=es:0
[   46430ms] [WARNING] The resource https://lf16-tiktok-web.tiktokcdn-us.com/obj/tiktok-web-tx/tiktok/web/pns_fe_parental_control_vmok/static/js/async/lib-axios.56c5f961.js was preloaded using link preload but not used within a few seconds from the window's load event. Please make sure it has an appropriate `as` value and it is preloaded intentionally. @ https://www.tiktok.com/setting?lang=es:0
[   46431ms] [WARNING] The resource https://lf16-tiktok-web.tiktokcdn-us.com/obj/tiktok-web-tx/tiktok/web/pns_fe_keyword_filtering_vmok/static/js/async/606.7a63198e.js was preloaded using link preload but not used within a few seconds from the window's load event. Please make sure it has an appropriate `as` value and it is preloaded intentionally. @ https://www.tiktok.com/setting?lang=es:0
[   46431ms] [WARNING] The resource https://lf16-tiktok-web.tiktokcdn-us.com/obj/tiktok-web-tx/tiktok/web/pns_fe_keyword_filtering_vmok/static/css/async/__federation_expose_entry_react_bridge.569a7521.css was preloaded using link preload but not used within a few seconds from the window's load event. Please make sure it has an appropriate `as` value and it is preloaded intentionally. @ https://www.tiktok.com/setting?lang=es:0
[   46431ms] [WARNING] The resource https://lf16-tiktok-web.tiktokcdn-us.com/obj/tiktok-web-tx/tiktok/web/pns_fe_keyword_filtering_vmok/static/js/async/752.8dc09088.js was preloaded using link preload but not used within a few seconds from the window's load event. Please make sure it has an appropriate `as` value and it is preloaded intentionally. @ https://www.tiktok.com/setting?lang=es:0
[   46431ms] [WARNING] The resource https://lf16-tiktok-web.tiktokcdn-us.com/obj/tiktok-web-tx/tiktok/web/pns_fe_keyword_filtering_vmok/static/js/async/async-main.25610a11.js was preloaded using link preload but not used within a few seconds from the window's load event. Please make sure it has an appropriate `as` value and it is preloaded intentionally. @ https://www.tiktok.com/setting?lang=es:0
[   46431ms] [WARNING] The resource https://lf16-tiktok-web.tiktokcdn-us.com/obj/tiktok-web-tx/tiktok/web/pns_fe_keyword_filtering_vmok/static/js/async/lib-router.46d8bbc0.js was preloaded using link preload but not used within a few seconds from the window's load event. Please make sure it has an appropriate `as` value and it is preloaded intentionally. @ https://www.tiktok.com/setting?lang=es:0
[   46431ms] [WARNING] The resource https://lf16-tiktok-web.tiktokcdn-us.com/obj/tiktok-web-tx/tiktok/web/pns_fe_keyword_filtering_vmok/static/js/async/587.eafa5f92.js was preloaded using link preload but not used within a few seconds from the window's load event. Please make sure it has an appropriate `as` value and it is preloaded intentionally. @ https://www.tiktok.com/setting?lang=es:0
[   46431ms] [WARNING] The resource https://lf16-tiktok-web.tiktokcdn-us.com/obj/tiktok-web-tx/tiktok/web/pns_fe_keyword_filtering_vmok/static/js/async/593.f09ae1b5.js was preloaded using link preload but not used within a few seconds from the window's load event. Please make sure it has an appropriate `as` value and it is preloaded intentionally. @ https://www.tiktok.com/setting?lang=es:0
[   46431ms] [WARNING] The resource https://lf16-tiktok-web.tiktokcdn-us.com/obj/tiktok-web-tx/tiktok/web/pns_fe_parental_control_vmok/static/js/lib-polyfill.5e52839d.js was preloaded using link preload but not used within a few seconds from the window's load event. Please make sure it has an appropriate `as` value and it is preloaded intentionally. @ https://www.tiktok.com/setting?lang=es:0
[   46431ms] [WARNING] The resource https://lf16-tiktok-web.tiktokcdn-us.com/obj/tiktok-web-tx/tiktok/web/pns_fe_keyword_filtering_vmok/static/js/async/273.61871fe6.js was preloaded using link preload but not used within a few seconds from the window's load event. Please make sure it has an appropriate `as` value and it is preloaded intentionally. @ https://www.tiktok.com/setting?lang=es:0
[   46431ms] [WARNING] The resource https://lf16-tiktok-web.tiktokcdn-us.com/obj/tiktok-web-tx/tiktok/web/pns_fe_parental_control_vmok/static/js/async/9678.ae39123c.js was preloaded using link preload but not used within a few seconds from the window's load event. Please make sure it has an appropriate `as` value and it is preloaded intentionally. @ https://www.tiktok.com/setting?lang=es:0
[   46431ms] [WARNING] The resource https://lf16-tiktok-web.tiktokcdn-us.com/obj/tiktok-web-tx/tiktok/web/pns_fe_parental_control_vmok/static/js/async/__federation_expose_main.1a07efe8.js was preloaded using link preload but not used within a few seconds from the window's load event. Please make sure it has an appropriate `as` value and it is preloaded intentionally. @ https://www.tiktok.com/setting?lang=es:0
[   46431ms] [WARNING] The resource https://lf16-tiktok-web.tiktokcdn-us.com/obj/tiktok-web-tx/tiktok/web/pns_fe_keyword_filtering_vmok/static/js/async/__federation_expose_entry_react_bridge.247b132d.js was preloaded using link preload but not used within a few seconds from the window's load event. Please make sure it has an appropriate `as` value and it is preloaded intentionally. @ https://www.tiktok.com/setting?lang=es:0
[   46431ms] [WARNING] The resource https://lf16-tiktok-web.tiktokcdn-us.com/obj/tiktok-web-tx/tiktok/web/pns_fe_parental_control_vmok/static/js/async/lib-router.369091d5.js was preloaded using link preload but not used within a few seconds from the window's load event. Please make sure it has an appropriate `as` value and it is preloaded intentionally. @ https://www.tiktok.com/setting?lang=es:0
[   46431ms] [WARNING] The resource https://lf16-tiktok-web.tiktokcdn-us.com/obj/tiktok-web-tx/tiktok/web/pns_fe_keyword_filtering_vmok/static/js/async/argus-builder-strategy.a3264b45.js was preloaded using link preload but not used within a few seconds from the window's load event. Please make sure it has an appropriate `as` value and it is preloaded intentionally. @ https://www.tiktok.com/setting?lang=es:0
[   46431ms] [WARNING] The resource https://lf16-tiktok-web.tiktokcdn-us.com/obj/tiktok-web-tx/tiktok/web/pns_fe_keyword_filtering_vmok/static/js/async/lib-axios.8c284c11.js was preloaded using link preload but not used within a few seconds from the window's load event. Please make sure it has an appropriate `as` value and it is preloaded intentionally. @ https://www.tiktok.com/setting?lang=es:0
[   46431ms] [WARNING] The resource https://lf16-tiktok-web.tiktokcdn-us.com/obj/tiktok-web-tx/tiktok/web/pns_fe_keyword_filtering_vmok/static/js/lib-polyfill.2d9206bd.js was preloaded using link preload but not used within a few seconds from the window's load event. Please make sure it has an appropriate `as` value and it is preloaded intentionally. @ https://www.tiktok.com/setting?lang=es:0
[   46431ms] [WARNING] The resource https://lf16-tiktok-web.tiktokcdn-us.com/obj/tiktok-web-tx/tiktok/web/pns_fe_parental_control_vmok/static/css/async/3139.a5a9f032.css was preloaded using link preload but not used within a few seconds from the window's load event. Please make sure it has an appropriate `as` value and it is preloaded intentionally. @ https://www.tiktok.com/setting?lang=es:0
[   46431ms] [WARNING] The resource https://lf16-tiktok-web.tiktokcdn-us.com/obj/tiktok-web-tx/tiktok/web/pns_fe_parental_control_vmok/static/js/async/778.beddb8c0.js was preloaded using link preload but not used within a few seconds from the window's load event. Please make sure it has an appropriate `as` value and it is preloaded intentionally. @ https://www.tiktok.com/setting?lang=es:0
[   46431ms] [WARNING] The resource https://lf16-tiktok-web.tiktokcdn-us.com/obj/tiktok-web-tx/tiktok/web/pns_fe_parental_control_vmok/static/js/async/3139.dafaa0fc.js was preloaded using link preload but not used within a few seconds from the window's load event. Please make sure it has an appropriate `as` value and it is preloaded intentionally. @ https://www.tiktok.com/setting?lang=es:0
[   46431ms] [WARNING] The resource https://lf16-tiktok-web.tiktokcdn-us.com/obj/tiktok-web-tx/tiktok/web/pns_fe_keyword_filtering_vmok/static/css/async/126.f1acf961.css was preloaded using link preload but not used within a few seconds from the window's load event. Please make sure it has an appropriate `as` value and it is preloaded intentionally. @ https://www.tiktok.com/setting?lang=es:0
[   46431ms] [WARNING] The resource https://lf16-tiktok-web.tiktokcdn-us.com/obj/tiktok-web-tx/tiktok/web/pns_fe_parental_control_vmok/static/css/async/__federation_expose_main.abb44d39.css was preloaded using link preload but not used within a few seconds from the window's load event. Please make sure it has an appropriate `as` value and it is preloaded intentionally. @ https://www.tiktok.com/setting?lang=es:0
[   56878ms] [WARNING] The resource https://lf16-tiktok-web.tiktokcdn-us.com/obj/tiktok-web-tx/tiktok/web/pns_fe_keyword_filtering_vmok/static/js/async/126.c9a90670.js was preloaded using link preload but not used within a few seconds from the window's load event. Please make sure it has an appropriate `as` value and it is preloaded intentionally. @ https://www.tiktok.com/setting?lang=es:0
[   56878ms] [WARNING] The resource https://lf16-tiktok-web.tiktokcdn-us.com/obj/tiktok-web-tx/tiktok/web/pns_fe_parental_control_vmok/static/js/async/lib-axios.56c5f961.js was preloaded using link preload but not used within a few seconds from the window's load event. Please make sure it has an appropriate `as` value and it is preloaded intentionally. @ https://www.tiktok.com/setting?lang=es:0
[   56878ms] [WARNING] The resource https://lf16-tiktok-web.tiktokcdn-us.com/obj/tiktok-web-tx/tiktok/web/pns_fe_keyword_filtering_vmok/static/js/async/606.7a63198e.js was preloaded using link preload but not used within a few seconds from the window's load event. Please make sure it has an appropriate `as` value and it is preloaded intentionally. @ https://www.tiktok.com/setting?lang=es:0
[   56878ms] [WARNING] The resource https://lf16-tiktok-web.tiktokcdn-us.com/obj/tiktok-web-tx/tiktok/web/pns_fe_keyword_filtering_vmok/static/css/async/__federation_expose_entry_react_bridge.569a7521.css was preloaded using link preload but not used within a few seconds from the window's load event. Please make sure it has an appropriate `as` value and it is preloaded intentionally. @ https://www.tiktok.com/setting?lang=es:0
[   56878ms] [WARNING] The resource https://lf16-tiktok-web.tiktokcdn-us.com/obj/tiktok-web-tx/tiktok/web/pns_fe_keyword_filtering_vmok/static/js/async/752.8dc09088.js was preloaded using link preload but not used within a few seconds from the window's load event. Please make sure it has an appropriate `as` value and it is preloaded intentionally. @ https://www.tiktok.com/setting?lang=es:0
[   56878ms] [WARNING] The resource https://lf16-tiktok-web.tiktokcdn-us.com/obj/tiktok-web-tx/tiktok/web/pns_fe_keyword_filtering_vmok/static/js/async/async-main.25610a11.js was preloaded using link preload but not used within a few seconds from the window's load event. Please make sure it has an appropriate `as` value and it is preloaded intentionally. @ https://www.tiktok.com/setting?lang=es:0
[   56878ms] [WARNING] The resource https://lf16-tiktok-web.tiktokcdn-us.com/obj/tiktok-web-tx/tiktok/web/pns_fe_keyword_filtering_vmok/static/js/async/lib-router.46d8bbc0.js was preloaded using link preload but not used within a few seconds from the window's load event. Please make sure it has an appropriate `as` value and it is preloaded intentionally. @ https://www.tiktok.com/setting?lang=es:0
[   56878ms] [WARNING] The resource https://lf16-tiktok-web.tiktokcdn-us.com/obj/tiktok-web-tx/tiktok/web/pns_fe_keyword_filtering_vmok/static/js/async/587.eafa5f92.js was preloaded using link preload but not used within a few seconds from the window's load event. Please make sure it has an appropriate `as` value and it is preloaded intentionally. @ https://www.tiktok.com/setting?lang=es:0
[   56878ms] [WARNING] The resource https://lf16-tiktok-web.tiktokcdn-us.com/obj/tiktok-web-tx/tiktok/web/pns_fe_keyword_filtering_vmok/static/js/async/593.f09ae1b5.js was preloaded using link preload but not used within a few seconds from the window's load event. Please make sure it has an appropriate `as` value and it is preloaded intentionally. @ https://www.tiktok.com/setting?lang=es:0
[   56878ms] [WARNING] The resource https://lf16-tiktok-web.tiktokcdn-us.com/obj/tiktok-web-tx/tiktok/web/pns_fe_parental_control_vmok/static/js/lib-polyfill.5e52839d.js was preloaded using link preload but not used within a few seconds from the window's load event. Please make sure it has an appropriate `as` value and it is preloaded intentionally. @ https://www.tiktok.com/setting?lang=es:0
[   56878ms] [WARNING] The resource https://lf16-tiktok-web.tiktokcdn-us.com/obj/tiktok-web-tx/tiktok/web/pns_fe_keyword_filtering_vmok/static/js/async/273.61871fe6.js was preloaded using link preload but not used within a few seconds from the window's load event. Please make sure it has an appropriate `as` value and it is preloaded intentionally. @ https://www.tiktok.com/setting?lang=es:0
[   56878ms] [WARNING] The resource https://lf16-tiktok-web.tiktokcdn-us.com/obj/tiktok-web-tx/tiktok/web/pns_fe_parental_control_vmok/static/js/async/9678.ae39123c.js was preloaded using link preload but not used within a few seconds from the window's load event. Please make sure it has an appropriate `as` value and it is preloaded intentionally. @ https://www.tiktok.com/setting?lang=es:0
[   56878ms] [WARNING] The resource https://lf16-tiktok-web.tiktokcdn-us.com/obj/tiktok-web-tx/tiktok/web/pns_fe_parental_control_vmok/static/js/async/__federation_expose_main.1a07efe8.js was preloaded using link preload but not used within a few seconds from the window's load event. Please make sure it has an appropriate `as` value and it is preloaded intentionally. @ https://www.tiktok.com/setting?lang=es:0
[   56878ms] [WARNING] The resource https://lf16-tiktok-web.tiktokcdn-us.com/obj/tiktok-web-tx/tiktok/web/pns_fe_keyword_filtering_vmok/static/js/async/__federation_expose_entry_react_bridge.247b132d.js was preloaded using link preload but not used within a few seconds from the window's load event. Please make sure it has an appropriate `as` value and it is preloaded intentionally. @ https://www.tiktok.com/setting?lang=es:0
[   56878ms] [WARNING] The resource https://lf16-tiktok-web.tiktokcdn-us.com/obj/tiktok-web-tx/tiktok/web/pns_fe_parental_control_vmok/static/js/async/lib-router.369091d5.js was preloaded using link preload but not used within a few seconds from the window's load event. Please make sure it has an appropriate `as` value and it is preloaded intentionally. @ https://www.tiktok.com/setting?lang=es:0
[   56878ms] [WARNING] The resource https://lf16-tiktok-web.tiktokcdn-us.com/obj/tiktok-web-tx/tiktok/web/pns_fe_keyword_filtering_vmok/static/js/async/argus-builder-strategy.a3264b45.js was preloaded using link preload but not used within a few seconds from the window's load event. Please make sure it has an appropriate `as` value and it is preloaded intentionally. @ https://www.tiktok.com/setting?lang=es:0
[   56878ms] [WARNING] The resource https://lf16-tiktok-web.tiktokcdn-us.com/obj/tiktok-web-tx/tiktok/web/pns_fe_keyword_filtering_vmok/static/js/async/lib-axios.8c284c11.js was preloaded using link preload but not used within a few seconds from the window's load event. Please make sure it has an appropriate `as` value and it is preloaded intentionally. @ https://www.tiktok.com/setting?lang=es:0
[   56879ms] [WARNING] The resource https://lf16-tiktok-web.tiktokcdn-us.com/obj/tiktok-web-tx/tiktok/web/pns_fe_keyword_filtering_vmok/static/js/lib-polyfill.2d9206bd.js was preloaded using link preload but not used within a few seconds from the window's load event. Please make sure it has an appropriate `as` value and it is preloaded intentionally. @ https://www.tiktok.com/setting?lang=es:0
[   56879ms] [WARNING] The resource https://lf16-tiktok-web.tiktokcdn-us.com/obj/tiktok-web-tx/tiktok/web/pns_fe_parental_control_vmok/static/css/async/3139.a5a9f032.css was preloaded using link preload but not used within a few seconds from the window's load event. Please make sure it has an appropriate `as` value and it is preloaded intentionally. @ https://www.tiktok.com/setting?lang=es:0
[   56879ms] [WARNING] The resource https://lf16-tiktok-web.tiktokcdn-us.com/obj/tiktok-web-tx/tiktok/web/pns_fe_parental_control_vmok/static/js/async/778.beddb8c0.js was preloaded using link preload but not used within a few seconds from the window's load event. Please make sure it has an appropriate `as` value and it is preloaded intentionally. @ https://www.tiktok.com/setting?lang=es:0
[   56879ms] [WARNING] The resource https://lf16-tiktok-web.tiktokcdn-us.com/obj/tiktok-web-tx/tiktok/web/pns_fe_parental_control_vmok/static/js/async/3139.dafaa0fc.js was preloaded using link preload but not used within a few seconds from the window's load event. Please make sure it has an appropriate `as` value and it is preloaded intentionally. @ https://www.tiktok.com/setting?lang=es:0
[   56879ms] [WARNING] The resource https://lf16-tiktok-web.tiktokcdn-us.com/obj/tiktok-web-tx/tiktok/web/pns_fe_keyword_filtering_vmok/static/css/async/126.f1acf961.css was preloaded using link preload but not used within a few seconds from the window's load event. Please make sure it has an appropriate `as` value and it is preloaded intentionally. @ https://www.tiktok.com/setting?lang=es:0
[   56879ms] [WARNING] The resource https://lf16-tiktok-web.tiktokcdn-us.com/obj/tiktok-web-tx/tiktok/web/pns_fe_parental_control_vmok/static/css/async/__federation_expose_main.abb44d39.css was preloaded using link preload but not used within a few seconds from the window's load event. Please make sure it has an appropriate `as` value and it is preloaded intentionally. @ https://www.tiktok.com/setting?lang=es:0
[   60018ms] [WARNING] The resource https://lf16-tiktok-web.tiktokcdn-us.com/obj/tiktok-web-tx/tiktok/web/pns_fe_keyword_filtering_vmok/static/js/async/126.c9a90670.js was preloaded using link preload but not used within a few seconds from the window's load event. Please make sure it has an appropriate `as` value and it is preloaded intentionally. @ https://www.tiktok.com/setting?lang=es:0
[   60018ms] [WARNING] The resource https://lf16-tiktok-web.tiktokcdn-us.com/obj/tiktok-web-tx/tiktok/web/pns_fe_parental_control_vmok/static/js/async/lib-axios.56c5f961.js was preloaded using link preload but not used within a few seconds from the window's load event. Please make sure it has an appropriate `as` value and it is preloaded intentionally. @ https://www.tiktok.com/setting?lang=es:0
[   60018ms] [WARNING] The resource https://lf16-tiktok-web.tiktokcdn-us.com/obj/tiktok-web-tx/tiktok/web/pns_fe_keyword_filtering_vmok/static/js/async/606.7a63198e.js was preloaded using link preload but not used within a few seconds from the window's load event. Please make sure it has an appropriate `as` value and it is preloaded intentionally. @ https://www.tiktok.com/setting?lang=es:0
[   60018ms] [WARNING] The resource https://lf16-tiktok-web.tiktokcdn-us.com/obj/tiktok-web-tx/tiktok/web/pns_fe_keyword_filtering_vmok/static/css/async/__federation_expose_entry_react_bridge.569a7521.css was preloaded using link preload but not used within a few seconds from the window's load event. Please make sure it has an appropriate `as` value and it is preloaded intentionally. @ https://www.tiktok.com/setting?lang=es:0
[   60018ms] [WARNING] The resource https://lf16-tiktok-web.tiktokcdn-us.com/obj/tiktok-web-tx/tiktok/web/pns_fe_keyword_filtering_vmok/static/js/async/752.8dc09088.js was preloaded using link preload but not used within a few seconds from the window's load event. Please make sure it has an appropriate `as` value and it is preloaded intentionally. @ https://www.tiktok.com/setting?lang=es:0
[   60018ms] [WARNING] The resource https://lf16-tiktok-web.tiktokcdn-us.com/obj/tiktok-web-tx/tiktok/web/pns_fe_keyword_filtering_vmok/static/js/async/async-main.25610a11.js was preloaded using link preload but not used within a few seconds from the window's load event. Please make sure it has an appropriate `as` value and it is preloaded intentionally. @ https://www.tiktok.com/setting?lang=es:0
[   60019ms] [WARNING] The resource https://lf16-tiktok-web.tiktokcdn-us.com/obj/tiktok-web-tx/tiktok/web/pns_fe_keyword_filtering_vmok/static/js/async/lib-router.46d8bbc0.js was preloaded using link preload but not used within a few seconds from the window's load event. Please make sure it has an appropriate `as` value and it is preloaded intentionally. @ https://www.tiktok.com/setting?lang=es:0
[   60019ms] [WARNING] The resource https://lf16-tiktok-web.tiktokcdn-us.com/obj/tiktok-web-tx/tiktok/web/pns_fe_keyword_filtering_vmok/static/js/async/587.eafa5f92.js was preloaded using link preload but not used within a few seconds from the window's load event. Please make sure it has an appropriate `as` value and it is preloaded intentionally. @ https://www.tiktok.com/setting?lang=es:0
[   60019ms] [WARNING] The resource https://lf16-tiktok-web.tiktokcdn-us.com/obj/tiktok-web-tx/tiktok/web/pns_fe_keyword_filtering_vmok/static/js/async/593.f09ae1b5.js was preloaded using link preload but not used within a few seconds from the window's load event. Please make sure it has an appropriate `as` value and it is preloaded intentionally. @ https://www.tiktok.com/setting?lang=es:0
[   60019ms] [WARNING] The resource https://lf16-tiktok-web.tiktokcdn-us.com/obj/tiktok-web-tx/tiktok/web/pns_fe_parental_control_vmok/static/js/lib-polyfill.5e52839d.js was preloaded using link preload but not used within a few seconds from the window's load event. Please make sure it has an appropriate `as` value and it is preloaded intentionally. @ https://www.tiktok.com/setting?lang=es:0
[   60019ms] [WARNING] The resource https://lf16-tiktok-web.tiktokcdn-us.com/obj/tiktok-web-tx/tiktok/web/pns_fe_keyword_filtering_vmok/static/js/async/273.61871fe6.js was preloaded using link preload but not used within a few seconds from the window's load event. Please make sure it has an appropriate `as` value and it is preloaded intentionally. @ https://www.tiktok.com/setting?lang=es:0
[   60019ms] [WARNING] The resource https://lf16-tiktok-web.tiktokcdn-us.com/obj/tiktok-web-tx/tiktok/web/pns_fe_parental_control_vmok/static/js/async/9678.ae39123c.js was preloaded using link preload but not used within a few seconds from the window's load event. Please make sure it has an appropriate `as` value and it is preloaded intentionally. @ https://www.tiktok.com/setting?lang=es:0
[   60019ms] [WARNING] The resource https://lf16-tiktok-web.tiktokcdn-us.com/obj/tiktok-web-tx/tiktok/web/pns_fe_parental_control_vmok/static/js/async/__federation_expose_main.1a07efe8.js was preloaded using link preload but not used within a few seconds from the window's load event. Please make sure it has an appropriate `as` value and it is preloaded intentionally. @ https://www.tiktok.com/setting?lang=es:0
[   60019ms] [WARNING] The resource https://lf16-tiktok-web.tiktokcdn-us.com/obj/tiktok-web-tx/tiktok/web/pns_fe_keyword_filtering_vmok/static/js/async/__federation_expose_entry_react_bridge.247b132d.js was preloaded using link preload but not used within a few seconds from the window's load event. Please make sure it has an appropriate `as` value and it is preloaded intentionally. @ https://www.tiktok.com/setting?lang=es:0
[   60019ms] [WARNING] The resource https://lf16-tiktok-web.tiktokcdn-us.com/obj/tiktok-web-tx/tiktok/web/pns_fe_parental_control_vmok/static/js/async/lib-router.369091d5.js was preloaded using link preload but not used within a few seconds from the window's load event. Please make sure it has an appropriate `as` value and it is preloaded intentionally. @ https://www.tiktok.com/setting?lang=es:0
[   60019ms] [WARNING] The resource https://lf16-tiktok-web.tiktokcdn-us.com/obj/tiktok-web-tx/tiktok/web/pns_fe_keyword_filtering_vmok/static/js/async/argus-builder-strategy.a3264b45.js was preloaded using link preload but not used within a few seconds from the window's load event. Please make sure it has an appropriate `as` value and it is preloaded intentionally. @ https://www.tiktok.com/setting?lang=es:0
[   60019ms] [WARNING] The resource https://lf16-tiktok-web.tiktokcdn-us.com/obj/tiktok-web-tx/tiktok/web/pns_fe_keyword_filtering_vmok/static/js/async/lib-axios.8c284c11.js was preloaded using link preload but not used within a few seconds from the window's load event. Please make sure it has an appropriate `as` value and it is preloaded intentionally. @ https://www.tiktok.com/setting?lang=es:0
[   60019ms] [WARNING] The resource https://lf16-tiktok-web.tiktokcdn-us.com/obj/tiktok-web-tx/tiktok/web/pns_fe_keyword_filtering_vmok/static/js/lib-polyfill.2d9206bd.js was preloaded using link preload but not used within a few seconds from the window's load event. Please make sure it has an appropriate `as` value and it is preloaded intentionally. @ https://www.tiktok.com/setting?lang=es:0
[   60019ms] [WARNING] The resource https://lf16-tiktok-web.tiktokcdn-us.com/obj/tiktok-web-tx/tiktok/web/pns_fe_parental_control_vmok/static/css/async/3139.a5a9f032.css was preloaded using link preload but not used within a few seconds from the window's load event. Please make sure it has an appropriate `as` value and it is preloaded intentionally. @ https://www.tiktok.com/setting?lang=es:0
[   60019ms] [WARNING] The resource https://lf16-tiktok-web.tiktokcdn-us.com/obj/tiktok-web-tx/tiktok/web/pns_fe_parental_control_vmok/static/js/async/778.beddb8c0.js was preloaded using link preload but not used within a few seconds from the window's load event. Please make sure it has an appropriate `as` value and it is preloaded intentionally. @ https://www.tiktok.com/setting?lang=es:0
[   60019ms] [WARNING] The resource https://lf16-tiktok-web.tiktokcdn-us.com/obj/tiktok-web-tx/tiktok/web/pns_fe_parental_control_vmok/static/js/async/3139.dafaa0fc.js was preloaded using link preload but not used within a few seconds from the window's load event. Please make sure it has an appropriate `as` value and it is preloaded intentionally. @ https://www.tiktok.com/setting?lang=es:0
[   60019ms] [WARNING] The resource https://lf16-tiktok-web.tiktokcdn-us.com/obj/tiktok-web-tx/tiktok/web/pns_fe_keyword_filtering_vmok/static/css/async/126.f1acf961.css was preloaded using link preload but not used within a few seconds from the window's load event. Please make sure it has an appropriate `as` value and it is preloaded intentionally. @ https://www.tiktok.com/setting?lang=es:0
[   60019ms] [WARNING] The resource https://lf16-tiktok-web.tiktokcdn-us.com/obj/tiktok-web-tx/tiktok/web/pns_fe_parental_control_vmok/static/css/async/__federation_expose_main.abb44d39.css was preloaded using link preload but not used within a few seconds from the window's load event. Please make sure it has an appropriate `as` value and it is preloaded intentionally. @ https://www.tiktok.com/setting?lang=es:0
[   67327ms] [WARNING] The resource https://lf16-tiktok-web.tiktokcdn-us.com/obj/tiktok-web-tx/tiktok/web/pns_fe_keyword_filtering_vmok/static/js/async/126.c9a90670.js was preloaded using link preload but not used within a few seconds from the window's load event. Please make sure it has an appropriate `as` value and it is preloaded intentionally. @ https://www.tiktok.com/setting?lang=es:0
[   67327ms] [WARNING] The resource https://lf16-tiktok-web.tiktokcdn-us.com/obj/tiktok-web-tx/tiktok/web/pns_fe_parental_control_vmok/static/js/async/lib-axios.56c5f961.js was preloaded using link preload but not used within a few seconds from the window's load event. Please make sure it has an appropriate `as` value and it is preloaded intentionally. @ https://www.tiktok.com/setting?lang=es:0
[   67327ms] [WARNING] The resource https://lf16-tiktok-web.tiktokcdn-us.com/obj/tiktok-web-tx/tiktok/web/pns_fe_keyword_filtering_vmok/static/js/async/606.7a63198e.js was preloaded using link preload but not used within a few seconds from the window's load event. Please make sure it has an appropriate `as` value and it is preloaded intentionally. @ https://www.tiktok.com/setting?lang=es:0
[   67327ms] [WARNING] The resource https://lf16-tiktok-web.tiktokcdn-us.com/obj/tiktok-web-tx/tiktok/web/pns_fe_keyword_filtering_vmok/static/css/async/__federation_expose_entry_react_bridge.569a7521.css was preloaded using link preload but not used within a few seconds from the window's load event. Please make sure it has an appropriate `as` value and it is preloaded intentionally. @ https://www.tiktok.com/setting?lang=es:0
[   67327ms] [WARNING] The resource https://lf16-tiktok-web.tiktokcdn-us.com/obj/tiktok-web-tx/tiktok/web/pns_fe_keyword_filtering_vmok/static/js/async/752.8dc09088.js was preloaded using link preload but not used within a few seconds from the window's load event. Please make sure it has an appropriate `as` value and it is preloaded intentionally. @ https://www.tiktok.com/setting?lang=es:0
[   67327ms] [WARNING] The resource https://lf16-tiktok-web.tiktokcdn-us.com/obj/tiktok-web-tx/tiktok/web/pns_fe_keyword_filtering_vmok/static/js/async/async-main.25610a11.js was preloaded using link preload but not used within a few seconds from the window's load event. Please make sure it has an appropriate `as` value and it is preloaded intentionally. @ https://www.tiktok.com/setting?lang=es:0
[   67327ms] [WARNING] The resource https://lf16-tiktok-web.tiktokcdn-us.com/obj/tiktok-web-tx/tiktok/web/pns_fe_keyword_filtering_vmok/static/js/async/lib-router.46d8bbc0.js was preloaded using link preload but not used within a few seconds from the window's load event. Please make sure it has an appropriate `as` value and it is preloaded intentionally. @ https://www.tiktok.com/setting?lang=es:0
[   67327ms] [WARNING] The resource https://lf16-tiktok-web.tiktokcdn-us.com/obj/tiktok-web-tx/tiktok/web/pns_fe_keyword_filtering_vmok/static/js/async/587.eafa5f92.js was preloaded using link preload but not used within a few seconds from the window's load event. Please make sure it has an appropriate `as` value and it is preloaded intentionally. @ https://www.tiktok.com/setting?lang=es:0
[   67327ms] [WARNING] The resource https://lf16-tiktok-web.tiktokcdn-us.com/obj/tiktok-web-tx/tiktok/web/pns_fe_keyword_filtering_vmok/static/js/async/593.f09ae1b5.js was preloaded using link preload but not used within a few seconds from the window's load event. Please make sure it has an appropriate `as` value and it is preloaded intentionally. @ https://www.tiktok.com/setting?lang=es:0
[   67327ms] [WARNING] The resource https://lf16-tiktok-web.tiktokcdn-us.com/obj/tiktok-web-tx/tiktok/web/pns_fe_parental_control_vmok/static/js/lib-polyfill.5e52839d.js was preloaded using link preload but not used within a few seconds from the window's load event. Please make sure it has an appropriate `as` value and it is preloaded intentionally. @ https://www.tiktok.com/setting?lang=es:0
[   67328ms] [WARNING] The resource https://lf16-tiktok-web.tiktokcdn-us.com/obj/tiktok-web-tx/tiktok/web/pns_fe_keyword_filtering_vmok/static/js/async/273.61871fe6.js was preloaded using link preload but not used within a few seconds from the window's load event. Please make sure it has an appropriate `as` value and it is preloaded intentionally. @ https://www.tiktok.com/setting?lang=es:0
[   67328ms] [WARNING] The resource https://lf16-tiktok-web.tiktokcdn-us.com/obj/tiktok-web-tx/tiktok/web/pns_fe_parental_control_vmok/static/js/async/9678.ae39123c.js was preloaded using link preload but not used within a few seconds from the window's load event. Please make sure it has an appropriate `as` value and it is preloaded intentionally. @ https://www.tiktok.com/setting?lang=es:0
[   67328ms] [WARNING] The resource https://lf16-tiktok-web.tiktokcdn-us.com/obj/tiktok-web-tx/tiktok/web/pns_fe_parental_control_vmok/static/js/async/__federation_expose_main.1a07efe8.js was preloaded using link preload but not used within a few seconds from the window's load event. Please make sure it has an appropriate `as` value and it is preloaded intentionally. @ https://www.tiktok.com/setting?lang=es:0
[   67328ms] [WARNING] The resource https://lf16-tiktok-web.tiktokcdn-us.com/obj/tiktok-web-tx/tiktok/web/pns_fe_keyword_filtering_vmok/static/js/async/__federation_expose_entry_react_bridge.247b132d.js was preloaded using link preload but not used within a few seconds from the window's load event. Please make sure it has an appropriate `as` value and it is preloaded intentionally. @ https://www.tiktok.com/setting?lang=es:0
[   67328ms] [WARNING] The resource https://lf16-tiktok-web.tiktokcdn-us.com/obj/tiktok-web-tx/tiktok/web/pns_fe_parental_control_vmok/static/js/async/lib-router.369091d5.js was preloaded using link preload but not used within a few seconds from the window's load event. Please make sure it has an appropriate `as` value and it is preloaded intentionally. @ https://www.tiktok.com/setting?lang=es:0
[   67328ms] [WARNING] The resource https://lf16-tiktok-web.tiktokcdn-us.com/obj/tiktok-web-tx/tiktok/web/pns_fe_keyword_filtering_vmok/static/js/async/argus-builder-strategy.a3264b45.js was preloaded using link preload but not used within a few seconds from the window's load event. Please make sure it has an appropriate `as` value and it is preloaded intentionally. @ https://www.tiktok.com/setting?lang=es:0
[   67328ms] [WARNING] The resource https://lf16-tiktok-web.tiktokcdn-us.com/obj/tiktok-web-tx/tiktok/web/pns_fe_keyword_filtering_vmok/static/js/async/lib-axios.8c284c11.js was preloaded using link preload but not used within a few seconds from the window's load event. Please make sure it has an appropriate `as` value and it is preloaded intentionally. @ https://www.tiktok.com/setting?lang=es:0
[   67328ms] [WARNING] The resource https://lf16-tiktok-web.tiktokcdn-us.com/obj/tiktok-web-tx/tiktok/web/pns_fe_keyword_filtering_vmok/static/js/lib-polyfill.2d9206bd.js was preloaded using link preload but not used within a few seconds from the window's load event. Please make sure it has an appropriate `as` value and it is preloaded intentionally. @ https://www.tiktok.com/setting?lang=es:0
[   67328ms] [WARNING] The resource https://lf16-tiktok-web.tiktokcdn-us.com/obj/tiktok-web-tx/tiktok/web/pns_fe_parental_control_vmok/static/css/async/3139.a5a9f032.css was preloaded using link preload but not used within a few seconds from the window's load event. Please make sure it has an appropriate `as` value and it is preloaded intentionally. @ https://www.tiktok.com/setting?lang=es:0
[   67328ms] [WARNING] The resource https://lf16-tiktok-web.tiktokcdn-us.com/obj/tiktok-web-tx/tiktok/web/pns_fe_parental_control_vmok/static/js/async/778.beddb8c0.js was preloaded using link preload but not used within a few seconds from the window's load event. Please make sure it has an appropriate `as` value and it is preloaded intentionally. @ https://www.tiktok.com/setting?lang=es:0
[   67328ms] [WARNING] The resource https://lf16-tiktok-web.tiktokcdn-us.com/obj/tiktok-web-tx/tiktok/web/pns_fe_parental_control_vmok/static/js/async/3139.dafaa0fc.js was preloaded using link preload but not used within a few seconds from the window's load event. Please make sure it has an appropriate `as` value and it is preloaded intentionally. @ https://www.tiktok.com/setting?lang=es:0
[   67328ms] [WARNING] The resource https://lf16-tiktok-web.tiktokcdn-us.com/obj/tiktok-web-tx/tiktok/web/pns_fe_keyword_filtering_vmok/static/css/async/126.f1acf961.css was preloaded using link preload but not used within a few seconds from the window's load event. Please make sure it has an appropriate `as` value and it is preloaded intentionally. @ https://www.tiktok.com/setting?lang=es:0
[   67328ms] [WARNING] The resource https://lf16-tiktok-web.tiktokcdn-us.com/obj/tiktok-web-tx/tiktok/web/pns_fe_parental_control_vmok/static/css/async/__federation_expose_main.abb44d39.css was preloaded using link preload but not used within a few seconds from the window's load event. Please make sure it has an appropriate `as` value and it is preloaded intentionally. @ https://www.tiktok.com/setting?lang=es:0
[   77743ms] [WARNING] The resource https://lf16-tiktok-web.tiktokcdn-us.com/obj/tiktok-web-tx/tiktok/web/pns_fe_keyword_filtering_vmok/static/js/async/126.c9a90670.js was preloaded using link preload but not used within a few seconds from the window's load event. Please make sure it has an appropriate `as` value and it is preloaded intentionally. @ https://www.tiktok.com/setting?lang=es:0
[   77743ms] [WARNING] The resource https://lf16-tiktok-web.tiktokcdn-us.com/obj/tiktok-web-tx/tiktok/web/pns_fe_parental_control_vmok/static/js/async/lib-axios.56c5f961.js was preloaded using link preload but not used within a few seconds from the window's load event. Please make sure it has an appropriate `as` value and it is preloaded intentionally. @ https://www.tiktok.com/setting?lang=es:0
[   77743ms] [WARNING] The resource https://lf16-tiktok-web.tiktokcdn-us.com/obj/tiktok-web-tx/tiktok/web/pns_fe_keyword_filtering_vmok/static/js/async/606.7a63198e.js was preloaded using link preload but not used within a few seconds from the window's load event. Please make sure it has an appropriate `as` value and it is preloaded intentionally. @ https://www.tiktok.com/setting?lang=es:0
[   77743ms] [WARNING] The resource https://lf16-tiktok-web.tiktokcdn-us.com/obj/tiktok-web-tx/tiktok/web/pns_fe_keyword_filtering_vmok/static/css/async/__federation_expose_entry_react_bridge.569a7521.css was preloaded using link preload but not used within a few seconds from the window's load event. Please make sure it has an appropriate `as` value and it is preloaded intentionally. @ https://www.tiktok.com/setting?lang=es:0
[   77743ms] [WARNING] The resource https://lf16-tiktok-web.tiktokcdn-us.com/obj/tiktok-web-tx/tiktok/web/pns_fe_keyword_filtering_vmok/static/js/async/752.8dc09088.js was preloaded using link preload but not used within a few seconds from the window's load event. Please make sure it has an appropriate `as` value and it is preloaded intentionally. @ https://www.tiktok.com/setting?lang=es:0
[   77743ms] [WARNING] The resource https://lf16-tiktok-web.tiktokcdn-us.com/obj/tiktok-web-tx/tiktok/web/pns_fe_keyword_filtering_vmok/static/js/async/async-main.25610a11.js was preloaded using link preload but not used within a few seconds from the window's load event. Please make sure it has an appropriate `as` value and it is preloaded intentionally. @ https://www.tiktok.com/setting?lang=es:0
[   77743ms] [WARNING] The resource https://lf16-tiktok-web.tiktokcdn-us.com/obj/tiktok-web-tx/tiktok/web/pns_fe_keyword_filtering_vmok/static/js/async/lib-router.46d8bbc0.js was preloaded using link preload but not used within a few seconds from the window's load event. Please make sure it has an appropriate `as` value and it is preloaded intentionally. @ https://www.tiktok.com/setting?lang=es:0
[   77743ms] [WARNING] The resource https://lf16-tiktok-web.tiktokcdn-us.com/obj/tiktok-web-tx/tiktok/web/pns_fe_keyword_filtering_vmok/static/js/async/587.eafa5f92.js was preloaded using link preload but not used within a few seconds from the window's load event. Please make sure it has an appropriate `as` value and it is preloaded intentionally. @ https://www.tiktok.com/setting?lang=es:0
[   77743ms] [WARNING] The resource https://lf16-tiktok-web.tiktokcdn-us.com/obj/tiktok-web-tx/tiktok/web/pns_fe_keyword_filtering_vmok/static/js/async/593.f09ae1b5.js was preloaded using link preload but not used within a few seconds from the window's load event. Please make sure it has an appropriate `as` value and it is preloaded intentionally. @ https://www.tiktok.com/setting?lang=es:0
[   77743ms] [WARNING] The resource https://lf16-tiktok-web.tiktokcdn-us.com/obj/tiktok-web-tx/tiktok/web/pns_fe_parental_control_vmok/static/js/lib-polyfill.5e52839d.js was preloaded using link preload but not used within a few seconds from the window's load event. Please make sure it has an appropriate `as` value and it is preloaded intentionally. @ https://www.tiktok.com/setting?lang=es:0
[   77743ms] [WARNING] The resource https://lf16-tiktok-web.tiktokcdn-us.com/obj/tiktok-web-tx/tiktok/web/pns_fe_keyword_filtering_vmok/static/js/async/273.61871fe6.js was preloaded using link preload but not used within a few seconds from the window's load event. Please make sure it has an appropriate `as` value and it is preloaded intentionally. @ https://www.tiktok.com/setting?lang=es:0
[   77743ms] [WARNING] The resource https://lf16-tiktok-web.tiktokcdn-us.com/obj/tiktok-web-tx/tiktok/web/pns_fe_parental_control_vmok/static/js/async/9678.ae39123c.js was preloaded using link preload but not used within a few seconds from the window's load event. Please make sure it has an appropriate `as` value and it is preloaded intentionally. @ https://www.tiktok.com/setting?lang=es:0
[   77743ms] [WARNING] The resource https://lf16-tiktok-web.tiktokcdn-us.com/obj/tiktok-web-tx/tiktok/web/pns_fe_parental_control_vmok/static/js/async/__federation_expose_main.1a07efe8.js was preloaded using link preload but not used within a few seconds from the window's load event. Please make sure it has an appropriate `as` value and it is preloaded intentionally. @ https://www.tiktok.com/setting?lang=es:0
[   77743ms] [WARNING] The resource https://lf16-tiktok-web.tiktokcdn-us.com/obj/tiktok-web-tx/tiktok/web/pns_fe_keyword_filtering_vmok/static/js/async/__federation_expose_entry_react_bridge.247b132d.js was preloaded using link preload but not used within a few seconds from the window's load event. Please make sure it has an appropriate `as` value and it is preloaded intentionally. @ https://www.tiktok.com/setting?lang=es:0
[   77743ms] [WARNING] The resource https://lf16-tiktok-web.tiktokcdn-us.com/obj/tiktok-web-tx/tiktok/web/pns_fe_parental_control_vmok/static/js/async/lib-router.369091d5.js was preloaded using link preload but not used within a few seconds from the window's load event. Please make sure it has an appropriate `as` value and it is preloaded intentionally. @ https://www.tiktok.com/setting?lang=es:0
[   77743ms] [WARNING] The resource https://lf16-tiktok-web.tiktokcdn-us.com/obj/tiktok-web-tx/tiktok/web/pns_fe_keyword_filtering_vmok/static/js/async/argus-builder-strategy.a3264b45.js was preloaded using link preload but not used within a few seconds from the window's load event. Please make sure it has an appropriate `as` value and it is preloaded intentionally. @ https://www.tiktok.com/setting?lang=es:0
[   77743ms] [WARNING] The resource https://lf16-tiktok-web.tiktokcdn-us.com/obj/tiktok-web-tx/tiktok/web/pns_fe_keyword_filtering_vmok/static/js/async/lib-axios.8c284c11.js was preloaded using link preload but not used within a few seconds from the window's load event. Please make sure it has an appropriate `as` value and it is preloaded intentionally. @ https://www.tiktok.com/setting?lang=es:0
[   77743ms] [WARNING] The resource https://lf16-tiktok-web.tiktokcdn-us.com/obj/tiktok-web-tx/tiktok/web/pns_fe_keyword_filtering_vmok/static/js/lib-polyfill.2d9206bd.js was preloaded using link preload but not used within a few seconds from the window's load event. Please make sure it has an appropriate `as` value and it is preloaded intentionally. @ https://www.tiktok.com/setting?lang=es:0
[   77744ms] [WARNING] The resource https://lf16-tiktok-web.tiktokcdn-us.com/obj/tiktok-web-tx/tiktok/web/pns_fe_parental_control_vmok/static/css/async/3139.a5a9f032.css was preloaded using link preload but not used within a few seconds from the window's load event. Please make sure it has an appropriate `as` value and it is preloaded intentionally. @ https://www.tiktok.com/setting?lang=es:0
[   77744ms] [WARNING] The resource https://lf16-tiktok-web.tiktokcdn-us.com/obj/tiktok-web-tx/tiktok/web/pns_fe_parental_control_vmok/static/js/async/778.beddb8c0.js was preloaded using link preload but not used within a few seconds from the window's load event. Please make sure it has an appropriate `as` value and it is preloaded intentionally. @ https://www.tiktok.com/setting?lang=es:0
[   77744ms] [WARNING] The resource https://lf16-tiktok-web.tiktokcdn-us.com/obj/tiktok-web-tx/tiktok/web/pns_fe_parental_control_vmok/static/js/async/3139.dafaa0fc.js was preloaded using link preload but not used within a few seconds from the window's load event. Please make sure it has an appropriate `as` value and it is preloaded intentionally. @ https://www.tiktok.com/setting?lang=es:0
[   77744ms] [WARNING] The resource https://lf16-tiktok-web.tiktokcdn-us.com/obj/tiktok-web-tx/tiktok/web/pns_fe_keyword_filtering_vmok/static/css/async/126.f1acf961.css was preloaded using link preload but not used within a few seconds from the window's load event. Please make sure it has an appropriate `as` value and it is preloaded intentionally. @ https://www.tiktok.com/setting?lang=es:0
[   77744ms] [WARNING] The resource https://lf16-tiktok-web.tiktokcdn-us.com/obj/tiktok-web-tx/tiktok/web/pns_fe_parental_control_vmok/static/css/async/__federation_expose_main.abb44d39.css was preloaded using link preload but not used within a few seconds from the window's load event. Please make sure it has an appropriate `as` value and it is preloaded intentionally. @ https://www.tiktok.com/setting?lang=es:0
[   88072ms] [WARNING] The resource https://lf16-tiktok-web.tiktokcdn-us.com/obj/tiktok-web-tx/tiktok/web/pns_fe_keyword_filtering_vmok/static/js/async/126.c9a90670.js was preloaded using link preload but not used within a few seconds from the window's load event. Please make sure it has an appropriate `as` value and it is preloaded intentionally. @ https://www.tiktok.com/setting?lang=es:0
[   88072ms] [WARNING] The resource https://lf16-tiktok-web.tiktokcdn-us.com/obj/tiktok-web-tx/tiktok/web/pns_fe_parental_control_vmok/static/js/async/lib-axios.56c5f961.js was preloaded using link preload but not used within a few seconds from the window's load event. Please make sure it has an appropriate `as` value and it is preloaded intentionally. @ https://www.tiktok.com/setting?lang=es:0
[   88072ms] [WARNING] The resource https://lf16-tiktok-web.tiktokcdn-us.com/obj/tiktok-web-tx/tiktok/web/pns_fe_keyword_filtering_vmok/static/js/async/606.7a63198e.js was preloaded using link preload but not used within a few seconds from the window's load event. Please make sure it has an appropriate `as` value and it is preloaded intentionally. @ https://www.tiktok.com/setting?lang=es:0
[   88072ms] [WARNING] The resource https://lf16-tiktok-web.tiktokcdn-us.com/obj/tiktok-web-tx/tiktok/web/pns_fe_keyword_filtering_vmok/static/css/async/__federation_expose_entry_react_bridge.569a7521.css was preloaded using link preload but not used within a few seconds from the window's load event. Please make sure it has an appropriate `as` value and it is preloaded intentionally. @ https://www.tiktok.com/setting?lang=es:0
[   88072ms] [WARNING] The resource https://lf16-tiktok-web.tiktokcdn-us.com/obj/tiktok-web-tx/tiktok/web/pns_fe_keyword_filtering_vmok/static/js/async/752.8dc09088.js was preloaded using link preload but not used within a few seconds from the window's load event. Please make sure it has an appropriate `as` value and it is preloaded intentionally. @ https://www.tiktok.com/setting?lang=es:0
[   88072ms] [WARNING] The resource https://lf16-tiktok-web.tiktokcdn-us.com/obj/tiktok-web-tx/tiktok/web/pns_fe_keyword_filtering_vmok/static/js/async/async-main.25610a11.js was preloaded using link preload but not used within a few seconds from the window's load event. Please make sure it has an appropriate `as` value and it is preloaded intentionally. @ https://www.tiktok.com/setting?lang=es:0
[   88072ms] [WARNING] The resource https://lf16-tiktok-web.tiktokcdn-us.com/obj/tiktok-web-tx/tiktok/web/pns_fe_keyword_filtering_vmok/static/js/async/lib-router.46d8bbc0.js was preloaded using link preload but not used within a few seconds from the window's load event. Please make sure it has an appropriate `as` value and it is preloaded intentionally. @ https://www.tiktok.com/setting?lang=es:0
[   88072ms] [WARNING] The resource https://lf16-tiktok-web.tiktokcdn-us.com/obj/tiktok-web-tx/tiktok/web/pns_fe_keyword_filtering_vmok/static/js/async/587.eafa5f92.js was preloaded using link preload but not used within a few seconds from the window's load event. Please make sure it has an appropriate `as` value and it is preloaded intentionally. @ https://www.tiktok.com/setting?lang=es:0
[   88072ms] [WARNING] The resource https://lf16-tiktok-web.tiktokcdn-us.com/obj/tiktok-web-tx/tiktok/web/pns_fe_keyword_filtering_vmok/static/js/async/593.f09ae1b5.js was preloaded using link preload but not used within a few seconds from the window's load event. Please make sure it has an appropriate `as` value and it is preloaded intentionally. @ https://www.tiktok.com/setting?lang=es:0
[   88072ms] [WARNING] The resource https://lf16-tiktok-web.tiktokcdn-us.com/obj/tiktok-web-tx/tiktok/web/pns_fe_parental_control_vmok/static/js/lib-polyfill.5e52839d.js was preloaded using link preload but not used within a few seconds from the window's load event. Please make sure it has an appropriate `as` value and it is preloaded intentionally. @ https://www.tiktok.com/setting?lang=es:0
[   88072ms] [WARNING] The resource https://lf16-tiktok-web.tiktokcdn-us.com/obj/tiktok-web-tx/tiktok/web/pns_fe_keyword_filtering_vmok/static/js/async/273.61871fe6.js was preloaded using link preload but not used within a few seconds from the window's load event. Please make sure it has an appropriate `as` value and it is preloaded intentionally. @ https://www.tiktok.com/setting?lang=es:0
[   88072ms] [WARNING] The resource https://lf16-tiktok-web.tiktokcdn-us.com/obj/tiktok-web-tx/tiktok/web/pns_fe_parental_control_vmok/static/js/async/9678.ae39123c.js was preloaded using link preload but not used within a few seconds from the window's load event. Please make sure it has an appropriate `as` value and it is preloaded intentionally. @ https://www.tiktok.com/setting?lang=es:0
[   88072ms] [WARNING] The resource https://lf16-tiktok-web.tiktokcdn-us.com/obj/tiktok-web-tx/tiktok/web/pns_fe_parental_control_vmok/static/js/async/__federation_expose_main.1a07efe8.js was preloaded using link preload but not used within a few seconds from the window's load event. Please make sure it has an appropriate `as` value and it is preloaded intentionally. @ https://www.tiktok.com/setting?lang=es:0
[   88072ms] [WARNING] The resource https://lf16-tiktok-web.tiktokcdn-us.com/obj/tiktok-web-tx/tiktok/web/pns_fe_keyword_filtering_vmok/static/js/async/__federation_expose_entry_react_bridge.247b132d.js was preloaded using link preload but not used within a few seconds from the window's load event. Please make sure it has an appropriate `as` value and it is preloaded intentionally. @ https://www.tiktok.com/setting?lang=es:0
[   88072ms] [WARNING] The resource https://lf16-tiktok-web.tiktokcdn-us.com/obj/tiktok-web-tx/tiktok/web/pns_fe_parental_control_vmok/static/js/async/lib-router.369091d5.js was preloaded using link preload but not used within a few seconds from the window's load event. Please make sure it has an appropriate `as` value and it is preloaded intentionally. @ https://www.tiktok.com/setting?lang=es:0
[   88072ms] [WARNING] The resource https://lf16-tiktok-web.tiktokcdn-us.com/obj/tiktok-web-tx/tiktok/web/pns_fe_keyword_filtering_vmok/static/js/async/argus-builder-strategy.a3264b45.js was preloaded using link preload but not used within a few seconds from the window's load event. Please make sure it has an appropriate `as` value and it is preloaded intentionally. @ https://www.tiktok.com/setting?lang=es:0
[   88072ms] [WARNING] The resource https://lf16-tiktok-web.tiktokcdn-us.com/obj/tiktok-web-tx/tiktok/web/pns_fe_keyword_filtering_vmok/static/js/async/lib-axios.8c284c11.js was preloaded using link preload but not used within a few seconds from the window's load event. Please make sure it has an appropriate `as` value and it is preloaded intentionally. @ https://www.tiktok.com/setting?lang=es:0
[   88072ms] [WARNING] The resource https://lf16-tiktok-web.tiktokcdn-us.com/obj/tiktok-web-tx/tiktok/web/pns_fe_keyword_filtering_vmok/static/js/lib-polyfill.2d9206bd.js was preloaded using link preload but not used within a few seconds from the window's load event. Please make sure it has an appropriate `as` value and it is preloaded intentionally. @ https://www.tiktok.com/setting?lang=es:0
[   88072ms] [WARNING] The resource https://lf16-tiktok-web.tiktokcdn-us.com/obj/tiktok-web-tx/tiktok/web/pns_fe_parental_control_vmok/static/css/async/3139.a5a9f032.css was preloaded using link preload but not used within a few seconds from the window's load event. Please make sure it has an appropriate `as` value and it is preloaded intentionally. @ https://www.tiktok.com/setting?lang=es:0
[   88072ms] [WARNING] The resource https://lf16-tiktok-web.tiktokcdn-us.com/obj/tiktok-web-tx/tiktok/web/pns_fe_parental_control_vmok/static/js/async/778.beddb8c0.js was preloaded using link preload but not used within a few seconds from the window's load event. Please make sure it has an appropriate `as` value and it is preloaded intentionally. @ https://www.tiktok.com/setting?lang=es:0
[   88072ms] [WARNING] The resource https://lf16-tiktok-web.tiktokcdn-us.com/obj/tiktok-web-tx/tiktok/web/pns_fe_parental_control_vmok/static/js/async/3139.dafaa0fc.js was preloaded using link preload but not used within a few seconds from the window's load event. Please make sure it has an appropriate `as` value and it is preloaded intentionally. @ https://www.tiktok.com/setting?lang=es:0
[   88072ms] [WARNING] The resource https://lf16-tiktok-web.tiktokcdn-us.com/obj/tiktok-web-tx/tiktok/web/pns_fe_keyword_filtering_vmok/static/css/async/126.f1acf961.css was preloaded using link preload but not used within a few seconds from the window's load event. Please make sure it has an appropriate `as` value and it is preloaded intentionally. @ https://www.tiktok.com/setting?lang=es:0
[   88072ms] [WARNING] The resource https://lf16-tiktok-web.tiktokcdn-us.com/obj/tiktok-web-tx/tiktok/web/pns_fe_parental_control_vmok/static/css/async/__federation_expose_main.abb44d39.css was preloaded using link preload but not used within a few seconds from the window's load event. Please make sure it has an appropriate `as` value and it is preloaded intentionally. @ https://www.tiktok.com/setting?lang=es:0
[   98504ms] [WARNING] The resource https://lf16-tiktok-web.tiktokcdn-us.com/obj/tiktok-web-tx/tiktok/web/pns_fe_keyword_filtering_vmok/static/js/async/126.c9a90670.js was preloaded using link preload but not used within a few seconds from the window's load event. Please make sure it has an appropriate `as` value and it is preloaded intentionally. @ https://www.tiktok.com/setting?lang=es:0
[   98505ms] [WARNING] The resource https://lf16-tiktok-web.tiktokcdn-us.com/obj/tiktok-web-tx/tiktok/web/pns_fe_parental_control_vmok/static/js/async/lib-axios.56c5f961.js was preloaded using link preload but not used within a few seconds from the window's load event. Please make sure it has an appropriate `as` value and it is preloaded intentionally. @ https://www.tiktok.com/setting?lang=es:0
[   98505ms] [WARNING] The resource https://lf16-tiktok-web.tiktokcdn-us.com/obj/tiktok-web-tx/tiktok/web/pns_fe_keyword_filtering_vmok/static/js/async/606.7a63198e.js was preloaded using link preload but not used within a few seconds from the window's load event. Please make sure it has an appropriate `as` value and it is preloaded intentionally. @ https://www.tiktok.com/setting?lang=es:0
[   98505ms] [WARNING] The resource https://lf16-tiktok-web.tiktokcdn-us.com/obj/tiktok-web-tx/tiktok/web/pns_fe_keyword_filtering_vmok/static/css/async/__federation_expose_entry_react_bridge.569a7521.css was preloaded using link preload but not used within a few seconds from the window's load event. Please make sure it has an appropriate `as` value and it is preloaded intentionally. @ https://www.tiktok.com/setting?lang=es:0
[   98505ms] [WARNING] The resource https://lf16-tiktok-web.tiktokcdn-us.com/obj/tiktok-web-tx/tiktok/web/pns_fe_keyword_filtering_vmok/static/js/async/752.8dc09088.js was preloaded using link preload but not used within a few seconds from the window's load event. Please make sure it has an appropriate `as` value and it is preloaded intentionally. @ https://www.tiktok.com/setting?lang=es:0
[   98505ms] [WARNING] The resource https://lf16-tiktok-web.tiktokcdn-us.com/obj/tiktok-web-tx/tiktok/web/pns_fe_keyword_filtering_vmok/static/js/async/async-main.25610a11.js was preloaded using link preload but not used within a few seconds from the window's load event. Please make sure it has an appropriate `as` value and it is preloaded intentionally. @ https://www.tiktok.com/setting?lang=es:0
[   98505ms] [WARNING] The resource https://lf16-tiktok-web.tiktokcdn-us.com/obj/tiktok-web-tx/tiktok/web/pns_fe_keyword_filtering_vmok/static/js/async/lib-router.46d8bbc0.js was preloaded using link preload but not used within a few seconds from the window's load event. Please make sure it has an appropriate `as` value and it is preloaded intentionally. @ https://www.tiktok.com/setting?lang=es:0
[   98505ms] [WARNING] The resource https://lf16-tiktok-web.tiktokcdn-us.com/obj/tiktok-web-tx/tiktok/web/pns_fe_keyword_filtering_vmok/static/js/async/587.eafa5f92.js was preloaded using link preload but not used within a few seconds from the window's load event. Please make sure it has an appropriate `as` value and it is preloaded intentionally. @ https://www.tiktok.com/setting?lang=es:0
[   98505ms] [WARNING] The resource https://lf16-tiktok-web.tiktokcdn-us.com/obj/tiktok-web-tx/tiktok/web/pns_fe_keyword_filtering_vmok/static/js/async/593.f09ae1b5.js was preloaded using link preload but not used within a few seconds from the window's load event. Please make sure it has an appropriate `as` value and it is preloaded intentionally. @ https://www.tiktok.com/setting?lang=es:0
[   98505ms] [WARNING] The resource https://lf16-tiktok-web.tiktokcdn-us.com/obj/tiktok-web-tx/tiktok/web/pns_fe_parental_control_vmok/static/js/lib-polyfill.5e52839d.js was preloaded using link preload but not used within a few seconds from the window's load event. Please make sure it has an appropriate `as` value and it is preloaded intentionally. @ https://www.tiktok.com/setting?lang=es:0
[   98505ms] [WARNING] The resource https://lf16-tiktok-web.tiktokcdn-us.com/obj/tiktok-web-tx/tiktok/web/pns_fe_keyword_filtering_vmok/static/js/async/273.61871fe6.js was preloaded using link preload but not used within a few seconds from the window's load event. Please make sure it has an appropriate `as` value and it is preloaded intentionally. @ https://www.tiktok.com/setting?lang=es:0
[   98505ms] [WARNING] The resource https://lf16-tiktok-web.tiktokcdn-us.com/obj/tiktok-web-tx/tiktok/web/pns_fe_parental_control_vmok/static/js/async/9678.ae39123c.js was preloaded using link preload but not used within a few seconds from the window's load event. Please make sure it has an appropriate `as` value and it is preloaded intentionally. @ https://www.tiktok.com/setting?lang=es:0
[   98505ms] [WARNING] The resource https://lf16-tiktok-web.tiktokcdn-us.com/obj/tiktok-web-tx/tiktok/web/pns_fe_parental_control_vmok/static/js/async/__federation_expose_main.1a07efe8.js was preloaded using link preload but not used within a few seconds from the window's load event. Please make sure it has an appropriate `as` value and it is preloaded intentionally. @ https://www.tiktok.com/setting?lang=es:0
[   98505ms] [WARNING] The resource https://lf16-tiktok-web.tiktokcdn-us.com/obj/tiktok-web-tx/tiktok/web/pns_fe_keyword_filtering_vmok/static/js/async/__federation_expose_entry_react_bridge.247b132d.js was preloaded using link preload but not used within a few seconds from the window's load event. Please make sure it has an appropriate `as` value and it is preloaded intentionally. @ https://www.tiktok.com/setting?lang=es:0
[   98505ms] [WARNING] The resource https://lf16-tiktok-web.tiktokcdn-us.com/obj/tiktok-web-tx/tiktok/web/pns_fe_parental_control_vmok/static/js/async/lib-router.369091d5.js was preloaded using link preload but not used within a few seconds from the window's load event. Please make sure it has an appropriate `as` value and it is preloaded intentionally. @ https://www.tiktok.com/setting?lang=es:0
[   98505ms] [WARNING] The resource https://lf16-tiktok-web.tiktokcdn-us.com/obj/tiktok-web-tx/tiktok/web/pns_fe_keyword_filtering_vmok/static/js/async/argus-builder-strategy.a3264b45.js was preloaded using link preload but not used within a few seconds from the window's load event. Please make sure it has an appropriate `as` value and it is preloaded intentionally. @ https://www.tiktok.com/setting?lang=es:0
[   98505ms] [WARNING] The resource https://lf16-tiktok-web.tiktokcdn-us.com/obj/tiktok-web-tx/tiktok/web/pns_fe_keyword_filtering_vmok/static/js/async/lib-axios.8c284c11.js was preloaded using link preload but not used within a few seconds from the window's load event. Please make sure it has an appropriate `as` value and it is preloaded intentionally. @ https://www.tiktok.com/setting?lang=es:0
[   98505ms] [WARNING] The resource https://lf16-tiktok-web.tiktokcdn-us.com/obj/tiktok-web-tx/tiktok/web/pns_fe_keyword_filtering_vmok/static/js/lib-polyfill.2d9206bd.js was preloaded using link preload but not used within a few seconds from the window's load event. Please make sure it has an appropriate `as` value and it is preloaded intentionally. @ https://www.tiktok.com/setting?lang=es:0
[   98505ms] [WARNING] The resource https://lf16-tiktok-web.tiktokcdn-us.com/obj/tiktok-web-tx/tiktok/web/pns_fe_parental_control_vmok/static/css/async/3139.a5a9f032.css was preloaded using link preload but not used within a few seconds from the window's load event. Please make sure it has an appropriate `as` value and it is preloaded intentionally. @ https://www.tiktok.com/setting?lang=es:0
[   98505ms] [WARNING] The resource https://lf16-tiktok-web.tiktokcdn-us.com/obj/tiktok-web-tx/tiktok/web/pns_fe_parental_control_vmok/static/js/async/778.beddb8c0.js was preloaded using link preload but not used within a few seconds from the window's load event. Please make sure it has an appropriate `as` value and it is preloaded intentionally. @ https://www.tiktok.com/setting?lang=es:0
[   98505ms] [WARNING] The resource https://lf16-tiktok-web.tiktokcdn-us.com/obj/tiktok-web-tx/tiktok/web/pns_fe_parental_control_vmok/static/js/async/3139.dafaa0fc.js was preloaded using link preload but not used within a few seconds from the window's load event. Please make sure it has an appropriate `as` value and it is preloaded intentionally. @ https://www.tiktok.com/setting?lang=es:0
[   98505ms] [WARNING] The resource https://lf16-tiktok-web.tiktokcdn-us.com/obj/tiktok-web-tx/tiktok/web/pns_fe_keyword_filtering_vmok/static/css/async/126.f1acf961.css was preloaded using link preload but not used within a few seconds from the window's load event. Please make sure it has an appropriate `as` value and it is preloaded intentionally. @ https://www.tiktok.com/setting?lang=es:0
[   98505ms] [WARNING] The resource https://lf16-tiktok-web.tiktokcdn-us.com/obj/tiktok-web-tx/tiktok/web/pns_fe_parental_control_vmok/static/css/async/__federation_expose_main.abb44d39.css was preloaded using link preload but not used within a few seconds from the window's load event. Please make sure it has an appropriate `as` value and it is preloaded intentionally. @ https://www.tiktok.com/setting?lang=es:0
[  108935ms] [WARNING] The resource https://lf16-tiktok-web.tiktokcdn-us.com/obj/tiktok-web-tx/tiktok/web/pns_fe_keyword_filtering_vmok/static/js/async/126.c9a90670.js was preloaded using link preload but not used within a few seconds from the window's load event. Please make sure it has an appropriate `as` value and it is preloaded intentionally. @ https://www.tiktok.com/setting?lang=es:0
[  108935ms] [WARNING] The resource https://lf16-tiktok-web.tiktokcdn-us.com/obj/tiktok-web-tx/tiktok/web/pns_fe_parental_control_vmok/static/js/async/lib-axios.56c5f961.js was preloaded using link preload but not used within a few seconds from the window's load event. Please make sure it has an appropriate `as` value and it is preloaded intentionally. @ https://www.tiktok.com/setting?lang=es:0
[  108936ms] [WARNING] The resource https://lf16-tiktok-web.tiktokcdn-us.com/obj/tiktok-web-tx/tiktok/web/pns_fe_keyword_filtering_vmok/static/js/async/606.7a63198e.js was preloaded using link preload but not used within a few seconds from the window's load event. Please make sure it has an appropriate `as` value and it is preloaded intentionally. @ https://www.tiktok.com/setting?lang=es:0
[  108936ms] [WARNING] The resource https://lf16-tiktok-web.tiktokcdn-us.com/obj/tiktok-web-tx/tiktok/web/pns_fe_keyword_filtering_vmok/static/css/async/__federation_expose_entry_react_bridge.569a7521.css was preloaded using link preload but not used within a few seconds from the window's load event. Please make sure it has an appropriate `as` value and it is preloaded intentionally. @ https://www.tiktok.com/setting?lang=es:0
[  108936ms] [WARNING] The resource https://lf16-tiktok-web.tiktokcdn-us.com/obj/tiktok-web-tx/tiktok/web/pns_fe_keyword_filtering_vmok/static/js/async/752.8dc09088.js was preloaded using link preload but not used within a few seconds from the window's load event. Please make sure it has an appropriate `as` value and it is preloaded intentionally. @ https://www.tiktok.com/setting?lang=es:0
[  108936ms] [WARNING] The resource https://lf16-tiktok-web.tiktokcdn-us.com/obj/tiktok-web-tx/tiktok/web/pns_fe_keyword_filtering_vmok/static/js/async/async-main.25610a11.js was preloaded using link preload but not used within a few seconds from the window's load event. Please make sure it has an appropriate `as` value and it is preloaded intentionally. @ https://www.tiktok.com/setting?lang=es:0
[  108936ms] [WARNING] The resource https://lf16-tiktok-web.tiktokcdn-us.com/obj/tiktok-web-tx/tiktok/web/pns_fe_keyword_filtering_vmok/static/js/async/lib-router.46d8bbc0.js was preloaded using link preload but not used within a few seconds from the window's load event. Please make sure it has an appropriate `as` value and it is preloaded intentionally. @ https://www.tiktok.com/setting?lang=es:0
[  108936ms] [WARNING] The resource https://lf16-tiktok-web.tiktokcdn-us.com/obj/tiktok-web-tx/tiktok/web/pns_fe_keyword_filtering_vmok/static/js/async/587.eafa5f92.js was preloaded using link preload but not used within a few seconds from the window's load event. Please make sure it has an appropriate `as` value and it is preloaded intentionally. @ https://www.tiktok.com/setting?lang=es:0
[  108936ms] [WARNING] The resource https://lf16-tiktok-web.tiktokcdn-us.com/obj/tiktok-web-tx/tiktok/web/pns_fe_keyword_filtering_vmok/static/js/async/593.f09ae1b5.js was preloaded using link preload but not used within a few seconds from the window's load event. Please make sure it has an appropriate `as` value and it is preloaded intentionally. @ https://www.tiktok.com/setting?lang=es:0
[  108936ms] [WARNING] The resource https://lf16-tiktok-web.tiktokcdn-us.com/obj/tiktok-web-tx/tiktok/web/pns_fe_parental_control_vmok/static/js/lib-polyfill.5e52839d.js was preloaded using link preload but not used within a few seconds from the window's load event. Please make sure it has an appropriate `as` value and it is preloaded intentionally. @ https://www.tiktok.com/setting?lang=es:0
[  108936ms] [WARNING] The resource https://lf16-tiktok-web.tiktokcdn-us.com/obj/tiktok-web-tx/tiktok/web/pns_fe_keyword_filtering_vmok/static/js/async/273.61871fe6.js was preloaded using link preload but not used within a few seconds from the window's load event. Please make sure it has an appropriate `as` value and it is preloaded intentionally. @ https://www.tiktok.com/setting?lang=es:0
[  108936ms] [WARNING] The resource https://lf16-tiktok-web.tiktokcdn-us.com/obj/tiktok-web-tx/tiktok/web/pns_fe_parental_control_vmok/static/js/async/9678.ae39123c.js was preloaded using link preload but not used within a few seconds from the window's load event. Please make sure it has an appropriate `as` value and it is preloaded intentionally. @ https://www.tiktok.com/setting?lang=es:0
[  108936ms] [WARNING] The resource https://lf16-tiktok-web.tiktokcdn-us.com/obj/tiktok-web-tx/tiktok/web/pns_fe_parental_control_vmok/static/js/async/__federation_expose_main.1a07efe8.js was preloaded using link preload but not used within a few seconds from the window's load event. Please make sure it has an appropriate `as` value and it is preloaded intentionally. @ https://www.tiktok.com/setting?lang=es:0
[  108936ms] [WARNING] The resource https://lf16-tiktok-web.tiktokcdn-us.com/obj/tiktok-web-tx/tiktok/web/pns_fe_keyword_filtering_vmok/static/js/async/__federation_expose_entry_react_bridge.247b132d.js was preloaded using link preload but not used within a few seconds from the window's load event. Please make sure it has an appropriate `as` value and it is preloaded intentionally. @ https://www.tiktok.com/setting?lang=es:0
[  108936ms] [WARNING] The resource https://lf16-tiktok-web.tiktokcdn-us.com/obj/tiktok-web-tx/tiktok/web/pns_fe_parental_control_vmok/static/js/async/lib-router.369091d5.js was preloaded using link preload but not used within a few seconds from the window's load event. Please make sure it has an appropriate `as` value and it is preloaded intentionally. @ https://www.tiktok.com/setting?lang=es:0
[  108936ms] [WARNING] The resource https://lf16-tiktok-web.tiktokcdn-us.com/obj/tiktok-web-tx/tiktok/web/pns_fe_keyword_filtering_vmok/static/js/async/argus-builder-strategy.a3264b45.js was preloaded using link preload but not used within a few seconds from the window's load event. Please make sure it has an appropriate `as` value and it is preloaded intentionally. @ https://www.tiktok.com/setting?lang=es:0
[  108936ms] [WARNING] The resource https://lf16-tiktok-web.tiktokcdn-us.com/obj/tiktok-web-tx/tiktok/web/pns_fe_keyword_filtering_vmok/static/js/async/lib-axios.8c284c11.js was preloaded using link preload but not used within a few seconds from the window's load event. Please make sure it has an appropriate `as` value and it is preloaded intentionally. @ https://www.tiktok.com/setting?lang=es:0
[  108936ms] [WARNING] The resource https://lf16-tiktok-web.tiktokcdn-us.com/obj/tiktok-web-tx/tiktok/web/pns_fe_keyword_filtering_vmok/static/js/lib-polyfill.2d9206bd.js was preloaded using link preload but not used within a few seconds from the window's load event. Please make sure it has an appropriate `as` value and it is preloaded intentionally. @ https://www.tiktok.com/setting?lang=es:0
[  108936ms] [WARNING] The resource https://lf16-tiktok-web.tiktokcdn-us.com/obj/tiktok-web-tx/tiktok/web/pns_fe_parental_control_vmok/static/css/async/3139.a5a9f032.css was preloaded using link preload but not used within a few seconds from the window's load event. Please make sure it has an appropriate `as` value and it is preloaded intentionally. @ https://www.tiktok.com/setting?lang=es:0
[  108936ms] [WARNING] The resource https://lf16-tiktok-web.tiktokcdn-us.com/obj/tiktok-web-tx/tiktok/web/pns_fe_parental_control_vmok/static/js/async/778.beddb8c0.js was preloaded using link preload but not used within a few seconds from the window's load event. Please make sure it has an appropriate `as` value and it is preloaded intentionally. @ https://www.tiktok.com/setting?lang=es:0
[  108936ms] [WARNING] The resource https://lf16-tiktok-web.tiktokcdn-us.com/obj/tiktok-web-tx/tiktok/web/pns_fe_parental_control_vmok/static/js/async/3139.dafaa0fc.js was preloaded using link preload but not used within a few seconds from the window's load event. Please make sure it has an appropriate `as` value and it is preloaded intentionally. @ https://www.tiktok.com/setting?lang=es:0
[  108936ms] [WARNING] The resource https://lf16-tiktok-web.tiktokcdn-us.com/obj/tiktok-web-tx/tiktok/web/pns_fe_keyword_filtering_vmok/static/css/async/126.f1acf961.css was preloaded using link preload but not used within a few seconds from the window's load event. Please make sure it has an appropriate `as` value and it is preloaded intentionally. @ https://www.tiktok.com/setting?lang=es:0
[  108936ms] [WARNING] The resource https://lf16-tiktok-web.tiktokcdn-us.com/obj/tiktok-web-tx/tiktok/web/pns_fe_parental_control_vmok/static/css/async/__federation_expose_main.abb44d39.css was preloaded using link preload but not used within a few seconds from the window's load event. Please make sure it has an appropriate `as` value and it is preloaded intentionally. @ https://www.tiktok.com/setting?lang=es:0
[  119218ms] [WARNING] The resource https://lf16-tiktok-web.tiktokcdn-us.com/obj/tiktok-web-tx/tiktok/web/pns_fe_keyword_filtering_vmok/static/js/async/126.c9a90670.js was preloaded using link preload but not used within a few seconds from the window's load event. Please make sure it has an appropriate `as` value and it is preloaded intentionally. @ https://www.tiktok.com/setting?lang=es:0
[  119218ms] [WARNING] The resource https://lf16-tiktok-web.tiktokcdn-us.com/obj/tiktok-web-tx/tiktok/web/pns_fe_parental_control_vmok/static/js/async/lib-axios.56c5f961.js was preloaded using link preload but not used within a few seconds from the window's load event. Please make sure it has an appropriate `as` value and it is preloaded intentionally. @ https://www.tiktok.com/setting?lang=es:0
[  119218ms] [WARNING] The resource https://lf16-tiktok-web.tiktokcdn-us.com/obj/tiktok-web-tx/tiktok/web/pns_fe_keyword_filtering_vmok/static/js/async/606.7a63198e.js was preloaded using link preload but not used within a few seconds from the window's load event. Please make sure it has an appropriate `as` value and it is preloaded intentionally. @ https://www.tiktok.com/setting?lang=es:0
[  119218ms] [WARNING] The resource https://lf16-tiktok-web.tiktokcdn-us.com/obj/tiktok-web-tx/tiktok/web/pns_fe_keyword_filtering_vmok/static/css/async/__federation_expose_entry_react_bridge.569a7521.css was preloaded using link preload but not used within a few seconds from the window's load event. Please make sure it has an appropriate `as` value and it is preloaded intentionally. @ https://www.tiktok.com/setting?lang=es:0
[  119218ms] [WARNING] The resource https://lf16-tiktok-web.tiktokcdn-us.com/obj/tiktok-web-tx/tiktok/web/pns_fe_keyword_filtering_vmok/static/js/async/752.8dc09088.js was preloaded using link preload but not used within a few seconds from the window's load event. Please make sure it has an appropriate `as` value and it is preloaded intentionally. @ https://www.tiktok.com/setting?lang=es:0
[  119218ms] [WARNING] The resource https://lf16-tiktok-web.tiktokcdn-us.com/obj/tiktok-web-tx/tiktok/web/pns_fe_keyword_filtering_vmok/static/js/async/async-main.25610a11.js was preloaded using link preload but not used within a few seconds from the window's load event. Please make sure it has an appropriate `as` value and it is preloaded intentionally. @ https://www.tiktok.com/setting?lang=es:0
[  119218ms] [WARNING] The resource https://lf16-tiktok-web.tiktokcdn-us.com/obj/tiktok-web-tx/tiktok/web/pns_fe_keyword_filtering_vmok/static/js/async/lib-router.46d8bbc0.js was preloaded using link preload but not used within a few seconds from the window's load event. Please make sure it has an appropriate `as` value and it is preloaded intentionally. @ https://www.tiktok.com/setting?lang=es:0
[  119218ms] [WARNING] The resource https://lf16-tiktok-web.tiktokcdn-us.com/obj/tiktok-web-tx/tiktok/web/pns_fe_keyword_filtering_vmok/static/js/async/587.eafa5f92.js was preloaded using link preload but not used within a few seconds from the window's load event. Please make sure it has an appropriate `as` value and it is preloaded intentionally. @ https://www.tiktok.com/setting?lang=es:0
[  119218ms] [WARNING] The resource https://lf16-tiktok-web.tiktokcdn-us.com/obj/tiktok-web-tx/tiktok/web/pns_fe_keyword_filtering_vmok/static/js/async/593.f09ae1b5.js was preloaded using link preload but not used within a few seconds from the window's load event. Please make sure it has an appropriate `as` value and it is preloaded intentionally. @ https://www.tiktok.com/setting?lang=es:0
[  119218ms] [WARNING] The resource https://lf16-tiktok-web.tiktokcdn-us.com/obj/tiktok-web-tx/tiktok/web/pns_fe_parental_control_vmok/static/js/lib-polyfill.5e52839d.js was preloaded using link preload but not used within a few seconds from the window's load event. Please make sure it has an appropriate `as` value and it is preloaded intentionally. @ https://www.tiktok.com/setting?lang=es:0
[  119218ms] [WARNING] The resource https://lf16-tiktok-web.tiktokcdn-us.com/obj/tiktok-web-tx/tiktok/web/pns_fe_keyword_filtering_vmok/static/js/async/273.61871fe6.js was preloaded using link preload but not used within a few seconds from the window's load event. Please make sure it has an appropriate `as` value and it is preloaded intentionally. @ https://www.tiktok.com/setting?lang=es:0
[  119218ms] [WARNING] The resource https://lf16-tiktok-web.tiktokcdn-us.com/obj/tiktok-web-tx/tiktok/web/pns_fe_parental_control_vmok/static/js/async/9678.ae39123c.js was preloaded using link preload but not used within a few seconds from the window's load event. Please make sure it has an appropriate `as` value and it is preloaded intentionally. @ https://www.tiktok.com/setting?lang=es:0
[  119218ms] [WARNING] The resource https://lf16-tiktok-web.tiktokcdn-us.com/obj/tiktok-web-tx/tiktok/web/pns_fe_parental_control_vmok/static/js/async/__federation_expose_main.1a07efe8.js was preloaded using link preload but not used within a few seconds from the window's load event. Please make sure it has an appropriate `as` value and it is preloaded intentionally. @ https://www.tiktok.com/setting?lang=es:0
[  119218ms] [WARNING] The resource https://lf16-tiktok-web.tiktokcdn-us.com/obj/tiktok-web-tx/tiktok/web/pns_fe_keyword_filtering_vmok/static/js/async/__federation_expose_entry_react_bridge.247b132d.js was preloaded using link preload but not used within a few seconds from the window's load event. Please make sure it has an appropriate `as` value and it is preloaded intentionally. @ https://www.tiktok.com/setting?lang=es:0
[  119218ms] [WARNING] The resource https://lf16-tiktok-web.tiktokcdn-us.com/obj/tiktok-web-tx/tiktok/web/pns_fe_parental_control_vmok/static/js/async/lib-router.369091d5.js was preloaded using link preload but not used within a few seconds from the window's load event. Please make sure it has an appropriate `as` value and it is preloaded intentionally. @ https://www.tiktok.com/setting?lang=es:0
[  119218ms] [WARNING] The resource https://lf16-tiktok-web.tiktokcdn-us.com/obj/tiktok-web-tx/tiktok/web/pns_fe_keyword_filtering_vmok/static/js/async/argus-builder-strategy.a3264b45.js was preloaded using link preload but not used within a few seconds from the window's load event. Please make sure it has an appropriate `as` value and it is preloaded intentionally. @ https://www.tiktok.com/setting?lang=es:0
[  119218ms] [WARNING] The resource https://lf16-tiktok-web.tiktokcdn-us.com/obj/tiktok-web-tx/tiktok/web/pns_fe_keyword_filtering_vmok/static/js/async/lib-axios.8c284c11.js was preloaded using link preload but not used within a few seconds from the window's load event. Please make sure it has an appropriate `as` value and it is preloaded intentionally. @ https://www.tiktok.com/setting?lang=es:0
[  119218ms] [WARNING] The resource https://lf16-tiktok-web.tiktokcdn-us.com/obj/tiktok-web-tx/tiktok/web/pns_fe_keyword_filtering_vmok/static/js/lib-polyfill.2d9206bd.js was preloaded using link preload but not used within a few seconds from the window's load event. Please make sure it has an appropriate `as` value and it is preloaded intentionally. @ https://www.tiktok.com/setting?lang=es:0
[  119218ms] [WARNING] The resource https://lf16-tiktok-web.tiktokcdn-us.com/obj/tiktok-web-tx/tiktok/web/pns_fe_parental_control_vmok/static/css/async/3139.a5a9f032.css was preloaded using link preload but not used within a few seconds from the window's load event. Please make sure it has an appropriate `as` value and it is preloaded intentionally. @ https://www.tiktok.com/setting?lang=es:0
[  119218ms] [WARNING] The resource https://lf16-tiktok-web.tiktokcdn-us.com/obj/tiktok-web-tx/tiktok/web/pns_fe_parental_control_vmok/static/js/async/778.beddb8c0.js was preloaded using link preload but not used within a few seconds from the window's load event. Please make sure it has an appropriate `as` value and it is preloaded intentionally. @ https://www.tiktok.com/setting?lang=es:0
[  119218ms] [WARNING] The resource https://lf16-tiktok-web.tiktokcdn-us.com/obj/tiktok-web-tx/tiktok/web/pns_fe_parental_control_vmok/static/js/async/3139.dafaa0fc.js was preloaded using link preload but not used within a few seconds from the window's load event. Please make sure it has an appropriate `as` value and it is preloaded intentionally. @ https://www.tiktok.com/setting?lang=es:0
[  119218ms] [WARNING] The resource https://lf16-tiktok-web.tiktokcdn-us.com/obj/tiktok-web-tx/tiktok/web/pns_fe_keyword_filtering_vmok/static/css/async/126.f1acf961.css was preloaded using link preload but not used within a few seconds from the window's load event. Please make sure it has an appropriate `as` value and it is preloaded intentionally. @ https://www.tiktok.com/setting?lang=es:0
[  119218ms] [WARNING] The resource https://lf16-tiktok-web.tiktokcdn-us.com/obj/tiktok-web-tx/tiktok/web/pns_fe_parental_control_vmok/static/css/async/__federation_expose_main.abb44d39.css was preloaded using link preload but not used within a few seconds from the window's load event. Please make sure it has an appropriate `as` value and it is preloaded intentionally. @ https://www.tiktok.com/setting?lang=es:0
[  124743ms] [WARNING] The resource https://lf16-tiktok-web.tiktokcdn-us.com/obj/tiktok-web-tx/tiktok/web/pns_fe_keyword_filtering_vmok/static/js/async/126.c9a90670.js was preloaded using link preload but not used within a few seconds from the window's load event. Please make sure it has an appropriate `as` value and it is preloaded intentionally. @ https://www.tiktok.com/setting?lang=es:0
[  124743ms] [WARNING] The resource https://lf16-tiktok-web.tiktokcdn-us.com/obj/tiktok-web-tx/tiktok/web/pns_fe_parental_control_vmok/static/js/async/lib-axios.56c5f961.js was preloaded using link preload but not used within a few seconds from the window's load event. Please make sure it has an appropriate `as` value and it is preloaded intentionally. @ https://www.tiktok.com/setting?lang=es:0
[  124743ms] [WARNING] The resource https://lf16-tiktok-web.tiktokcdn-us.com/obj/tiktok-web-tx/tiktok/web/pns_fe_keyword_filtering_vmok/static/js/async/606.7a63198e.js was preloaded using link preload but not used within a few seconds from the window's load event. Please make sure it has an appropriate `as` value and it is preloaded intentionally. @ https://www.tiktok.com/setting?lang=es:0
[  124743ms] [WARNING] The resource https://lf16-tiktok-web.tiktokcdn-us.com/obj/tiktok-web-tx/tiktok/web/pns_fe_keyword_filtering_vmok/static/css/async/__federation_expose_entry_react_bridge.569a7521.css was preloaded using link preload but not used within a few seconds from the window's load event. Please make sure it has an appropriate `as` value and it is preloaded intentionally. @ https://www.tiktok.com/setting?lang=es:0
[  124743ms] [WARNING] The resource https://lf16-tiktok-web.tiktokcdn-us.com/obj/tiktok-web-tx/tiktok/web/pns_fe_keyword_filtering_vmok/static/js/async/752.8dc09088.js was preloaded using link preload but not used within a few seconds from the window's load event. Please make sure it has an appropriate `as` value and it is preloaded intentionally. @ https://www.tiktok.com/setting?lang=es:0
[  124743ms] [WARNING] The resource https://lf16-tiktok-web.tiktokcdn-us.com/obj/tiktok-web-tx/tiktok/web/pns_fe_keyword_filtering_vmok/static/js/async/async-main.25610a11.js was preloaded using link preload but not used within a few seconds from the window's load event. Please make sure it has an appropriate `as` value and it is preloaded intentionally. @ https://www.tiktok.com/setting?lang=es:0
[  124743ms] [WARNING] The resource https://lf16-tiktok-web.tiktokcdn-us.com/obj/tiktok-web-tx/tiktok/web/pns_fe_keyword_filtering_vmok/static/js/async/lib-router.46d8bbc0.js was preloaded using link preload but not used within a few seconds from the window's load event. Please make sure it has an appropriate `as` value and it is preloaded intentionally. @ https://www.tiktok.com/setting?lang=es:0
[  124743ms] [WARNING] The resource https://lf16-tiktok-web.tiktokcdn-us.com/obj/tiktok-web-tx/tiktok/web/pns_fe_keyword_filtering_vmok/static/js/async/587.eafa5f92.js was preloaded using link preload but not used within a few seconds from the window's load event. Please make sure it has an appropriate `as` value and it is preloaded intentionally. @ https://www.tiktok.com/setting?lang=es:0
[  124743ms] [WARNING] The resource https://lf16-tiktok-web.tiktokcdn-us.com/obj/tiktok-web-tx/tiktok/web/pns_fe_keyword_filtering_vmok/static/js/async/593.f09ae1b5.js was preloaded using link preload but not used within a few seconds from the window's load event. Please make sure it has an appropriate `as` value and it is preloaded intentionally. @ https://www.tiktok.com/setting?lang=es:0
[  124743ms] [WARNING] The resource https://lf16-tiktok-web.tiktokcdn-us.com/obj/tiktok-web-tx/tiktok/web/pns_fe_parental_control_vmok/static/js/lib-polyfill.5e52839d.js was preloaded using link preload but not used within a few seconds from the window's load event. Please make sure it has an appropriate `as` value and it is preloaded intentionally. @ https://www.tiktok.com/setting?lang=es:0
[  124743ms] [WARNING] The resource https://lf16-tiktok-web.tiktokcdn-us.com/obj/tiktok-web-tx/tiktok/web/pns_fe_keyword_filtering_vmok/static/js/async/273.61871fe6.js was preloaded using link preload but not used within a few seconds from the window's load event. Please make sure it has an appropriate `as` value and it is preloaded intentionally. @ https://www.tiktok.com/setting?lang=es:0
[  124743ms] [WARNING] The resource https://lf16-tiktok-web.tiktokcdn-us.com/obj/tiktok-web-tx/tiktok/web/pns_fe_parental_control_vmok/static/js/async/9678.ae39123c.js was preloaded using link preload but not used within a few seconds from the window's load event. Please make sure it has an appropriate `as` value and it is preloaded intentionally. @ https://www.tiktok.com/setting?lang=es:0
[  124743ms] [WARNING] The resource https://lf16-tiktok-web.tiktokcdn-us.com/obj/tiktok-web-tx/tiktok/web/pns_fe_parental_control_vmok/static/js/async/__federation_expose_main.1a07efe8.js was preloaded using link preload but not used within a few seconds from the window's load event. Please make sure it has an appropriate `as` value and it is preloaded intentionally. @ https://www.tiktok.com/setting?lang=es:0
[  124743ms] [WARNING] The resource https://lf16-tiktok-web.tiktokcdn-us.com/obj/tiktok-web-tx/tiktok/web/pns_fe_keyword_filtering_vmok/static/js/async/__federation_expose_entry_react_bridge.247b132d.js was preloaded using link preload but not used within a few seconds from the window's load event. Please make sure it has an appropriate `as` value and it is preloaded intentionally. @ https://www.tiktok.com/setting?lang=es:0
[  124743ms] [WARNING] The resource https://lf16-tiktok-web.tiktokcdn-us.com/obj/tiktok-web-tx/tiktok/web/pns_fe_parental_control_vmok/static/js/async/lib-router.369091d5.js was preloaded using link preload but not used within a few seconds from the window's load event. Please make sure it has an appropriate `as` value and it is preloaded intentionally. @ https://www.tiktok.com/setting?lang=es:0
[  124743ms] [WARNING] The resource https://lf16-tiktok-web.tiktokcdn-us.com/obj/tiktok-web-tx/tiktok/web/pns_fe_keyword_filtering_vmok/static/js/async/argus-builder-strategy.a3264b45.js was preloaded using link preload but not used within a few seconds from the window's load event. Please make sure it has an appropriate `as` value and it is preloaded intentionally. @ https://www.tiktok.com/setting?lang=es:0
[  124743ms] [WARNING] The resource https://lf16-tiktok-web.tiktokcdn-us.com/obj/tiktok-web-tx/tiktok/web/pns_fe_keyword_filtering_vmok/static/js/async/lib-axios.8c284c11.js was preloaded using link preload but not used within a few seconds from the window's load event. Please make sure it has an appropriate `as` value and it is preloaded intentionally. @ https://www.tiktok.com/setting?lang=es:0
[  124743ms] [WARNING] The resource https://lf16-tiktok-web.tiktokcdn-us.com/obj/tiktok-web-tx/tiktok/web/pns_fe_keyword_filtering_vmok/static/js/lib-polyfill.2d9206bd.js was preloaded using link preload but not used within a few seconds from the window's load event. Please make sure it has an appropriate `as` value and it is preloaded intentionally. @ https://www.tiktok.com/setting?lang=es:0
[  124743ms] [WARNING] The resource https://lf16-tiktok-web.tiktokcdn-us.com/obj/tiktok-web-tx/tiktok/web/pns_fe_parental_control_vmok/static/css/async/3139.a5a9f032.css was preloaded using link preload but not used within a few seconds from the window's load event. Please make sure it has an appropriate `as` value and it is preloaded intentionally. @ https://www.tiktok.com/setting?lang=es:0
[  124743ms] [WARNING] The resource https://lf16-tiktok-web.tiktokcdn-us.com/obj/tiktok-web-tx/tiktok/web/pns_fe_parental_control_vmok/static/js/async/778.beddb8c0.js was preloaded using link preload but not used within a few seconds from the window's load event. Please make sure it has an appropriate `as` value and it is preloaded intentionally. @ https://www.tiktok.com/setting?lang=es:0
[  124744ms] [WARNING] The resource https://lf16-tiktok-web.tiktokcdn-us.com/obj/tiktok-web-tx/tiktok/web/pns_fe_parental_control_vmok/static/js/async/3139.dafaa0fc.js was preloaded using link preload but not used within a few seconds from the window's load event. Please make sure it has an appropriate `as` value and it is preloaded intentionally. @ https://www.tiktok.com/setting?lang=es:0
[  124744ms] [WARNING] The resource https://lf16-tiktok-web.tiktokcdn-us.com/obj/tiktok-web-tx/tiktok/web/pns_fe_keyword_filtering_vmok/static/css/async/126.f1acf961.css was preloaded using link preload but not used within a few seconds from the window's load event. Please make sure it has an appropriate `as` value and it is preloaded intentionally. @ https://www.tiktok.com/setting?lang=es:0
[  124744ms] [WARNING] The resource https://lf16-tiktok-web.tiktokcdn-us.com/obj/tiktok-web-tx/tiktok/web/pns_fe_parental_control_vmok/static/css/async/__federation_expose_main.abb44d39.css was preloaded using link preload but not used within a few seconds from the window's load event. Please make sure it has an appropriate `as` value and it is preloaded intentionally. @ https://www.tiktok.com/setting?lang=es:0
[  129534ms] [WARNING] The resource https://lf16-tiktok-web.tiktokcdn-us.com/obj/tiktok-web-tx/tiktok/web/pns_fe_keyword_filtering_vmok/static/js/async/126.c9a90670.js was preloaded using link preload but not used within a few seconds from the window's load event. Please make sure it has an appropriate `as` value and it is preloaded intentionally. @ https://www.tiktok.com/setting?lang=es:0
[  129534ms] [WARNING] The resource https://lf16-tiktok-web.tiktokcdn-us.com/obj/tiktok-web-tx/tiktok/web/pns_fe_parental_control_vmok/static/js/async/lib-axios.56c5f961.js was preloaded using link preload but not used within a few seconds from the window's load event. Please make sure it has an appropriate `as` value and it is preloaded intentionally. @ https://www.tiktok.com/setting?lang=es:0
[  129534ms] [WARNING] The resource https://lf16-tiktok-web.tiktokcdn-us.com/obj/tiktok-web-tx/tiktok/web/pns_fe_keyword_filtering_vmok/static/js/async/606.7a63198e.js was preloaded using link preload but not used within a few seconds from the window's load event. Please make sure it has an appropriate `as` value and it is preloaded intentionally. @ https://www.tiktok.com/setting?lang=es:0
[  129534ms] [WARNING] The resource https://lf16-tiktok-web.tiktokcdn-us.com/obj/tiktok-web-tx/tiktok/web/pns_fe_keyword_filtering_vmok/static/css/async/__federation_expose_entry_react_bridge.569a7521.css was preloaded using link preload but not used within a few seconds from the window's load event. Please make sure it has an appropriate `as` value and it is preloaded intentionally. @ https://www.tiktok.com/setting?lang=es:0
[  129534ms] [WARNING] The resource https://lf16-tiktok-web.tiktokcdn-us.com/obj/tiktok-web-tx/tiktok/web/pns_fe_keyword_filtering_vmok/static/js/async/752.8dc09088.js was preloaded using link preload but not used within a few seconds from the window's load event. Please make sure it has an appropriate `as` value and it is preloaded intentionally. @ https://www.tiktok.com/setting?lang=es:0
[  129534ms] [WARNING] The resource https://lf16-tiktok-web.tiktokcdn-us.com/obj/tiktok-web-tx/tiktok/web/pns_fe_keyword_filtering_vmok/static/js/async/async-main.25610a11.js was preloaded using link preload but not used within a few seconds from the window's load event. Please make sure it has an appropriate `as` value and it is preloaded intentionally. @ https://www.tiktok.com/setting?lang=es:0
[  129534ms] [WARNING] The resource https://lf16-tiktok-web.tiktokcdn-us.com/obj/tiktok-web-tx/tiktok/web/pns_fe_keyword_filtering_vmok/static/js/async/lib-router.46d8bbc0.js was preloaded using link preload but not used within a few seconds from the window's load event. Please make sure it has an appropriate `as` value and it is preloaded intentionally. @ https://www.tiktok.com/setting?lang=es:0
[  129534ms] [WARNING] The resource https://lf16-tiktok-web.tiktokcdn-us.com/obj/tiktok-web-tx/tiktok/web/pns_fe_keyword_filtering_vmok/static/js/async/587.eafa5f92.js was preloaded using link preload but not used within a few seconds from the window's load event. Please make sure it has an appropriate `as` value and it is preloaded intentionally. @ https://www.tiktok.com/setting?lang=es:0
[  129534ms] [WARNING] The resource https://lf16-tiktok-web.tiktokcdn-us.com/obj/tiktok-web-tx/tiktok/web/pns_fe_keyword_filtering_vmok/static/js/async/593.f09ae1b5.js was preloaded using link preload but not used within a few seconds from the window's load event. Please make sure it has an appropriate `as` value and it is preloaded intentionally. @ https://www.tiktok.com/setting?lang=es:0
[  129534ms] [WARNING] The resource https://lf16-tiktok-web.tiktokcdn-us.com/obj/tiktok-web-tx/tiktok/web/pns_fe_parental_control_vmok/static/js/lib-polyfill.5e52839d.js was preloaded using link preload but not used within a few seconds from the window's load event. Please make sure it has an appropriate `as` value and it is preloaded intentionally. @ https://www.tiktok.com/setting?lang=es:0
[  129534ms] [WARNING] The resource https://lf16-tiktok-web.tiktokcdn-us.com/obj/tiktok-web-tx/tiktok/web/pns_fe_keyword_filtering_vmok/static/js/async/273.61871fe6.js was preloaded using link preload but not used within a few seconds from the window's load event. Please make sure it has an appropriate `as` value and it is preloaded intentionally. @ https://www.tiktok.com/setting?lang=es:0
[  129534ms] [WARNING] The resource https://lf16-tiktok-web.tiktokcdn-us.com/obj/tiktok-web-tx/tiktok/web/pns_fe_parental_control_vmok/static/js/async/9678.ae39123c.js was preloaded using link preload but not used within a few seconds from the window's load event. Please make sure it has an appropriate `as` value and it is preloaded intentionally. @ https://www.tiktok.com/setting?lang=es:0
[  129534ms] [WARNING] The resource https://lf16-tiktok-web.tiktokcdn-us.com/obj/tiktok-web-tx/tiktok/web/pns_fe_parental_control_vmok/static/js/async/__federation_expose_main.1a07efe8.js was preloaded using link preload but not used within a few seconds from the window's load event. Please make sure it has an appropriate `as` value and it is preloaded intentionally. @ https://www.tiktok.com/setting?lang=es:0
[  129534ms] [WARNING] The resource https://lf16-tiktok-web.tiktokcdn-us.com/obj/tiktok-web-tx/tiktok/web/pns_fe_keyword_filtering_vmok/static/js/async/__federation_expose_entry_react_bridge.247b132d.js was preloaded using link preload but not used within a few seconds from the window's load event. Please make sure it has an appropriate `as` value and it is preloaded intentionally. @ https://www.tiktok.com/setting?lang=es:0
[  129534ms] [WARNING] The resource https://lf16-tiktok-web.tiktokcdn-us.com/obj/tiktok-web-tx/tiktok/web/pns_fe_parental_control_vmok/static/js/async/lib-router.369091d5.js was preloaded using link preload but not used within a few seconds from the window's load event. Please make sure it has an appropriate `as` value and it is preloaded intentionally. @ https://www.tiktok.com/setting?lang=es:0
[  129534ms] [WARNING] The resource https://lf16-tiktok-web.tiktokcdn-us.com/obj/tiktok-web-tx/tiktok/web/pns_fe_keyword_filtering_vmok/static/js/async/argus-builder-strategy.a3264b45.js was preloaded using link preload but not used within a few seconds from the window's load event. Please make sure it has an appropriate `as` value and it is preloaded intentionally. @ https://www.tiktok.com/setting?lang=es:0
[  129534ms] [WARNING] The resource https://lf16-tiktok-web.tiktokcdn-us.com/obj/tiktok-web-tx/tiktok/web/pns_fe_keyword_filtering_vmok/static/js/async/lib-axios.8c284c11.js was preloaded using link preload but not used within a few seconds from the window's load event. Please make sure it has an appropriate `as` value and it is preloaded intentionally. @ https://www.tiktok.com/setting?lang=es:0
[  129534ms] [WARNING] The resource https://lf16-tiktok-web.tiktokcdn-us.com/obj/tiktok-web-tx/tiktok/web/pns_fe_keyword_filtering_vmok/static/js/lib-polyfill.2d9206bd.js was preloaded using link preload but not used within a few seconds from the window's load event. Please make sure it has an appropriate `as` value and it is preloaded intentionally. @ https://www.tiktok.com/setting?lang=es:0
[  129534ms] [WARNING] The resource https://lf16-tiktok-web.tiktokcdn-us.com/obj/tiktok-web-tx/tiktok/web/pns_fe_parental_control_vmok/static/css/async/3139.a5a9f032.css was preloaded using link preload but not used within a few seconds from the window's load event. Please make sure it has an appropriate `as` value and it is preloaded intentionally. @ https://www.tiktok.com/setting?lang=es:0
[  129534ms] [WARNING] The resource https://lf16-tiktok-web.tiktokcdn-us.com/obj/tiktok-web-tx/tiktok/web/pns_fe_parental_control_vmok/static/js/async/778.beddb8c0.js was preloaded using link preload but not used within a few seconds from the window's load event. Please make sure it has an appropriate `as` value and it is preloaded intentionally. @ https://www.tiktok.com/setting?lang=es:0
[  129534ms] [WARNING] The resource https://lf16-tiktok-web.tiktokcdn-us.com/obj/tiktok-web-tx/tiktok/web/pns_fe_parental_control_vmok/static/js/async/3139.dafaa0fc.js was preloaded using link preload but not used within a few seconds from the window's load event. Please make sure it has an appropriate `as` value and it is preloaded intentionally. @ https://www.tiktok.com/setting?lang=es:0
[  129534ms] [WARNING] The resource https://lf16-tiktok-web.tiktokcdn-us.com/obj/tiktok-web-tx/tiktok/web/pns_fe_keyword_filtering_vmok/static/css/async/126.f1acf961.css was preloaded using link preload but not used within a few seconds from the window's load event. Please make sure it has an appropriate `as` value and it is preloaded intentionally. @ https://www.tiktok.com/setting?lang=es:0
[  129535ms] [WARNING] The resource https://lf16-tiktok-web.tiktokcdn-us.com/obj/tiktok-web-tx/tiktok/web/pns_fe_parental_control_vmok/static/css/async/__federation_expose_main.abb44d39.css was preloaded using link preload but not used within a few seconds from the window's load event. Please make sure it has an appropriate `as` value and it is preloaded intentionally. @ https://www.tiktok.com/setting?lang=es:0
[  139847ms] [WARNING] The resource https://lf16-tiktok-web.tiktokcdn-us.com/obj/tiktok-web-tx/tiktok/web/pns_fe_keyword_filtering_vmok/static/js/async/126.c9a90670.js was preloaded using link preload but not used within a few seconds from the window's load event. Please make sure it has an appropriate `as` value and it is preloaded intentionally. @ https://www.tiktok.com/setting?lang=es:0
[  139847ms] [WARNING] The resource https://lf16-tiktok-web.tiktokcdn-us.com/obj/tiktok-web-tx/tiktok/web/pns_fe_parental_control_vmok/static/js/async/lib-axios.56c5f961.js was preloaded using link preload but not used within a few seconds from the window's load event. Please make sure it has an appropriate `as` value and it is preloaded intentionally. @ https://www.tiktok.com/setting?lang=es:0
[  139847ms] [WARNING] The resource https://lf16-tiktok-web.tiktokcdn-us.com/obj/tiktok-web-tx/tiktok/web/pns_fe_keyword_filtering_vmok/static/js/async/606.7a63198e.js was preloaded using link preload but not used within a few seconds from the window's load event. Please make sure it has an appropriate `as` value and it is preloaded intentionally. @ https://www.tiktok.com/setting?lang=es:0
[  139847ms] [WARNING] The resource https://lf16-tiktok-web.tiktokcdn-us.com/obj/tiktok-web-tx/tiktok/web/pns_fe_keyword_filtering_vmok/static/css/async/__federation_expose_entry_react_bridge.569a7521.css was preloaded using link preload but not used within a few seconds from the window's load event. Please make sure it has an appropriate `as` value and it is preloaded intentionally. @ https://www.tiktok.com/setting?lang=es:0
[  139847ms] [WARNING] The resource https://lf16-tiktok-web.tiktokcdn-us.com/obj/tiktok-web-tx/tiktok/web/pns_fe_keyword_filtering_vmok/static/js/async/752.8dc09088.js was preloaded using link preload but not used within a few seconds from the window's load event. Please make sure it has an appropriate `as` value and it is preloaded intentionally. @ https://www.tiktok.com/setting?lang=es:0
[  139847ms] [WARNING] The resource https://lf16-tiktok-web.tiktokcdn-us.com/obj/tiktok-web-tx/tiktok/web/pns_fe_keyword_filtering_vmok/static/js/async/async-main.25610a11.js was preloaded using link preload but not used within a few seconds from the window's load event. Please make sure it has an appropriate `as` value and it is preloaded intentionally. @ https://www.tiktok.com/setting?lang=es:0
[  139847ms] [WARNING] The resource https://lf16-tiktok-web.tiktokcdn-us.com/obj/tiktok-web-tx/tiktok/web/pns_fe_keyword_filtering_vmok/static/js/async/lib-router.46d8bbc0.js was preloaded using link preload but not used within a few seconds from the window's load event. Please make sure it has an appropriate `as` value and it is preloaded intentionally. @ https://www.tiktok.com/setting?lang=es:0
[  139847ms] [WARNING] The resource https://lf16-tiktok-web.tiktokcdn-us.com/obj/tiktok-web-tx/tiktok/web/pns_fe_keyword_filtering_vmok/static/js/async/587.eafa5f92.js was preloaded using link preload but not used within a few seconds from the window's load event. Please make sure it has an appropriate `as` value and it is preloaded intentionally. @ https://www.tiktok.com/setting?lang=es:0
[  139847ms] [WARNING] The resource https://lf16-tiktok-web.tiktokcdn-us.com/obj/tiktok-web-tx/tiktok/web/pns_fe_keyword_filtering_vmok/static/js/async/593.f09ae1b5.js was preloaded using link preload but not used within a few seconds from the window's load event. Please make sure it has an appropriate `as` value and it is preloaded intentionally. @ https://www.tiktok.com/setting?lang=es:0
[  139847ms] [WARNING] The resource https://lf16-tiktok-web.tiktokcdn-us.com/obj/tiktok-web-tx/tiktok/web/pns_fe_parental_control_vmok/static/js/lib-polyfill.5e52839d.js was preloaded using link preload but not used within a few seconds from the window's load event. Please make sure it has an appropriate `as` value and it is preloaded intentionally. @ https://www.tiktok.com/setting?lang=es:0
[  139847ms] [WARNING] The resource https://lf16-tiktok-web.tiktokcdn-us.com/obj/tiktok-web-tx/tiktok/web/pns_fe_keyword_filtering_vmok/static/js/async/273.61871fe6.js was preloaded using link preload but not used within a few seconds from the window's load event. Please make sure it has an appropriate `as` value and it is preloaded intentionally. @ https://www.tiktok.com/setting?lang=es:0
[  139847ms] [WARNING] The resource https://lf16-tiktok-web.tiktokcdn-us.com/obj/tiktok-web-tx/tiktok/web/pns_fe_parental_control_vmok/static/js/async/9678.ae39123c.js was preloaded using link preload but not used within a few seconds from the window's load event. Please make sure it has an appropriate `as` value and it is preloaded intentionally. @ https://www.tiktok.com/setting?lang=es:0
[  139847ms] [WARNING] The resource https://lf16-tiktok-web.tiktokcdn-us.com/obj/tiktok-web-tx/tiktok/web/pns_fe_parental_control_vmok/static/js/async/__federation_expose_main.1a07efe8.js was preloaded using link preload but not used within a few seconds from the window's load event. Please make sure it has an appropriate `as` value and it is preloaded intentionally. @ https://www.tiktok.com/setting?lang=es:0
[  139847ms] [WARNING] The resource https://lf16-tiktok-web.tiktokcdn-us.com/obj/tiktok-web-tx/tiktok/web/pns_fe_keyword_filtering_vmok/static/js/async/__federation_expose_entry_react_bridge.247b132d.js was preloaded using link preload but not used within a few seconds from the window's load event. Please make sure it has an appropriate `as` value and it is preloaded intentionally. @ https://www.tiktok.com/setting?lang=es:0
[  139847ms] [WARNING] The resource https://lf16-tiktok-web.tiktokcdn-us.com/obj/tiktok-web-tx/tiktok/web/pns_fe_parental_control_vmok/static/js/async/lib-router.369091d5.js was preloaded using link preload but not used within a few seconds from the window's load event. Please make sure it has an appropriate `as` value and it is preloaded intentionally. @ https://www.tiktok.com/setting?lang=es:0
[  139847ms] [WARNING] The resource https://lf16-tiktok-web.tiktokcdn-us.com/obj/tiktok-web-tx/tiktok/web/pns_fe_keyword_filtering_vmok/static/js/async/argus-builder-strategy.a3264b45.js was preloaded using link preload but not used within a few seconds from the window's load event. Please make sure it has an appropriate `as` value and it is preloaded intentionally. @ https://www.tiktok.com/setting?lang=es:0
[  139847ms] [WARNING] The resource https://lf16-tiktok-web.tiktokcdn-us.com/obj/tiktok-web-tx/tiktok/web/pns_fe_keyword_filtering_vmok/static/js/async/lib-axios.8c284c11.js was preloaded using link preload but not used within a few seconds from the window's load event. Please make sure it has an appropriate `as` value and it is preloaded intentionally. @ https://www.tiktok.com/setting?lang=es:0
[  139847ms] [WARNING] The resource https://lf16-tiktok-web.tiktokcdn-us.com/obj/tiktok-web-tx/tiktok/web/pns_fe_keyword_filtering_vmok/static/js/lib-polyfill.2d9206bd.js was preloaded using link preload but not used within a few seconds from the window's load event. Please make sure it has an appropriate `as` value and it is preloaded intentionally. @ https://www.tiktok.com/setting?lang=es:0
[  139847ms] [WARNING] The resource https://lf16-tiktok-web.tiktokcdn-us.com/obj/tiktok-web-tx/tiktok/web/pns_fe_parental_control_vmok/static/css/async/3139.a5a9f032.css was preloaded using link preload but not used within a few seconds from the window's load event. Please make sure it has an appropriate `as` value and it is preloaded intentionally. @ https://www.tiktok.com/setting?lang=es:0
[  139847ms] [WARNING] The resource https://lf16-tiktok-web.tiktokcdn-us.com/obj/tiktok-web-tx/tiktok/web/pns_fe_parental_control_vmok/static/js/async/778.beddb8c0.js was preloaded using link preload but not used within a few seconds from the window's load event. Please make sure it has an appropriate `as` value and it is preloaded intentionally. @ https://www.tiktok.com/setting?lang=es:0
[  139847ms] [WARNING] The resource https://lf16-tiktok-web.tiktokcdn-us.com/obj/tiktok-web-tx/tiktok/web/pns_fe_parental_control_vmok/static/js/async/3139.dafaa0fc.js was preloaded using link preload but not used within a few seconds from the window's load event. Please make sure it has an appropriate `as` value and it is preloaded intentionally. @ https://www.tiktok.com/setting?lang=es:0
[  139847ms] [WARNING] The resource https://lf16-tiktok-web.tiktokcdn-us.com/obj/tiktok-web-tx/tiktok/web/pns_fe_keyword_filtering_vmok/static/css/async/126.f1acf961.css was preloaded using link preload but not used within a few seconds from the window's load event. Please make sure it has an appropriate `as` value and it is preloaded intentionally. @ https://www.tiktok.com/setting?lang=es:0
[  139848ms] [WARNING] The resource https://lf16-tiktok-web.tiktokcdn-us.com/obj/tiktok-web-tx/tiktok/web/pns_fe_parental_control_vmok/static/css/async/__federation_expose_main.abb44d39.css was preloaded using link preload but not used within a few seconds from the window's load event. Please make sure it has an appropriate `as` value and it is preloaded intentionally. @ https://www.tiktok.com/setting?lang=es:0
[  150899ms] [WARNING] The resource https://lf16-tiktok-web.tiktokcdn-us.com/obj/tiktok-web-tx/tiktok/web/pns_fe_keyword_filtering_vmok/static/js/async/126.c9a90670.js was preloaded using link preload but not used within a few seconds from the window's load event. Please make sure it has an appropriate `as` value and it is preloaded intentionally. @ https://www.tiktok.com/setting?lang=es:0
[  150899ms] [WARNING] The resource https://lf16-tiktok-web.tiktokcdn-us.com/obj/tiktok-web-tx/tiktok/web/pns_fe_parental_control_vmok/static/js/async/lib-axios.56c5f961.js was preloaded using link preload but not used within a few seconds from the window's load event. Please make sure it has an appropriate `as` value and it is preloaded intentionally. @ https://www.tiktok.com/setting?lang=es:0
[  150899ms] [WARNING] The resource https://lf16-tiktok-web.tiktokcdn-us.com/obj/tiktok-web-tx/tiktok/web/pns_fe_keyword_filtering_vmok/static/js/async/606.7a63198e.js was preloaded using link preload but not used within a few seconds from the window's load event. Please make sure it has an appropriate `as` value and it is preloaded intentionally. @ https://www.tiktok.com/setting?lang=es:0
[  150900ms] [WARNING] The resource https://lf16-tiktok-web.tiktokcdn-us.com/obj/tiktok-web-tx/tiktok/web/pns_fe_keyword_filtering_vmok/static/css/async/__federation_expose_entry_react_bridge.569a7521.css was preloaded using link preload but not used within a few seconds from the window's load event. Please make sure it has an appropriate `as` value and it is preloaded intentionally. @ https://www.tiktok.com/setting?lang=es:0
[  150900ms] [WARNING] The resource https://lf16-tiktok-web.tiktokcdn-us.com/obj/tiktok-web-tx/tiktok/web/pns_fe_keyword_filtering_vmok/static/js/async/752.8dc09088.js was preloaded using link preload but not used within a few seconds from the window's load event. Please make sure it has an appropriate `as` value and it is preloaded intentionally. @ https://www.tiktok.com/setting?lang=es:0
[  150900ms] [WARNING] The resource https://lf16-tiktok-web.tiktokcdn-us.com/obj/tiktok-web-tx/tiktok/web/pns_fe_keyword_filtering_vmok/static/js/async/async-main.25610a11.js was preloaded using link preload but not used within a few seconds from the window's load event. Please make sure it has an appropriate `as` value and it is preloaded intentionally. @ https://www.tiktok.com/setting?lang=es:0
[  150900ms] [WARNING] The resource https://lf16-tiktok-web.tiktokcdn-us.com/obj/tiktok-web-tx/tiktok/web/pns_fe_keyword_filtering_vmok/static/js/async/lib-router.46d8bbc0.js was preloaded using link preload but not used within a few seconds from the window's load event. Please make sure it has an appropriate `as` value and it is preloaded intentionally. @ https://www.tiktok.com/setting?lang=es:0
[  150900ms] [WARNING] The resource https://lf16-tiktok-web.tiktokcdn-us.com/obj/tiktok-web-tx/tiktok/web/pns_fe_keyword_filtering_vmok/static/js/async/587.eafa5f92.js was preloaded using link preload but not used within a few seconds from the window's load event. Please make sure it has an appropriate `as` value and it is preloaded intentionally. @ https://www.tiktok.com/setting?lang=es:0
[  150900ms] [WARNING] The resource https://lf16-tiktok-web.tiktokcdn-us.com/obj/tiktok-web-tx/tiktok/web/pns_fe_keyword_filtering_vmok/static/js/async/593.f09ae1b5.js was preloaded using link preload but not used within a few seconds from the window's load event. Please make sure it has an appropriate `as` value and it is preloaded intentionally. @ https://www.tiktok.com/setting?lang=es:0
[  150900ms] [WARNING] The resource https://lf16-tiktok-web.tiktokcdn-us.com/obj/tiktok-web-tx/tiktok/web/pns_fe_parental_control_vmok/static/js/lib-polyfill.5e52839d.js was preloaded using link preload but not used within a few seconds from the window's load event. Please make sure it has an appropriate `as` value and it is preloaded intentionally. @ https://www.tiktok.com/setting?lang=es:0
[  150900ms] [WARNING] The resource https://lf16-tiktok-web.tiktokcdn-us.com/obj/tiktok-web-tx/tiktok/web/pns_fe_keyword_filtering_vmok/static/js/async/273.61871fe6.js was preloaded using link preload but not used within a few seconds from the window's load event. Please make sure it has an appropriate `as` value and it is preloaded intentionally. @ https://www.tiktok.com/setting?lang=es:0
[  150900ms] [WARNING] The resource https://lf16-tiktok-web.tiktokcdn-us.com/obj/tiktok-web-tx/tiktok/web/pns_fe_parental_control_vmok/static/js/async/9678.ae39123c.js was preloaded using link preload but not used within a few seconds from the window's load event. Please make sure it has an appropriate `as` value and it is preloaded intentionally. @ https://www.tiktok.com/setting?lang=es:0
[  150900ms] [WARNING] The resource https://lf16-tiktok-web.tiktokcdn-us.com/obj/tiktok-web-tx/tiktok/web/pns_fe_parental_control_vmok/static/js/async/__federation_expose_main.1a07efe8.js was preloaded using link preload but not used within a few seconds from the window's load event. Please make sure it has an appropriate `as` value and it is preloaded intentionally. @ https://www.tiktok.com/setting?lang=es:0
[  150900ms] [WARNING] The resource https://lf16-tiktok-web.tiktokcdn-us.com/obj/tiktok-web-tx/tiktok/web/pns_fe_keyword_filtering_vmok/static/js/async/__federation_expose_entry_react_bridge.247b132d.js was preloaded using link preload but not used within a few seconds from the window's load event. Please make sure it has an appropriate `as` value and it is preloaded intentionally. @ https://www.tiktok.com/setting?lang=es:0
[  150900ms] [WARNING] The resource https://lf16-tiktok-web.tiktokcdn-us.com/obj/tiktok-web-tx/tiktok/web/pns_fe_parental_control_vmok/static/js/async/lib-router.369091d5.js was preloaded using link preload but not used within a few seconds from the window's load event. Please make sure it has an appropriate `as` value and it is preloaded intentionally. @ https://www.tiktok.com/setting?lang=es:0
[  150900ms] [WARNING] The resource https://lf16-tiktok-web.tiktokcdn-us.com/obj/tiktok-web-tx/tiktok/web/pns_fe_keyword_filtering_vmok/static/js/async/argus-builder-strategy.a3264b45.js was preloaded using link preload but not used within a few seconds from the window's load event. Please make sure it has an appropriate `as` value and it is preloaded intentionally. @ https://www.tiktok.com/setting?lang=es:0
[  150900ms] [WARNING] The resource https://lf16-tiktok-web.tiktokcdn-us.com/obj/tiktok-web-tx/tiktok/web/pns_fe_keyword_filtering_vmok/static/js/async/lib-axios.8c284c11.js was preloaded using link preload but not used within a few seconds from the window's load event. Please make sure it has an appropriate `as` value and it is preloaded intentionally. @ https://www.tiktok.com/setting?lang=es:0
[  150900ms] [WARNING] The resource https://lf16-tiktok-web.tiktokcdn-us.com/obj/tiktok-web-tx/tiktok/web/pns_fe_keyword_filtering_vmok/static/js/lib-polyfill.2d9206bd.js was preloaded using link preload but not used within a few seconds from the window's load event. Please make sure it has an appropriate `as` value and it is preloaded intentionally. @ https://www.tiktok.com/setting?lang=es:0
[  150900ms] [WARNING] The resource https://lf16-tiktok-web.tiktokcdn-us.com/obj/tiktok-web-tx/tiktok/web/pns_fe_parental_control_vmok/static/css/async/3139.a5a9f032.css was preloaded using link preload but not used within a few seconds from the window's load event. Please make sure it has an appropriate `as` value and it is preloaded intentionally. @ https://www.tiktok.com/setting?lang=es:0
[  150900ms] [WARNING] The resource https://lf16-tiktok-web.tiktokcdn-us.com/obj/tiktok-web-tx/tiktok/web/pns_fe_parental_control_vmok/static/js/async/778.beddb8c0.js was preloaded using link preload but not used within a few seconds from the window's load event. Please make sure it has an appropriate `as` value and it is preloaded intentionally. @ https://www.tiktok.com/setting?lang=es:0
[  150900ms] [WARNING] The resource https://lf16-tiktok-web.tiktokcdn-us.com/obj/tiktok-web-tx/tiktok/web/pns_fe_parental_control_vmok/static/js/async/3139.dafaa0fc.js was preloaded using link preload but not used within a few seconds from the window's load event. Please make sure it has an appropriate `as` value and it is preloaded intentionally. @ https://www.tiktok.com/setting?lang=es:0
[  150900ms] [WARNING] The resource https://lf16-tiktok-web.tiktokcdn-us.com/obj/tiktok-web-tx/tiktok/web/pns_fe_keyword_filtering_vmok/static/css/async/126.f1acf961.css was preloaded using link preload but not used within a few seconds from the window's load event. Please make sure it has an appropriate `as` value and it is preloaded intentionally. @ https://www.tiktok.com/setting?lang=es:0
[  150900ms] [WARNING] The resource https://lf16-tiktok-web.tiktokcdn-us.com/obj/tiktok-web-tx/tiktok/web/pns_fe_parental_control_vmok/static/css/async/__federation_expose_main.abb44d39.css was preloaded using link preload but not used within a few seconds from the window's load event. Please make sure it has an appropriate `as` value and it is preloaded intentionally. @ https://www.tiktok.com/setting?lang=es:0
[  161036ms] [WARNING] The resource https://lf16-tiktok-web.tiktokcdn-us.com/obj/tiktok-web-tx/tiktok/web/pns_fe_keyword_filtering_vmok/static/js/async/126.c9a90670.js was preloaded using link preload but not used within a few seconds from the window's load event. Please make sure it has an appropriate `as` value and it is preloaded intentionally. @ https://www.tiktok.com/setting?lang=es:0
[  161036ms] [WARNING] The resource https://lf16-tiktok-web.tiktokcdn-us.com/obj/tiktok-web-tx/tiktok/web/pns_fe_parental_control_vmok/static/js/async/lib-axios.56c5f961.js was preloaded using link preload but not used within a few seconds from the window's load event. Please make sure it has an appropriate `as` value and it is preloaded intentionally. @ https://www.tiktok.com/setting?lang=es:0
[  161036ms] [WARNING] The resource https://lf16-tiktok-web.tiktokcdn-us.com/obj/tiktok-web-tx/tiktok/web/pns_fe_keyword_filtering_vmok/static/js/async/606.7a63198e.js was preloaded using link preload but not used within a few seconds from the window's load event. Please make sure it has an appropriate `as` value and it is preloaded intentionally. @ https://www.tiktok.com/setting?lang=es:0
[  161036ms] [WARNING] The resource https://lf16-tiktok-web.tiktokcdn-us.com/obj/tiktok-web-tx/tiktok/web/pns_fe_keyword_filtering_vmok/static/css/async/__federation_expose_entry_react_bridge.569a7521.css was preloaded using link preload but not used within a few seconds from the window's load event. Please make sure it has an appropriate `as` value and it is preloaded intentionally. @ https://www.tiktok.com/setting?lang=es:0
[  161036ms] [WARNING] The resource https://lf16-tiktok-web.tiktokcdn-us.com/obj/tiktok-web-tx/tiktok/web/pns_fe_keyword_filtering_vmok/static/js/async/752.8dc09088.js was preloaded using link preload but not used within a few seconds from the window's load event. Please make sure it has an appropriate `as` value and it is preloaded intentionally. @ https://www.tiktok.com/setting?lang=es:0
[  161036ms] [WARNING] The resource https://lf16-tiktok-web.tiktokcdn-us.com/obj/tiktok-web-tx/tiktok/web/pns_fe_keyword_filtering_vmok/static/js/async/async-main.25610a11.js was preloaded using link preload but not used within a few seconds from the window's load event. Please make sure it has an appropriate `as` value and it is preloaded intentionally. @ https://www.tiktok.com/setting?lang=es:0
[  161036ms] [WARNING] The resource https://lf16-tiktok-web.tiktokcdn-us.com/obj/tiktok-web-tx/tiktok/web/pns_fe_keyword_filtering_vmok/static/js/async/lib-router.46d8bbc0.js was preloaded using link preload but not used within a few seconds from the window's load event. Please make sure it has an appropriate `as` value and it is preloaded intentionally. @ https://www.tiktok.com/setting?lang=es:0
[  161036ms] [WARNING] The resource https://lf16-tiktok-web.tiktokcdn-us.com/obj/tiktok-web-tx/tiktok/web/pns_fe_keyword_filtering_vmok/static/js/async/587.eafa5f92.js was preloaded using link preload but not used within a few seconds from the window's load event. Please make sure it has an appropriate `as` value and it is preloaded intentionally. @ https://www.tiktok.com/setting?lang=es:0
[  161036ms] [WARNING] The resource https://lf16-tiktok-web.tiktokcdn-us.com/obj/tiktok-web-tx/tiktok/web/pns_fe_keyword_filtering_vmok/static/js/async/593.f09ae1b5.js was preloaded using link preload but not used within a few seconds from the window's load event. Please make sure it has an appropriate `as` value and it is preloaded intentionally. @ https://www.tiktok.com/setting?lang=es:0
[  161036ms] [WARNING] The resource https://lf16-tiktok-web.tiktokcdn-us.com/obj/tiktok-web-tx/tiktok/web/pns_fe_parental_control_vmok/static/js/lib-polyfill.5e52839d.js was preloaded using link preload but not used within a few seconds from the window's load event. Please make sure it has an appropriate `as` value and it is preloaded intentionally. @ https://www.tiktok.com/setting?lang=es:0
[  161036ms] [WARNING] The resource https://lf16-tiktok-web.tiktokcdn-us.com/obj/tiktok-web-tx/tiktok/web/pns_fe_keyword_filtering_vmok/static/js/async/273.61871fe6.js was preloaded using link preload but not used within a few seconds from the window's load event. Please make sure it has an appropriate `as` value and it is preloaded intentionally. @ https://www.tiktok.com/setting?lang=es:0
[  161036ms] [WARNING] The resource https://lf16-tiktok-web.tiktokcdn-us.com/obj/tiktok-web-tx/tiktok/web/pns_fe_parental_control_vmok/static/js/async/9678.ae39123c.js was preloaded using link preload but not used within a few seconds from the window's load event. Please make sure it has an appropriate `as` value and it is preloaded intentionally. @ https://www.tiktok.com/setting?lang=es:0
[  161036ms] [WARNING] The resource https://lf16-tiktok-web.tiktokcdn-us.com/obj/tiktok-web-tx/tiktok/web/pns_fe_parental_control_vmok/static/js/async/__federation_expose_main.1a07efe8.js was preloaded using link preload but not used within a few seconds from the window's load event. Please make sure it has an appropriate `as` value and it is preloaded intentionally. @ https://www.tiktok.com/setting?lang=es:0
[  161036ms] [WARNING] The resource https://lf16-tiktok-web.tiktokcdn-us.com/obj/tiktok-web-tx/tiktok/web/pns_fe_keyword_filtering_vmok/static/js/async/__federation_expose_entry_react_bridge.247b132d.js was preloaded using link preload but not used within a few seconds from the window's load event. Please make sure it has an appropriate `as` value and it is preloaded intentionally. @ https://www.tiktok.com/setting?lang=es:0
[  161036ms] [WARNING] The resource https://lf16-tiktok-web.tiktokcdn-us.com/obj/tiktok-web-tx/tiktok/web/pns_fe_parental_control_vmok/static/js/async/lib-router.369091d5.js was preloaded using link preload but not used within a few seconds from the window's load event. Please make sure it has an appropriate `as` value and it is preloaded intentionally. @ https://www.tiktok.com/setting?lang=es:0
[  161036ms] [WARNING] The resource https://lf16-tiktok-web.tiktokcdn-us.com/obj/tiktok-web-tx/tiktok/web/pns_fe_keyword_filtering_vmok/static/js/async/argus-builder-strategy.a3264b45.js was preloaded using link preload but not used within a few seconds from the window's load event. Please make sure it has an appropriate `as` value and it is preloaded intentionally. @ https://www.tiktok.com/setting?lang=es:0
[  161036ms] [WARNING] The resource https://lf16-tiktok-web.tiktokcdn-us.com/obj/tiktok-web-tx/tiktok/web/pns_fe_keyword_filtering_vmok/static/js/async/lib-axios.8c284c11.js was preloaded using link preload but not used within a few seconds from the window's load event. Please make sure it has an appropriate `as` value and it is preloaded intentionally. @ https://www.tiktok.com/setting?lang=es:0
[  161036ms] [WARNING] The resource https://lf16-tiktok-web.tiktokcdn-us.com/obj/tiktok-web-tx/tiktok/web/pns_fe_keyword_filtering_vmok/static/js/lib-polyfill.2d9206bd.js was preloaded using link preload but not used within a few seconds from the window's load event. Please make sure it has an appropriate `as` value and it is preloaded intentionally. @ https://www.tiktok.com/setting?lang=es:0
[  161036ms] [WARNING] The resource https://lf16-tiktok-web.tiktokcdn-us.com/obj/tiktok-web-tx/tiktok/web/pns_fe_parental_control_vmok/static/css/async/3139.a5a9f032.css was preloaded using link preload but not used within a few seconds from the window's load event. Please make sure it has an appropriate `as` value and it is preloaded intentionally. @ https://www.tiktok.com/setting?lang=es:0
[  161036ms] [WARNING] The resource https://lf16-tiktok-web.tiktokcdn-us.com/obj/tiktok-web-tx/tiktok/web/pns_fe_parental_control_vmok/static/js/async/778.beddb8c0.js was preloaded using link preload but not used within a few seconds from the window's load event. Please make sure it has an appropriate `as` value and it is preloaded intentionally. @ https://www.tiktok.com/setting?lang=es:0
[  161036ms] [WARNING] The resource https://lf16-tiktok-web.tiktokcdn-us.com/obj/tiktok-web-tx/tiktok/web/pns_fe_parental_control_vmok/static/js/async/3139.dafaa0fc.js was preloaded using link preload but not used within a few seconds from the window's load event. Please make sure it has an appropriate `as` value and it is preloaded intentionally. @ https://www.tiktok.com/setting?lang=es:0
[  161036ms] [WARNING] The resource https://lf16-tiktok-web.tiktokcdn-us.com/obj/tiktok-web-tx/tiktok/web/pns_fe_keyword_filtering_vmok/static/css/async/126.f1acf961.css was preloaded using link preload but not used within a few seconds from the window's load event. Please make sure it has an appropriate `as` value and it is preloaded intentionally. @ https://www.tiktok.com/setting?lang=es:0
[  161036ms] [WARNING] The resource https://lf16-tiktok-web.tiktokcdn-us.com/obj/tiktok-web-tx/tiktok/web/pns_fe_parental_control_vmok/static/css/async/__federation_expose_main.abb44d39.css was preloaded using link preload but not used within a few seconds from the window's load event. Please make sure it has an appropriate `as` value and it is preloaded intentionally. @ https://www.tiktok.com/setting?lang=es:0
[  171625ms] [WARNING] The resource https://lf16-tiktok-web.tiktokcdn-us.com/obj/tiktok-web-tx/tiktok/web/pns_fe_keyword_filtering_vmok/static/js/async/126.c9a90670.js was preloaded using link preload but not used within a few seconds from the window's load event. Please make sure it has an appropriate `as` value and it is preloaded intentionally. @ https://www.tiktok.com/setting?lang=es:0
[  171625ms] [WARNING] The resource https://lf16-tiktok-web.tiktokcdn-us.com/obj/tiktok-web-tx/tiktok/web/pns_fe_parental_control_vmok/static/js/async/lib-axios.56c5f961.js was preloaded using link preload but not used within a few seconds from the window's load event. Please make sure it has an appropriate `as` value and it is preloaded intentionally. @ https://www.tiktok.com/setting?lang=es:0
[  171625ms] [WARNING] The resource https://lf16-tiktok-web.tiktokcdn-us.com/obj/tiktok-web-tx/tiktok/web/pns_fe_keyword_filtering_vmok/static/js/async/606.7a63198e.js was preloaded using link preload but not used within a few seconds from the window's load event. Please make sure it has an appropriate `as` value and it is preloaded intentionally. @ https://www.tiktok.com/setting?lang=es:0
[  171625ms] [WARNING] The resource https://lf16-tiktok-web.tiktokcdn-us.com/obj/tiktok-web-tx/tiktok/web/pns_fe_keyword_filtering_vmok/static/css/async/__federation_expose_entry_react_bridge.569a7521.css was preloaded using link preload but not used within a few seconds from the window's load event. Please make sure it has an appropriate `as` value and it is preloaded intentionally. @ https://www.tiktok.com/setting?lang=es:0
[  171625ms] [WARNING] The resource https://lf16-tiktok-web.tiktokcdn-us.com/obj/tiktok-web-tx/tiktok/web/pns_fe_keyword_filtering_vmok/static/js/async/752.8dc09088.js was preloaded using link preload but not used within a few seconds from the window's load event. Please make sure it has an appropriate `as` value and it is preloaded intentionally. @ https://www.tiktok.com/setting?lang=es:0
[  171625ms] [WARNING] The resource https://lf16-tiktok-web.tiktokcdn-us.com/obj/tiktok-web-tx/tiktok/web/pns_fe_keyword_filtering_vmok/static/js/async/async-main.25610a11.js was preloaded using link preload but not used within a few seconds from the window's load event. Please make sure it has an appropriate `as` value and it is preloaded intentionally. @ https://www.tiktok.com/setting?lang=es:0
[  171625ms] [WARNING] The resource https://lf16-tiktok-web.tiktokcdn-us.com/obj/tiktok-web-tx/tiktok/web/pns_fe_keyword_filtering_vmok/static/js/async/lib-router.46d8bbc0.js was preloaded using link preload but not used within a few seconds from the window's load event. Please make sure it has an appropriate `as` value and it is preloaded intentionally. @ https://www.tiktok.com/setting?lang=es:0
[  171625ms] [WARNING] The resource https://lf16-tiktok-web.tiktokcdn-us.com/obj/tiktok-web-tx/tiktok/web/pns_fe_keyword_filtering_vmok/static/js/async/587.eafa5f92.js was preloaded using link preload but not used within a few seconds from the window's load event. Please make sure it has an appropriate `as` value and it is preloaded intentionally. @ https://www.tiktok.com/setting?lang=es:0
[  171625ms] [WARNING] The resource https://lf16-tiktok-web.tiktokcdn-us.com/obj/tiktok-web-tx/tiktok/web/pns_fe_keyword_filtering_vmok/static/js/async/593.f09ae1b5.js was preloaded using link preload but not used within a few seconds from the window's load event. Please make sure it has an appropriate `as` value and it is preloaded intentionally. @ https://www.tiktok.com/setting?lang=es:0
[  171625ms] [WARNING] The resource https://lf16-tiktok-web.tiktokcdn-us.com/obj/tiktok-web-tx/tiktok/web/pns_fe_parental_control_vmok/static/js/lib-polyfill.5e52839d.js was preloaded using link preload but not used within a few seconds from the window's load event. Please make sure it has an appropriate `as` value and it is preloaded intentionally. @ https://www.tiktok.com/setting?lang=es:0
[  171625ms] [WARNING] The resource https://lf16-tiktok-web.tiktokcdn-us.com/obj/tiktok-web-tx/tiktok/web/pns_fe_keyword_filtering_vmok/static/js/async/273.61871fe6.js was preloaded using link preload but not used within a few seconds from the window's load event. Please make sure it has an appropriate `as` value and it is preloaded intentionally. @ https://www.tiktok.com/setting?lang=es:0
[  171625ms] [WARNING] The resource https://lf16-tiktok-web.tiktokcdn-us.com/obj/tiktok-web-tx/tiktok/web/pns_fe_parental_control_vmok/static/js/async/9678.ae39123c.js was preloaded using link preload but not used within a few seconds from the window's load event. Please make sure it has an appropriate `as` value and it is preloaded intentionally. @ https://www.tiktok.com/setting?lang=es:0
[  171625ms] [WARNING] The resource https://lf16-tiktok-web.tiktokcdn-us.com/obj/tiktok-web-tx/tiktok/web/pns_fe_parental_control_vmok/static/js/async/__federation_expose_main.1a07efe8.js was preloaded using link preload but not used within a few seconds from the window's load event. Please make sure it has an appropriate `as` value and it is preloaded intentionally. @ https://www.tiktok.com/setting?lang=es:0
[  171625ms] [WARNING] The resource https://lf16-tiktok-web.tiktokcdn-us.com/obj/tiktok-web-tx/tiktok/web/pns_fe_keyword_filtering_vmok/static/js/async/__federation_expose_entry_react_bridge.247b132d.js was preloaded using link preload but not used within a few seconds from the window's load event. Please make sure it has an appropriate `as` value and it is preloaded intentionally. @ https://www.tiktok.com/setting?lang=es:0
[  171625ms] [WARNING] The resource https://lf16-tiktok-web.tiktokcdn-us.com/obj/tiktok-web-tx/tiktok/web/pns_fe_parental_control_vmok/static/js/async/lib-router.369091d5.js was preloaded using link preload but not used within a few seconds from the window's load event. Please make sure it has an appropriate `as` value and it is preloaded intentionally. @ https://www.tiktok.com/setting?lang=es:0
[  171625ms] [WARNING] The resource https://lf16-tiktok-web.tiktokcdn-us.com/obj/tiktok-web-tx/tiktok/web/pns_fe_keyword_filtering_vmok/static/js/async/argus-builder-strategy.a3264b45.js was preloaded using link preload but not used within a few seconds from the window's load event. Please make sure it has an appropriate `as` value and it is preloaded intentionally. @ https://www.tiktok.com/setting?lang=es:0
[  171625ms] [WARNING] The resource https://lf16-tiktok-web.tiktokcdn-us.com/obj/tiktok-web-tx/tiktok/web/pns_fe_keyword_filtering_vmok/static/js/async/lib-axios.8c284c11.js was preloaded using link preload but not used within a few seconds from the window's load event. Please make sure it has an appropriate `as` value and it is preloaded intentionally. @ https://www.tiktok.com/setting?lang=es:0
[  171625ms] [WARNING] The resource https://lf16-tiktok-web.tiktokcdn-us.com/obj/tiktok-web-tx/tiktok/web/pns_fe_keyword_filtering_vmok/static/js/lib-polyfill.2d9206bd.js was preloaded using link preload but not used within a few seconds from the window's load event. Please make sure it has an appropriate `as` value and it is preloaded intentionally. @ https://www.tiktok.com/setting?lang=es:0
[  171625ms] [WARNING] The resource https://lf16-tiktok-web.tiktokcdn-us.com/obj/tiktok-web-tx/tiktok/web/pns_fe_parental_control_vmok/static/css/async/3139.a5a9f032.css was preloaded using link preload but not used within a few seconds from the window's load event. Please make sure it has an appropriate `as` value and it is preloaded intentionally. @ https://www.tiktok.com/setting?lang=es:0
[  171625ms] [WARNING] The resource https://lf16-tiktok-web.tiktokcdn-us.com/obj/tiktok-web-tx/tiktok/web/pns_fe_parental_control_vmok/static/js/async/778.beddb8c0.js was preloaded using link preload but not used within a few seconds from the window's load event. Please make sure it has an appropriate `as` value and it is preloaded intentionally. @ https://www.tiktok.com/setting?lang=es:0
[  171625ms] [WARNING] The resource https://lf16-tiktok-web.tiktokcdn-us.com/obj/tiktok-web-tx/tiktok/web/pns_fe_parental_control_vmok/static/js/async/3139.dafaa0fc.js was preloaded using link preload but not used within a few seconds from the window's load event. Please make sure it has an appropriate `as` value and it is preloaded intentionally. @ https://www.tiktok.com/setting?lang=es:0
[  171625ms] [WARNING] The resource https://lf16-tiktok-web.tiktokcdn-us.com/obj/tiktok-web-tx/tiktok/web/pns_fe_keyword_filtering_vmok/static/css/async/126.f1acf961.css was preloaded using link preload but not used within a few seconds from the window's load event. Please make sure it has an appropriate `as` value and it is preloaded intentionally. @ https://www.tiktok.com/setting?lang=es:0
[  171625ms] [WARNING] The resource https://lf16-tiktok-web.tiktokcdn-us.com/obj/tiktok-web-tx/tiktok/web/pns_fe_parental_control_vmok/static/css/async/__federation_expose_main.abb44d39.css was preloaded using link preload but not used within a few seconds from the window's load event. Please make sure it has an appropriate `as` value and it is preloaded intentionally. @ https://www.tiktok.com/setting?lang=es:0
[  181943ms] [WARNING] The resource https://lf16-tiktok-web.tiktokcdn-us.com/obj/tiktok-web-tx/tiktok/web/pns_fe_keyword_filtering_vmok/static/js/async/126.c9a90670.js was preloaded using link preload but not used within a few seconds from the window's load event. Please make sure it has an appropriate `as` value and it is preloaded intentionally. @ https://www.tiktok.com/setting?lang=es:0
[  181943ms] [WARNING] The resource https://lf16-tiktok-web.tiktokcdn-us.com/obj/tiktok-web-tx/tiktok/web/pns_fe_parental_control_vmok/static/js/async/lib-axios.56c5f961.js was preloaded using link preload but not used within a few seconds from the window's load event. Please make sure it has an appropriate `as` value and it is preloaded intentionally. @ https://www.tiktok.com/setting?lang=es:0
[  181943ms] [WARNING] The resource https://lf16-tiktok-web.tiktokcdn-us.com/obj/tiktok-web-tx/tiktok/web/pns_fe_keyword_filtering_vmok/static/js/async/606.7a63198e.js was preloaded using link preload but not used within a few seconds from the window's load event. Please make sure it has an appropriate `as` value and it is preloaded intentionally. @ https://www.tiktok.com/setting?lang=es:0
[  181943ms] [WARNING] The resource https://lf16-tiktok-web.tiktokcdn-us.com/obj/tiktok-web-tx/tiktok/web/pns_fe_keyword_filtering_vmok/static/css/async/__federation_expose_entry_react_bridge.569a7521.css was preloaded using link preload but not used within a few seconds from the window's load event. Please make sure it has an appropriate `as` value and it is preloaded intentionally. @ https://www.tiktok.com/setting?lang=es:0
[  181943ms] [WARNING] The resource https://lf16-tiktok-web.tiktokcdn-us.com/obj/tiktok-web-tx/tiktok/web/pns_fe_keyword_filtering_vmok/static/js/async/752.8dc09088.js was preloaded using link preload but not used within a few seconds from the window's load event. Please make sure it has an appropriate `as` value and it is preloaded intentionally. @ https://www.tiktok.com/setting?lang=es:0
[  181943ms] [WARNING] The resource https://lf16-tiktok-web.tiktokcdn-us.com/obj/tiktok-web-tx/tiktok/web/pns_fe_keyword_filtering_vmok/static/js/async/async-main.25610a11.js was preloaded using link preload but not used within a few seconds from the window's load event. Please make sure it has an appropriate `as` value and it is preloaded intentionally. @ https://www.tiktok.com/setting?lang=es:0
[  181943ms] [WARNING] The resource https://lf16-tiktok-web.tiktokcdn-us.com/obj/tiktok-web-tx/tiktok/web/pns_fe_keyword_filtering_vmok/static/js/async/lib-router.46d8bbc0.js was preloaded using link preload but not used within a few seconds from the window's load event. Please make sure it has an appropriate `as` value and it is preloaded intentionally. @ https://www.tiktok.com/setting?lang=es:0
[  181943ms] [WARNING] The resource https://lf16-tiktok-web.tiktokcdn-us.com/obj/tiktok-web-tx/tiktok/web/pns_fe_keyword_filtering_vmok/static/js/async/587.eafa5f92.js was preloaded using link preload but not used within a few seconds from the window's load event. Please make sure it has an appropriate `as` value and it is preloaded intentionally. @ https://www.tiktok.com/setting?lang=es:0
[  181943ms] [WARNING] The resource https://lf16-tiktok-web.tiktokcdn-us.com/obj/tiktok-web-tx/tiktok/web/pns_fe_keyword_filtering_vmok/static/js/async/593.f09ae1b5.js was preloaded using link preload but not used within a few seconds from the window's load event. Please make sure it has an appropriate `as` value and it is preloaded intentionally. @ https://www.tiktok.com/setting?lang=es:0
[  181943ms] [WARNING] The resource https://lf16-tiktok-web.tiktokcdn-us.com/obj/tiktok-web-tx/tiktok/web/pns_fe_parental_control_vmok/static/js/lib-polyfill.5e52839d.js was preloaded using link preload but not used within a few seconds from the window's load event. Please make sure it has an appropriate `as` value and it is preloaded intentionally. @ https://www.tiktok.com/setting?lang=es:0
[  181943ms] [WARNING] The resource https://lf16-tiktok-web.tiktokcdn-us.com/obj/tiktok-web-tx/tiktok/web/pns_fe_keyword_filtering_vmok/static/js/async/273.61871fe6.js was preloaded using link preload but not used within a few seconds from the window's load event. Please make sure it has an appropriate `as` value and it is preloaded intentionally. @ https://www.tiktok.com/setting?lang=es:0
[  181943ms] [WARNING] The resource https://lf16-tiktok-web.tiktokcdn-us.com/obj/tiktok-web-tx/tiktok/web/pns_fe_parental_control_vmok/static/js/async/9678.ae39123c.js was preloaded using link preload but not used within a few seconds from the window's load event. Please make sure it has an appropriate `as` value and it is preloaded intentionally. @ https://www.tiktok.com/setting?lang=es:0
[  181943ms] [WARNING] The resource https://lf16-tiktok-web.tiktokcdn-us.com/obj/tiktok-web-tx/tiktok/web/pns_fe_parental_control_vmok/static/js/async/__federation_expose_main.1a07efe8.js was preloaded using link preload but not used within a few seconds from the window's load event. Please make sure it has an appropriate `as` value and it is preloaded intentionally. @ https://www.tiktok.com/setting?lang=es:0
[  181943ms] [WARNING] The resource https://lf16-tiktok-web.tiktokcdn-us.com/obj/tiktok-web-tx/tiktok/web/pns_fe_keyword_filtering_vmok/static/js/async/__federation_expose_entry_react_bridge.247b132d.js was preloaded using link preload but not used within a few seconds from the window's load event. Please make sure it has an appropriate `as` value and it is preloaded intentionally. @ https://www.tiktok.com/setting?lang=es:0
[  181943ms] [WARNING] The resource https://lf16-tiktok-web.tiktokcdn-us.com/obj/tiktok-web-tx/tiktok/web/pns_fe_parental_control_vmok/static/js/async/lib-router.369091d5.js was preloaded using link preload but not used within a few seconds from the window's load event. Please make sure it has an appropriate `as` value and it is preloaded intentionally. @ https://www.tiktok.com/setting?lang=es:0
[  181943ms] [WARNING] The resource https://lf16-tiktok-web.tiktokcdn-us.com/obj/tiktok-web-tx/tiktok/web/pns_fe_keyword_filtering_vmok/static/js/async/argus-builder-strategy.a3264b45.js was preloaded using link preload but not used within a few seconds from the window's load event. Please make sure it has an appropriate `as` value and it is preloaded intentionally. @ https://www.tiktok.com/setting?lang=es:0
[  181943ms] [WARNING] The resource https://lf16-tiktok-web.tiktokcdn-us.com/obj/tiktok-web-tx/tiktok/web/pns_fe_keyword_filtering_vmok/static/js/async/lib-axios.8c284c11.js was preloaded using link preload but not used within a few seconds from the window's load event. Please make sure it has an appropriate `as` value and it is preloaded intentionally. @ https://www.tiktok.com/setting?lang=es:0
[  181943ms] [WARNING] The resource https://lf16-tiktok-web.tiktokcdn-us.com/obj/tiktok-web-tx/tiktok/web/pns_fe_keyword_filtering_vmok/static/js/lib-polyfill.2d9206bd.js was preloaded using link preload but not used within a few seconds from the window's load event. Please make sure it has an appropriate `as` value and it is preloaded intentionally. @ https://www.tiktok.com/setting?lang=es:0
[  181943ms] [WARNING] The resource https://lf16-tiktok-web.tiktokcdn-us.com/obj/tiktok-web-tx/tiktok/web/pns_fe_parental_control_vmok/static/css/async/3139.a5a9f032.css was preloaded using link preload but not used within a few seconds from the window's load event. Please make sure it has an appropriate `as` value and it is preloaded intentionally. @ https://www.tiktok.com/setting?lang=es:0
[  181943ms] [WARNING] The resource https://lf16-tiktok-web.tiktokcdn-us.com/obj/tiktok-web-tx/tiktok/web/pns_fe_parental_control_vmok/static/js/async/778.beddb8c0.js was preloaded using link preload but not used within a few seconds from the window's load event. Please make sure it has an appropriate `as` value and it is preloaded intentionally. @ https://www.tiktok.com/setting?lang=es:0
[  181943ms] [WARNING] The resource https://lf16-tiktok-web.tiktokcdn-us.com/obj/tiktok-web-tx/tiktok/web/pns_fe_parental_control_vmok/static/js/async/3139.dafaa0fc.js was preloaded using link preload but not used within a few seconds from the window's load event. Please make sure it has an appropriate `as` value and it is preloaded intentionally. @ https://www.tiktok.com/setting?lang=es:0
[  181943ms] [WARNING] The resource https://lf16-tiktok-web.tiktokcdn-us.com/obj/tiktok-web-tx/tiktok/web/pns_fe_keyword_filtering_vmok/static/css/async/126.f1acf961.css was preloaded using link preload but not used within a few seconds from the window's load event. Please make sure it has an appropriate `as` value and it is preloaded intentionally. @ https://www.tiktok.com/setting?lang=es:0
[  181943ms] [WARNING] The resource https://lf16-tiktok-web.tiktokcdn-us.com/obj/tiktok-web-tx/tiktok/web/pns_fe_parental_control_vmok/static/css/async/__federation_expose_main.abb44d39.css was preloaded using link preload but not used within a few seconds from the window's load event. Please make sure it has an appropriate `as` value and it is preloaded intentionally. @ https://www.tiktok.com/setting?lang=es:0
[  185759ms] [WARNING] The resource https://lf16-tiktok-web.tiktokcdn-us.com/obj/tiktok-web-tx/tiktok/web/pns_fe_keyword_filtering_vmok/static/js/async/126.c9a90670.js was preloaded using link preload but not used within a few seconds from the window's load event. Please make sure it has an appropriate `as` value and it is preloaded intentionally. @ https://www.tiktok.com/setting?lang=es:0
[  185759ms] [WARNING] The resource https://lf16-tiktok-web.tiktokcdn-us.com/obj/tiktok-web-tx/tiktok/web/pns_fe_parental_control_vmok/static/js/async/lib-axios.56c5f961.js was preloaded using link preload but not used within a few seconds from the window's load event. Please make sure it has an appropriate `as` value and it is preloaded intentionally. @ https://www.tiktok.com/setting?lang=es:0
[  185759ms] [WARNING] The resource https://lf16-tiktok-web.tiktokcdn-us.com/obj/tiktok-web-tx/tiktok/web/pns_fe_keyword_filtering_vmok/static/js/async/606.7a63198e.js was preloaded using link preload but not used within a few seconds from the window's load event. Please make sure it has an appropriate `as` value and it is preloaded intentionally. @ https://www.tiktok.com/setting?lang=es:0
[  185759ms] [WARNING] The resource https://lf16-tiktok-web.tiktokcdn-us.com/obj/tiktok-web-tx/tiktok/web/pns_fe_keyword_filtering_vmok/static/css/async/__federation_expose_entry_react_bridge.569a7521.css was preloaded using link preload but not used within a few seconds from the window's load event. Please make sure it has an appropriate `as` value and it is preloaded intentionally. @ https://www.tiktok.com/setting?lang=es:0
[  185759ms] [WARNING] The resource https://lf16-tiktok-web.tiktokcdn-us.com/obj/tiktok-web-tx/tiktok/web/pns_fe_keyword_filtering_vmok/static/js/async/752.8dc09088.js was preloaded using link preload but not used within a few seconds from the window's load event. Please make sure it has an appropriate `as` value and it is preloaded intentionally. @ https://www.tiktok.com/setting?lang=es:0
[  185759ms] [WARNING] The resource https://lf16-tiktok-web.tiktokcdn-us.com/obj/tiktok-web-tx/tiktok/web/pns_fe_keyword_filtering_vmok/static/js/async/async-main.25610a11.js was preloaded using link preload but not used within a few seconds from the window's load event. Please make sure it has an appropriate `as` value and it is preloaded intentionally. @ https://www.tiktok.com/setting?lang=es:0
[  185759ms] [WARNING] The resource https://lf16-tiktok-web.tiktokcdn-us.com/obj/tiktok-web-tx/tiktok/web/pns_fe_keyword_filtering_vmok/static/js/async/lib-router.46d8bbc0.js was preloaded using link preload but not used within a few seconds from the window's load event. Please make sure it has an appropriate `as` value and it is preloaded intentionally. @ https://www.tiktok.com/setting?lang=es:0
[  185759ms] [WARNING] The resource https://lf16-tiktok-web.tiktokcdn-us.com/obj/tiktok-web-tx/tiktok/web/pns_fe_keyword_filtering_vmok/static/js/async/587.eafa5f92.js was preloaded using link preload but not used within a few seconds from the window's load event. Please make sure it has an appropriate `as` value and it is preloaded intentionally. @ https://www.tiktok.com/setting?lang=es:0
[  185759ms] [WARNING] The resource https://lf16-tiktok-web.tiktokcdn-us.com/obj/tiktok-web-tx/tiktok/web/pns_fe_keyword_filtering_vmok/static/js/async/593.f09ae1b5.js was preloaded using link preload but not used within a few seconds from the window's load event. Please make sure it has an appropriate `as` value and it is preloaded intentionally. @ https://www.tiktok.com/setting?lang=es:0
[  185759ms] [WARNING] The resource https://lf16-tiktok-web.tiktokcdn-us.com/obj/tiktok-web-tx/tiktok/web/pns_fe_parental_control_vmok/static/js/lib-polyfill.5e52839d.js was preloaded using link preload but not used within a few seconds from the window's load event. Please make sure it has an appropriate `as` value and it is preloaded intentionally. @ https://www.tiktok.com/setting?lang=es:0
[  185759ms] [WARNING] The resource https://lf16-tiktok-web.tiktokcdn-us.com/obj/tiktok-web-tx/tiktok/web/pns_fe_keyword_filtering_vmok/static/js/async/273.61871fe6.js was preloaded using link preload but not used within a few seconds from the window's load event. Please make sure it has an appropriate `as` value and it is preloaded intentionally. @ https://www.tiktok.com/setting?lang=es:0
[  185759ms] [WARNING] The resource https://lf16-tiktok-web.tiktokcdn-us.com/obj/tiktok-web-tx/tiktok/web/pns_fe_parental_control_vmok/static/js/async/9678.ae39123c.js was preloaded using link preload but not used within a few seconds from the window's load event. Please make sure it has an appropriate `as` value and it is preloaded intentionally. @ https://www.tiktok.com/setting?lang=es:0
[  185759ms] [WARNING] The resource https://lf16-tiktok-web.tiktokcdn-us.com/obj/tiktok-web-tx/tiktok/web/pns_fe_parental_control_vmok/static/js/async/__federation_expose_main.1a07efe8.js was preloaded using link preload but not used within a few seconds from the window's load event. Please make sure it has an appropriate `as` value and it is preloaded intentionally. @ https://www.tiktok.com/setting?lang=es:0
[  185759ms] [WARNING] The resource https://lf16-tiktok-web.tiktokcdn-us.com/obj/tiktok-web-tx/tiktok/web/pns_fe_keyword_filtering_vmok/static/js/async/__federation_expose_entry_react_bridge.247b132d.js was preloaded using link preload but not used within a few seconds from the window's load event. Please make sure it has an appropriate `as` value and it is preloaded intentionally. @ https://www.tiktok.com/setting?lang=es:0
[  185759ms] [WARNING] The resource https://lf16-tiktok-web.tiktokcdn-us.com/obj/tiktok-web-tx/tiktok/web/pns_fe_parental_control_vmok/static/js/async/lib-router.369091d5.js was preloaded using link preload but not used within a few seconds from the window's load event. Please make sure it has an appropriate `as` value and it is preloaded intentionally. @ https://www.tiktok.com/setting?lang=es:0
[  185759ms] [WARNING] The resource https://lf16-tiktok-web.tiktokcdn-us.com/obj/tiktok-web-tx/tiktok/web/pns_fe_keyword_filtering_vmok/static/js/async/argus-builder-strategy.a3264b45.js was preloaded using link preload but not used within a few seconds from the window's load event. Please make sure it has an appropriate `as` value and it is preloaded intentionally. @ https://www.tiktok.com/setting?lang=es:0
[  185759ms] [WARNING] The resource https://lf16-tiktok-web.tiktokcdn-us.com/obj/tiktok-web-tx/tiktok/web/pns_fe_keyword_filtering_vmok/static/js/async/lib-axios.8c284c11.js was preloaded using link preload but not used within a few seconds from the window's load event. Please make sure it has an appropriate `as` value and it is preloaded intentionally. @ https://www.tiktok.com/setting?lang=es:0
[  185759ms] [WARNING] The resource https://lf16-tiktok-web.tiktokcdn-us.com/obj/tiktok-web-tx/tiktok/web/pns_fe_keyword_filtering_vmok/static/js/lib-polyfill.2d9206bd.js was preloaded using link preload but not used within a few seconds from the window's load event. Please make sure it has an appropriate `as` value and it is preloaded intentionally. @ https://www.tiktok.com/setting?lang=es:0
[  185759ms] [WARNING] The resource https://lf16-tiktok-web.tiktokcdn-us.com/obj/tiktok-web-tx/tiktok/web/pns_fe_parental_control_vmok/static/css/async/3139.a5a9f032.css was preloaded using link preload but not used within a few seconds from the window's load event. Please make sure it has an appropriate `as` value and it is preloaded intentionally. @ https://www.tiktok.com/setting?lang=es:0
[  185759ms] [WARNING] The resource https://lf16-tiktok-web.tiktokcdn-us.com/obj/tiktok-web-tx/tiktok/web/pns_fe_parental_control_vmok/static/js/async/778.beddb8c0.js was preloaded using link preload but not used within a few seconds from the window's load event. Please make sure it has an appropriate `as` value and it is preloaded intentionally. @ https://www.tiktok.com/setting?lang=es:0
[  185759ms] [WARNING] The resource https://lf16-tiktok-web.tiktokcdn-us.com/obj/tiktok-web-tx/tiktok/web/pns_fe_parental_control_vmok/static/js/async/3139.dafaa0fc.js was preloaded using link preload but not used within a few seconds from the window's load event. Please make sure it has an appropriate `as` value and it is preloaded intentionally. @ https://www.tiktok.com/setting?lang=es:0
[  185759ms] [WARNING] The resource https://lf16-tiktok-web.tiktokcdn-us.com/obj/tiktok-web-tx/tiktok/web/pns_fe_keyword_filtering_vmok/static/css/async/126.f1acf961.css was preloaded using link preload but not used within a few seconds from the window's load event. Please make sure it has an appropriate `as` value and it is preloaded intentionally. @ https://www.tiktok.com/setting?lang=es:0
[  185759ms] [WARNING] The resource https://lf16-tiktok-web.tiktokcdn-us.com/obj/tiktok-web-tx/tiktok/web/pns_fe_parental_control_vmok/static/css/async/__federation_expose_main.abb44d39.css was preloaded using link preload but not used within a few seconds from the window's load event. Please make sure it has an appropriate `as` value and it is preloaded intentionally. @ https://www.tiktok.com/setting?lang=es:0
[  191607ms] [WARNING] The resource https://lf16-tiktok-web.tiktokcdn-us.com/obj/tiktok-web-tx/tiktok/web/pns_fe_keyword_filtering_vmok/static/js/async/126.c9a90670.js was preloaded using link preload but not used within a few seconds from the window's load event. Please make sure it has an appropriate `as` value and it is preloaded intentionally. @ https://www.tiktok.com/setting?lang=es:0
[  191607ms] [WARNING] The resource https://lf16-tiktok-web.tiktokcdn-us.com/obj/tiktok-web-tx/tiktok/web/pns_fe_parental_control_vmok/static/js/async/lib-axios.56c5f961.js was preloaded using link preload but not used within a few seconds from the window's load event. Please make sure it has an appropriate `as` value and it is preloaded intentionally. @ https://www.tiktok.com/setting?lang=es:0
[  191607ms] [WARNING] The resource https://lf16-tiktok-web.tiktokcdn-us.com/obj/tiktok-web-tx/tiktok/web/pns_fe_keyword_filtering_vmok/static/js/async/606.7a63198e.js was preloaded using link preload but not used within a few seconds from the window's load event. Please make sure it has an appropriate `as` value and it is preloaded intentionally. @ https://www.tiktok.com/setting?lang=es:0
[  191607ms] [WARNING] The resource https://lf16-tiktok-web.tiktokcdn-us.com/obj/tiktok-web-tx/tiktok/web/pns_fe_keyword_filtering_vmok/static/css/async/__federation_expose_entry_react_bridge.569a7521.css was preloaded using link preload but not used within a few seconds from the window's load event. Please make sure it has an appropriate `as` value and it is preloaded intentionally. @ https://www.tiktok.com/setting?lang=es:0
[  191607ms] [WARNING] The resource https://lf16-tiktok-web.tiktokcdn-us.com/obj/tiktok-web-tx/tiktok/web/pns_fe_keyword_filtering_vmok/static/js/async/752.8dc09088.js was preloaded using link preload but not used within a few seconds from the window's load event. Please make sure it has an appropriate `as` value and it is preloaded intentionally. @ https://www.tiktok.com/setting?lang=es:0
[  191607ms] [WARNING] The resource https://lf16-tiktok-web.tiktokcdn-us.com/obj/tiktok-web-tx/tiktok/web/pns_fe_keyword_filtering_vmok/static/js/async/async-main.25610a11.js was preloaded using link preload but not used within a few seconds from the window's load event. Please make sure it has an appropriate `as` value and it is preloaded intentionally. @ https://www.tiktok.com/setting?lang=es:0
[  191607ms] [WARNING] The resource https://lf16-tiktok-web.tiktokcdn-us.com/obj/tiktok-web-tx/tiktok/web/pns_fe_keyword_filtering_vmok/static/js/async/lib-router.46d8bbc0.js was preloaded using link preload but not used within a few seconds from the window's load event. Please make sure it has an appropriate `as` value and it is preloaded intentionally. @ https://www.tiktok.com/setting?lang=es:0
[  191607ms] [WARNING] The resource https://lf16-tiktok-web.tiktokcdn-us.com/obj/tiktok-web-tx/tiktok/web/pns_fe_keyword_filtering_vmok/static/js/async/587.eafa5f92.js was preloaded using link preload but not used within a few seconds from the window's load event. Please make sure it has an appropriate `as` value and it is preloaded intentionally. @ https://www.tiktok.com/setting?lang=es:0
[  191607ms] [WARNING] The resource https://lf16-tiktok-web.tiktokcdn-us.com/obj/tiktok-web-tx/tiktok/web/pns_fe_keyword_filtering_vmok/static/js/async/593.f09ae1b5.js was preloaded using link preload but not used within a few seconds from the window's load event. Please make sure it has an appropriate `as` value and it is preloaded intentionally. @ https://www.tiktok.com/setting?lang=es:0
[  191607ms] [WARNING] The resource https://lf16-tiktok-web.tiktokcdn-us.com/obj/tiktok-web-tx/tiktok/web/pns_fe_parental_control_vmok/static/js/lib-polyfill.5e52839d.js was preloaded using link preload but not used within a few seconds from the window's load event. Please make sure it has an appropriate `as` value and it is preloaded intentionally. @ https://www.tiktok.com/setting?lang=es:0
[  191607ms] [WARNING] The resource https://lf16-tiktok-web.tiktokcdn-us.com/obj/tiktok-web-tx/tiktok/web/pns_fe_keyword_filtering_vmok/static/js/async/273.61871fe6.js was preloaded using link preload but not used within a few seconds from the window's load event. Please make sure it has an appropriate `as` value and it is preloaded intentionally. @ https://www.tiktok.com/setting?lang=es:0
[  191607ms] [WARNING] The resource https://lf16-tiktok-web.tiktokcdn-us.com/obj/tiktok-web-tx/tiktok/web/pns_fe_parental_control_vmok/static/js/async/9678.ae39123c.js was preloaded using link preload but not used within a few seconds from the window's load event. Please make sure it has an appropriate `as` value and it is preloaded intentionally. @ https://www.tiktok.com/setting?lang=es:0
[  191607ms] [WARNING] The resource https://lf16-tiktok-web.tiktokcdn-us.com/obj/tiktok-web-tx/tiktok/web/pns_fe_parental_control_vmok/static/js/async/__federation_expose_main.1a07efe8.js was preloaded using link preload but not used within a few seconds from the window's load event. Please make sure it has an appropriate `as` value and it is preloaded intentionally. @ https://www.tiktok.com/setting?lang=es:0
[  191607ms] [WARNING] The resource https://lf16-tiktok-web.tiktokcdn-us.com/obj/tiktok-web-tx/tiktok/web/pns_fe_keyword_filtering_vmok/static/js/async/__federation_expose_entry_react_bridge.247b132d.js was preloaded using link preload but not used within a few seconds from the window's load event. Please make sure it has an appropriate `as` value and it is preloaded intentionally. @ https://www.tiktok.com/setting?lang=es:0
[  191607ms] [WARNING] The resource https://lf16-tiktok-web.tiktokcdn-us.com/obj/tiktok-web-tx/tiktok/web/pns_fe_parental_control_vmok/static/js/async/lib-router.369091d5.js was preloaded using link preload but not used within a few seconds from the window's load event. Please make sure it has an appropriate `as` value and it is preloaded intentionally. @ https://www.tiktok.com/setting?lang=es:0
[  191607ms] [WARNING] The resource https://lf16-tiktok-web.tiktokcdn-us.com/obj/tiktok-web-tx/tiktok/web/pns_fe_keyword_filtering_vmok/static/js/async/argus-builder-strategy.a3264b45.js was preloaded using link preload but not used within a few seconds from the window's load event. Please make sure it has an appropriate `as` value and it is preloaded intentionally. @ https://www.tiktok.com/setting?lang=es:0
[  191607ms] [WARNING] The resource https://lf16-tiktok-web.tiktokcdn-us.com/obj/tiktok-web-tx/tiktok/web/pns_fe_keyword_filtering_vmok/static/js/async/lib-axios.8c284c11.js was preloaded using link preload but not used within a few seconds from the window's load event. Please make sure it has an appropriate `as` value and it is preloaded intentionally. @ https://www.tiktok.com/setting?lang=es:0
[  191607ms] [WARNING] The resource https://lf16-tiktok-web.tiktokcdn-us.com/obj/tiktok-web-tx/tiktok/web/pns_fe_keyword_filtering_vmok/static/js/lib-polyfill.2d9206bd.js was preloaded using link preload but not used within a few seconds from the window's load event. Please make sure it has an appropriate `as` value and it is preloaded intentionally. @ https://www.tiktok.com/setting?lang=es:0
[  191607ms] [WARNING] The resource https://lf16-tiktok-web.tiktokcdn-us.com/obj/tiktok-web-tx/tiktok/web/pns_fe_parental_control_vmok/static/css/async/3139.a5a9f032.css was preloaded using link preload but not used within a few seconds from the window's load event. Please make sure it has an appropriate `as` value and it is preloaded intentionally. @ https://www.tiktok.com/setting?lang=es:0
[  191607ms] [WARNING] The resource https://lf16-tiktok-web.tiktokcdn-us.com/obj/tiktok-web-tx/tiktok/web/pns_fe_parental_control_vmok/static/js/async/778.beddb8c0.js was preloaded using link preload but not used within a few seconds from the window's load event. Please make sure it has an appropriate `as` value and it is preloaded intentionally. @ https://www.tiktok.com/setting?lang=es:0
[  191607ms] [WARNING] The resource https://lf16-tiktok-web.tiktokcdn-us.com/obj/tiktok-web-tx/tiktok/web/pns_fe_parental_control_vmok/static/js/async/3139.dafaa0fc.js was preloaded using link preload but not used within a few seconds from the window's load event. Please make sure it has an appropriate `as` value and it is preloaded intentionally. @ https://www.tiktok.com/setting?lang=es:0
[  191607ms] [WARNING] The resource https://lf16-tiktok-web.tiktokcdn-us.com/obj/tiktok-web-tx/tiktok/web/pns_fe_keyword_filtering_vmok/static/css/async/126.f1acf961.css was preloaded using link preload but not used within a few seconds from the window's load event. Please make sure it has an appropriate `as` value and it is preloaded intentionally. @ https://www.tiktok.com/setting?lang=es:0
[  191607ms] [WARNING] The resource https://lf16-tiktok-web.tiktokcdn-us.com/obj/tiktok-web-tx/tiktok/web/pns_fe_parental_control_vmok/static/css/async/__federation_expose_main.abb44d39.css was preloaded using link preload but not used within a few seconds from the window's load event. Please make sure it has an appropriate `as` value and it is preloaded intentionally. @ https://www.tiktok.com/setting?lang=es:0
[  201973ms] [WARNING] The resource https://lf16-tiktok-web.tiktokcdn-us.com/obj/tiktok-web-tx/tiktok/web/pns_fe_keyword_filtering_vmok/static/js/async/126.c9a90670.js was preloaded using link preload but not used within a few seconds from the window's load event. Please make sure it has an appropriate `as` value and it is preloaded intentionally. @ https://www.tiktok.com/setting?lang=es:0
[  201974ms] [WARNING] The resource https://lf16-tiktok-web.tiktokcdn-us.com/obj/tiktok-web-tx/tiktok/web/pns_fe_parental_control_vmok/static/js/async/lib-axios.56c5f961.js was preloaded using link preload but not used within a few seconds from the window's load event. Please make sure it has an appropriate `as` value and it is preloaded intentionally. @ https://www.tiktok.com/setting?lang=es:0
[  201974ms] [WARNING] The resource https://lf16-tiktok-web.tiktokcdn-us.com/obj/tiktok-web-tx/tiktok/web/pns_fe_keyword_filtering_vmok/static/js/async/606.7a63198e.js was preloaded using link preload but not used within a few seconds from the window's load event. Please make sure it has an appropriate `as` value and it is preloaded intentionally. @ https://www.tiktok.com/setting?lang=es:0
[  201974ms] [WARNING] The resource https://lf16-tiktok-web.tiktokcdn-us.com/obj/tiktok-web-tx/tiktok/web/pns_fe_keyword_filtering_vmok/static/css/async/__federation_expose_entry_react_bridge.569a7521.css was preloaded using link preload but not used within a few seconds from the window's load event. Please make sure it has an appropriate `as` value and it is preloaded intentionally. @ https://www.tiktok.com/setting?lang=es:0
[  201974ms] [WARNING] The resource https://lf16-tiktok-web.tiktokcdn-us.com/obj/tiktok-web-tx/tiktok/web/pns_fe_keyword_filtering_vmok/static/js/async/752.8dc09088.js was preloaded using link preload but not used within a few seconds from the window's load event. Please make sure it has an appropriate `as` value and it is preloaded intentionally. @ https://www.tiktok.com/setting?lang=es:0
[  201974ms] [WARNING] The resource https://lf16-tiktok-web.tiktokcdn-us.com/obj/tiktok-web-tx/tiktok/web/pns_fe_keyword_filtering_vmok/static/js/async/async-main.25610a11.js was preloaded using link preload but not used within a few seconds from the window's load event. Please make sure it has an appropriate `as` value and it is preloaded intentionally. @ https://www.tiktok.com/setting?lang=es:0
[  201974ms] [WARNING] The resource https://lf16-tiktok-web.tiktokcdn-us.com/obj/tiktok-web-tx/tiktok/web/pns_fe_keyword_filtering_vmok/static/js/async/lib-router.46d8bbc0.js was preloaded using link preload but not used within a few seconds from the window's load event. Please make sure it has an appropriate `as` value and it is preloaded intentionally. @ https://www.tiktok.com/setting?lang=es:0
[  201974ms] [WARNING] The resource https://lf16-tiktok-web.tiktokcdn-us.com/obj/tiktok-web-tx/tiktok/web/pns_fe_keyword_filtering_vmok/static/js/async/587.eafa5f92.js was preloaded using link preload but not used within a few seconds from the window's load event. Please make sure it has an appropriate `as` value and it is preloaded intentionally. @ https://www.tiktok.com/setting?lang=es:0
[  201974ms] [WARNING] The resource https://lf16-tiktok-web.tiktokcdn-us.com/obj/tiktok-web-tx/tiktok/web/pns_fe_keyword_filtering_vmok/static/js/async/593.f09ae1b5.js was preloaded using link preload but not used within a few seconds from the window's load event. Please make sure it has an appropriate `as` value and it is preloaded intentionally. @ https://www.tiktok.com/setting?lang=es:0
[  201974ms] [WARNING] The resource https://lf16-tiktok-web.tiktokcdn-us.com/obj/tiktok-web-tx/tiktok/web/pns_fe_parental_control_vmok/static/js/lib-polyfill.5e52839d.js was preloaded using link preload but not used within a few seconds from the window's load event. Please make sure it has an appropriate `as` value and it is preloaded intentionally. @ https://www.tiktok.com/setting?lang=es:0
[  201974ms] [WARNING] The resource https://lf16-tiktok-web.tiktokcdn-us.com/obj/tiktok-web-tx/tiktok/web/pns_fe_keyword_filtering_vmok/static/js/async/273.61871fe6.js was preloaded using link preload but not used within a few seconds from the window's load event. Please make sure it has an appropriate `as` value and it is preloaded intentionally. @ https://www.tiktok.com/setting?lang=es:0
[  201974ms] [WARNING] The resource https://lf16-tiktok-web.tiktokcdn-us.com/obj/tiktok-web-tx/tiktok/web/pns_fe_parental_control_vmok/static/js/async/9678.ae39123c.js was preloaded using link preload but not used within a few seconds from the window's load event. Please make sure it has an appropriate `as` value and it is preloaded intentionally. @ https://www.tiktok.com/setting?lang=es:0
[  201974ms] [WARNING] The resource https://lf16-tiktok-web.tiktokcdn-us.com/obj/tiktok-web-tx/tiktok/web/pns_fe_parental_control_vmok/static/js/async/__federation_expose_main.1a07efe8.js was preloaded using link preload but not used within a few seconds from the window's load event. Please make sure it has an appropriate `as` value and it is preloaded intentionally. @ https://www.tiktok.com/setting?lang=es:0
[  201974ms] [WARNING] The resource https://lf16-tiktok-web.tiktokcdn-us.com/obj/tiktok-web-tx/tiktok/web/pns_fe_keyword_filtering_vmok/static/js/async/__federation_expose_entry_react_bridge.247b132d.js was preloaded using link preload but not used within a few seconds from the window's load event. Please make sure it has an appropriate `as` value and it is preloaded intentionally. @ https://www.tiktok.com/setting?lang=es:0
[  201974ms] [WARNING] The resource https://lf16-tiktok-web.tiktokcdn-us.com/obj/tiktok-web-tx/tiktok/web/pns_fe_parental_control_vmok/static/js/async/lib-router.369091d5.js was preloaded using link preload but not used within a few seconds from the window's load event. Please make sure it has an appropriate `as` value and it is preloaded intentionally. @ https://www.tiktok.com/setting?lang=es:0
[  201974ms] [WARNING] The resource https://lf16-tiktok-web.tiktokcdn-us.com/obj/tiktok-web-tx/tiktok/web/pns_fe_keyword_filtering_vmok/static/js/async/argus-builder-strategy.a3264b45.js was preloaded using link preload but not used within a few seconds from the window's load event. Please make sure it has an appropriate `as` value and it is preloaded intentionally. @ https://www.tiktok.com/setting?lang=es:0
[  201974ms] [WARNING] The resource https://lf16-tiktok-web.tiktokcdn-us.com/obj/tiktok-web-tx/tiktok/web/pns_fe_keyword_filtering_vmok/static/js/async/lib-axios.8c284c11.js was preloaded using link preload but not used within a few seconds from the window's load event. Please make sure it has an appropriate `as` value and it is preloaded intentionally. @ https://www.tiktok.com/setting?lang=es:0
[  201974ms] [WARNING] The resource https://lf16-tiktok-web.tiktokcdn-us.com/obj/tiktok-web-tx/tiktok/web/pns_fe_keyword_filtering_vmok/static/js/lib-polyfill.2d9206bd.js was preloaded using link preload but not used within a few seconds from the window's load event. Please make sure it has an appropriate `as` value and it is preloaded intentionally. @ https://www.tiktok.com/setting?lang=es:0
[  201974ms] [WARNING] The resource https://lf16-tiktok-web.tiktokcdn-us.com/obj/tiktok-web-tx/tiktok/web/pns_fe_parental_control_vmok/static/css/async/3139.a5a9f032.css was preloaded using link preload but not used within a few seconds from the window's load event. Please make sure it has an appropriate `as` value and it is preloaded intentionally. @ https://www.tiktok.com/setting?lang=es:0
[  201974ms] [WARNING] The resource https://lf16-tiktok-web.tiktokcdn-us.com/obj/tiktok-web-tx/tiktok/web/pns_fe_parental_control_vmok/static/js/async/778.beddb8c0.js was preloaded using link preload but not used within a few seconds from the window's load event. Please make sure it has an appropriate `as` value and it is preloaded intentionally. @ https://www.tiktok.com/setting?lang=es:0
[  201974ms] [WARNING] The resource https://lf16-tiktok-web.tiktokcdn-us.com/obj/tiktok-web-tx/tiktok/web/pns_fe_parental_control_vmok/static/js/async/3139.dafaa0fc.js was preloaded using link preload but not used within a few seconds from the window's load event. Please make sure it has an appropriate `as` value and it is preloaded intentionally. @ https://www.tiktok.com/setting?lang=es:0
[  201974ms] [WARNING] The resource https://lf16-tiktok-web.tiktokcdn-us.com/obj/tiktok-web-tx/tiktok/web/pns_fe_keyword_filtering_vmok/static/css/async/126.f1acf961.css was preloaded using link preload but not used within a few seconds from the window's load event. Please make sure it has an appropriate `as` value and it is preloaded intentionally. @ https://www.tiktok.com/setting?lang=es:0
[  201974ms] [WARNING] The resource https://lf16-tiktok-web.tiktokcdn-us.com/obj/tiktok-web-tx/tiktok/web/pns_fe_parental_control_vmok/static/css/async/__federation_expose_main.abb44d39.css was preloaded using link preload but not used within a few seconds from the window's load event. Please make sure it has an appropriate `as` value and it is preloaded intentionally. @ https://www.tiktok.com/setting?lang=es:0
[  212340ms] [WARNING] The resource https://lf16-tiktok-web.tiktokcdn-us.com/obj/tiktok-web-tx/tiktok/web/pns_fe_keyword_filtering_vmok/static/js/async/126.c9a90670.js was preloaded using link preload but not used within a few seconds from the window's load event. Please make sure it has an appropriate `as` value and it is preloaded intentionally. @ https://www.tiktok.com/setting?lang=es:0
[  212340ms] [WARNING] The resource https://lf16-tiktok-web.tiktokcdn-us.com/obj/tiktok-web-tx/tiktok/web/pns_fe_parental_control_vmok/static/js/async/lib-axios.56c5f961.js was preloaded using link preload but not used within a few seconds from the window's load event. Please make sure it has an appropriate `as` value and it is preloaded intentionally. @ https://www.tiktok.com/setting?lang=es:0
[  212340ms] [WARNING] The resource https://lf16-tiktok-web.tiktokcdn-us.com/obj/tiktok-web-tx/tiktok/web/pns_fe_keyword_filtering_vmok/static/js/async/606.7a63198e.js was preloaded using link preload but not used within a few seconds from the window's load event. Please make sure it has an appropriate `as` value and it is preloaded intentionally. @ https://www.tiktok.com/setting?lang=es:0
[  212340ms] [WARNING] The resource https://lf16-tiktok-web.tiktokcdn-us.com/obj/tiktok-web-tx/tiktok/web/pns_fe_keyword_filtering_vmok/static/css/async/__federation_expose_entry_react_bridge.569a7521.css was preloaded using link preload but not used within a few seconds from the window's load event. Please make sure it has an appropriate `as` value and it is preloaded intentionally. @ https://www.tiktok.com/setting?lang=es:0
[  212340ms] [WARNING] The resource https://lf16-tiktok-web.tiktokcdn-us.com/obj/tiktok-web-tx/tiktok/web/pns_fe_keyword_filtering_vmok/static/js/async/752.8dc09088.js was preloaded using link preload but not used within a few seconds from the window's load event. Please make sure it has an appropriate `as` value and it is preloaded intentionally. @ https://www.tiktok.com/setting?lang=es:0
[  212340ms] [WARNING] The resource https://lf16-tiktok-web.tiktokcdn-us.com/obj/tiktok-web-tx/tiktok/web/pns_fe_keyword_filtering_vmok/static/js/async/async-main.25610a11.js was preloaded using link preload but not used within a few seconds from the window's load event. Please make sure it has an appropriate `as` value and it is preloaded intentionally. @ https://www.tiktok.com/setting?lang=es:0
[  212340ms] [WARNING] The resource https://lf16-tiktok-web.tiktokcdn-us.com/obj/tiktok-web-tx/tiktok/web/pns_fe_keyword_filtering_vmok/static/js/async/lib-router.46d8bbc0.js was preloaded using link preload but not used within a few seconds from the window's load event. Please make sure it has an appropriate `as` value and it is preloaded intentionally. @ https://www.tiktok.com/setting?lang=es:0
[  212340ms] [WARNING] The resource https://lf16-tiktok-web.tiktokcdn-us.com/obj/tiktok-web-tx/tiktok/web/pns_fe_keyword_filtering_vmok/static/js/async/587.eafa5f92.js was preloaded using link preload but not used within a few seconds from the window's load event. Please make sure it has an appropriate `as` value and it is preloaded intentionally. @ https://www.tiktok.com/setting?lang=es:0
[  212340ms] [WARNING] The resource https://lf16-tiktok-web.tiktokcdn-us.com/obj/tiktok-web-tx/tiktok/web/pns_fe_keyword_filtering_vmok/static/js/async/593.f09ae1b5.js was preloaded using link preload but not used within a few seconds from the window's load event. Please make sure it has an appropriate `as` value and it is preloaded intentionally. @ https://www.tiktok.com/setting?lang=es:0
[  212340ms] [WARNING] The resource https://lf16-tiktok-web.tiktokcdn-us.com/obj/tiktok-web-tx/tiktok/web/pns_fe_parental_control_vmok/static/js/lib-polyfill.5e52839d.js was preloaded using link preload but not used within a few seconds from the window's load event. Please make sure it has an appropriate `as` value and it is preloaded intentionally. @ https://www.tiktok.com/setting?lang=es:0
[  212340ms] [WARNING] The resource https://lf16-tiktok-web.tiktokcdn-us.com/obj/tiktok-web-tx/tiktok/web/pns_fe_keyword_filtering_vmok/static/js/async/273.61871fe6.js was preloaded using link preload but not used within a few seconds from the window's load event. Please make sure it has an appropriate `as` value and it is preloaded intentionally. @ https://www.tiktok.com/setting?lang=es:0
[  212340ms] [WARNING] The resource https://lf16-tiktok-web.tiktokcdn-us.com/obj/tiktok-web-tx/tiktok/web/pns_fe_parental_control_vmok/static/js/async/9678.ae39123c.js was preloaded using link preload but not used within a few seconds from the window's load event. Please make sure it has an appropriate `as` value and it is preloaded intentionally. @ https://www.tiktok.com/setting?lang=es:0
[  212340ms] [WARNING] The resource https://lf16-tiktok-web.tiktokcdn-us.com/obj/tiktok-web-tx/tiktok/web/pns_fe_parental_control_vmok/static/js/async/__federation_expose_main.1a07efe8.js was preloaded using link preload but not used within a few seconds from the window's load event. Please make sure it has an appropriate `as` value and it is preloaded intentionally. @ https://www.tiktok.com/setting?lang=es:0
[  212340ms] [WARNING] The resource https://lf16-tiktok-web.tiktokcdn-us.com/obj/tiktok-web-tx/tiktok/web/pns_fe_keyword_filtering_vmok/static/js/async/__federation_expose_entry_react_bridge.247b132d.js was preloaded using link preload but not used within a few seconds from the window's load event. Please make sure it has an appropriate `as` value and it is preloaded intentionally. @ https://www.tiktok.com/setting?lang=es:0
[  212340ms] [WARNING] The resource https://lf16-tiktok-web.tiktokcdn-us.com/obj/tiktok-web-tx/tiktok/web/pns_fe_parental_control_vmok/static/js/async/lib-router.369091d5.js was preloaded using link preload but not used within a few seconds from the window's load event. Please make sure it has an appropriate `as` value and it is preloaded intentionally. @ https://www.tiktok.com/setting?lang=es:0
[  212340ms] [WARNING] The resource https://lf16-tiktok-web.tiktokcdn-us.com/obj/tiktok-web-tx/tiktok/web/pns_fe_keyword_filtering_vmok/static/js/async/argus-builder-strategy.a3264b45.js was preloaded using link preload but not used within a few seconds from the window's load event. Please make sure it has an appropriate `as` value and it is preloaded intentionally. @ https://www.tiktok.com/setting?lang=es:0
[  212340ms] [WARNING] The resource https://lf16-tiktok-web.tiktokcdn-us.com/obj/tiktok-web-tx/tiktok/web/pns_fe_keyword_filtering_vmok/static/js/async/lib-axios.8c284c11.js was preloaded using link preload but not used within a few seconds from the window's load event. Please make sure it has an appropriate `as` value and it is preloaded intentionally. @ https://www.tiktok.com/setting?lang=es:0
[  212340ms] [WARNING] The resource https://lf16-tiktok-web.tiktokcdn-us.com/obj/tiktok-web-tx/tiktok/web/pns_fe_keyword_filtering_vmok/static/js/lib-polyfill.2d9206bd.js was preloaded using link preload but not used within a few seconds from the window's load event. Please make sure it has an appropriate `as` value and it is preloaded intentionally. @ https://www.tiktok.com/setting?lang=es:0
[  212340ms] [WARNING] The resource https://lf16-tiktok-web.tiktokcdn-us.com/obj/tiktok-web-tx/tiktok/web/pns_fe_parental_control_vmok/static/css/async/3139.a5a9f032.css was preloaded using link preload but not used within a few seconds from the window's load event. Please make sure it has an appropriate `as` value and it is preloaded intentionally. @ https://www.tiktok.com/setting?lang=es:0
[  212340ms] [WARNING] The resource https://lf16-tiktok-web.tiktokcdn-us.com/obj/tiktok-web-tx/tiktok/web/pns_fe_parental_control_vmok/static/js/async/778.beddb8c0.js was preloaded using link preload but not used within a few seconds from the window's load event. Please make sure it has an appropriate `as` value and it is preloaded intentionally. @ https://www.tiktok.com/setting?lang=es:0
[  212340ms] [WARNING] The resource https://lf16-tiktok-web.tiktokcdn-us.com/obj/tiktok-web-tx/tiktok/web/pns_fe_parental_control_vmok/static/js/async/3139.dafaa0fc.js was preloaded using link preload but not used within a few seconds from the window's load event. Please make sure it has an appropriate `as` value and it is preloaded intentionally. @ https://www.tiktok.com/setting?lang=es:0
[  212340ms] [WARNING] The resource https://lf16-tiktok-web.tiktokcdn-us.com/obj/tiktok-web-tx/tiktok/web/pns_fe_keyword_filtering_vmok/static/css/async/126.f1acf961.css was preloaded using link preload but not used within a few seconds from the window's load event. Please make sure it has an appropriate `as` value and it is preloaded intentionally. @ https://www.tiktok.com/setting?lang=es:0
[  212340ms] [WARNING] The resource https://lf16-tiktok-web.tiktokcdn-us.com/obj/tiktok-web-tx/tiktok/web/pns_fe_parental_control_vmok/static/css/async/__federation_expose_main.abb44d39.css was preloaded using link preload but not used within a few seconds from the window's load event. Please make sure it has an appropriate `as` value and it is preloaded intentionally. @ https://www.tiktok.com/setting?lang=es:0
[  223564ms] [WARNING] The resource https://lf16-tiktok-web.tiktokcdn-us.com/obj/tiktok-web-tx/tiktok/web/pns_fe_keyword_filtering_vmok/static/js/async/126.c9a90670.js was preloaded using link preload but not used within a few seconds from the window's load event. Please make sure it has an appropriate `as` value and it is preloaded intentionally. @ https://www.tiktok.com/setting?lang=es:0
[  223564ms] [WARNING] The resource https://lf16-tiktok-web.tiktokcdn-us.com/obj/tiktok-web-tx/tiktok/web/pns_fe_parental_control_vmok/static/js/async/lib-axios.56c5f961.js was preloaded using link preload but not used within a few seconds from the window's load event. Please make sure it has an appropriate `as` value and it is preloaded intentionally. @ https://www.tiktok.com/setting?lang=es:0
[  223564ms] [WARNING] The resource https://lf16-tiktok-web.tiktokcdn-us.com/obj/tiktok-web-tx/tiktok/web/pns_fe_keyword_filtering_vmok/static/js/async/606.7a63198e.js was preloaded using link preload but not used within a few seconds from the window's load event. Please make sure it has an appropriate `as` value and it is preloaded intentionally. @ https://www.tiktok.com/setting?lang=es:0
[  223564ms] [WARNING] The resource https://lf16-tiktok-web.tiktokcdn-us.com/obj/tiktok-web-tx/tiktok/web/pns_fe_keyword_filtering_vmok/static/css/async/__federation_expose_entry_react_bridge.569a7521.css was preloaded using link preload but not used within a few seconds from the window's load event. Please make sure it has an appropriate `as` value and it is preloaded intentionally. @ https://www.tiktok.com/setting?lang=es:0
[  223564ms] [WARNING] The resource https://lf16-tiktok-web.tiktokcdn-us.com/obj/tiktok-web-tx/tiktok/web/pns_fe_keyword_filtering_vmok/static/js/async/752.8dc09088.js was preloaded using link preload but not used within a few seconds from the window's load event. Please make sure it has an appropriate `as` value and it is preloaded intentionally. @ https://www.tiktok.com/setting?lang=es:0
[  223564ms] [WARNING] The resource https://lf16-tiktok-web.tiktokcdn-us.com/obj/tiktok-web-tx/tiktok/web/pns_fe_keyword_filtering_vmok/static/js/async/async-main.25610a11.js was preloaded using link preload but not used within a few seconds from the window's load event. Please make sure it has an appropriate `as` value and it is preloaded intentionally. @ https://www.tiktok.com/setting?lang=es:0
[  223564ms] [WARNING] The resource https://lf16-tiktok-web.tiktokcdn-us.com/obj/tiktok-web-tx/tiktok/web/pns_fe_keyword_filtering_vmok/static/js/async/lib-router.46d8bbc0.js was preloaded using link preload but not used within a few seconds from the window's load event. Please make sure it has an appropriate `as` value and it is preloaded intentionally. @ https://www.tiktok.com/setting?lang=es:0
[  223564ms] [WARNING] The resource https://lf16-tiktok-web.tiktokcdn-us.com/obj/tiktok-web-tx/tiktok/web/pns_fe_keyword_filtering_vmok/static/js/async/587.eafa5f92.js was preloaded using link preload but not used within a few seconds from the window's load event. Please make sure it has an appropriate `as` value and it is preloaded intentionally. @ https://www.tiktok.com/setting?lang=es:0
[  223564ms] [WARNING] The resource https://lf16-tiktok-web.tiktokcdn-us.com/obj/tiktok-web-tx/tiktok/web/pns_fe_keyword_filtering_vmok/static/js/async/593.f09ae1b5.js was preloaded using link preload but not used within a few seconds from the window's load event. Please make sure it has an appropriate `as` value and it is preloaded intentionally. @ https://www.tiktok.com/setting?lang=es:0
[  223564ms] [WARNING] The resource https://lf16-tiktok-web.tiktokcdn-us.com/obj/tiktok-web-tx/tiktok/web/pns_fe_parental_control_vmok/static/js/lib-polyfill.5e52839d.js was preloaded using link preload but not used within a few seconds from the window's load event. Please make sure it has an appropriate `as` value and it is preloaded intentionally. @ https://www.tiktok.com/setting?lang=es:0
[  223564ms] [WARNING] The resource https://lf16-tiktok-web.tiktokcdn-us.com/obj/tiktok-web-tx/tiktok/web/pns_fe_keyword_filtering_vmok/static/js/async/273.61871fe6.js was preloaded using link preload but not used within a few seconds from the window's load event. Please make sure it has an appropriate `as` value and it is preloaded intentionally. @ https://www.tiktok.com/setting?lang=es:0
[  223564ms] [WARNING] The resource https://lf16-tiktok-web.tiktokcdn-us.com/obj/tiktok-web-tx/tiktok/web/pns_fe_parental_control_vmok/static/js/async/9678.ae39123c.js was preloaded using link preload but not used within a few seconds from the window's load event. Please make sure it has an appropriate `as` value and it is preloaded intentionally. @ https://www.tiktok.com/setting?lang=es:0
[  223564ms] [WARNING] The resource https://lf16-tiktok-web.tiktokcdn-us.com/obj/tiktok-web-tx/tiktok/web/pns_fe_parental_control_vmok/static/js/async/__federation_expose_main.1a07efe8.js was preloaded using link preload but not used within a few seconds from the window's load event. Please make sure it has an appropriate `as` value and it is preloaded intentionally. @ https://www.tiktok.com/setting?lang=es:0
[  223564ms] [WARNING] The resource https://lf16-tiktok-web.tiktokcdn-us.com/obj/tiktok-web-tx/tiktok/web/pns_fe_keyword_filtering_vmok/static/js/async/__federation_expose_entry_react_bridge.247b132d.js was preloaded using link preload but not used within a few seconds from the window's load event. Please make sure it has an appropriate `as` value and it is preloaded intentionally. @ https://www.tiktok.com/setting?lang=es:0
[  223564ms] [WARNING] The resource https://lf16-tiktok-web.tiktokcdn-us.com/obj/tiktok-web-tx/tiktok/web/pns_fe_parental_control_vmok/static/js/async/lib-router.369091d5.js was preloaded using link preload but not used within a few seconds from the window's load event. Please make sure it has an appropriate `as` value and it is preloaded intentionally. @ https://www.tiktok.com/setting?lang=es:0
[  223564ms] [WARNING] The resource https://lf16-tiktok-web.tiktokcdn-us.com/obj/tiktok-web-tx/tiktok/web/pns_fe_keyword_filtering_vmok/static/js/async/argus-builder-strategy.a3264b45.js was preloaded using link preload but not used within a few seconds from the window's load event. Please make sure it has an appropriate `as` value and it is preloaded intentionally. @ https://www.tiktok.com/setting?lang=es:0
[  223564ms] [WARNING] The resource https://lf16-tiktok-web.tiktokcdn-us.com/obj/tiktok-web-tx/tiktok/web/pns_fe_keyword_filtering_vmok/static/js/async/lib-axios.8c284c11.js was preloaded using link preload but not used within a few seconds from the window's load event. Please make sure it has an appropriate `as` value and it is preloaded intentionally. @ https://www.tiktok.com/setting?lang=es:0
[  223564ms] [WARNING] The resource https://lf16-tiktok-web.tiktokcdn-us.com/obj/tiktok-web-tx/tiktok/web/pns_fe_keyword_filtering_vmok/static/js/lib-polyfill.2d9206bd.js was preloaded using link preload but not used within a few seconds from the window's load event. Please make sure it has an appropriate `as` value and it is preloaded intentionally. @ https://www.tiktok.com/setting?lang=es:0
[  223564ms] [WARNING] The resource https://lf16-tiktok-web.tiktokcdn-us.com/obj/tiktok-web-tx/tiktok/web/pns_fe_parental_control_vmok/static/css/async/3139.a5a9f032.css was preloaded using link preload but not used within a few seconds from the window's load event. Please make sure it has an appropriate `as` value and it is preloaded intentionally. @ https://www.tiktok.com/setting?lang=es:0
[  223564ms] [WARNING] The resource https://lf16-tiktok-web.tiktokcdn-us.com/obj/tiktok-web-tx/tiktok/web/pns_fe_parental_control_vmok/static/js/async/778.beddb8c0.js was preloaded using link preload but not used within a few seconds from the window's load event. Please make sure it has an appropriate `as` value and it is preloaded intentionally. @ https://www.tiktok.com/setting?lang=es:0
[  223564ms] [WARNING] The resource https://lf16-tiktok-web.tiktokcdn-us.com/obj/tiktok-web-tx/tiktok/web/pns_fe_parental_control_vmok/static/js/async/3139.dafaa0fc.js was preloaded using link preload but not used within a few seconds from the window's load event. Please make sure it has an appropriate `as` value and it is preloaded intentionally. @ https://www.tiktok.com/setting?lang=es:0
[  223564ms] [WARNING] The resource https://lf16-tiktok-web.tiktokcdn-us.com/obj/tiktok-web-tx/tiktok/web/pns_fe_keyword_filtering_vmok/static/css/async/126.f1acf961.css was preloaded using link preload but not used within a few seconds from the window's load event. Please make sure it has an appropriate `as` value and it is preloaded intentionally. @ https://www.tiktok.com/setting?lang=es:0
[  223564ms] [WARNING] The resource https://lf16-tiktok-web.tiktokcdn-us.com/obj/tiktok-web-tx/tiktok/web/pns_fe_parental_control_vmok/static/css/async/__federation_expose_main.abb44d39.css was preloaded using link preload but not used within a few seconds from the window's load event. Please make sure it has an appropriate `as` value and it is preloaded intentionally. @ https://www.tiktok.com/setting?lang=es:0
[  233444ms] [WARNING] The resource https://lf16-tiktok-web.tiktokcdn-us.com/obj/tiktok-web-tx/tiktok/web/pns_fe_keyword_filtering_vmok/static/js/async/126.c9a90670.js was preloaded using link preload but not used within a few seconds from the window's load event. Please make sure it has an appropriate `as` value and it is preloaded intentionally. @ https://www.tiktok.com/setting?lang=es:0
[  233444ms] [WARNING] The resource https://lf16-tiktok-web.tiktokcdn-us.com/obj/tiktok-web-tx/tiktok/web/pns_fe_parental_control_vmok/static/js/async/lib-axios.56c5f961.js was preloaded using link preload but not used within a few seconds from the window's load event. Please make sure it has an appropriate `as` value and it is preloaded intentionally. @ https://www.tiktok.com/setting?lang=es:0
[  233444ms] [WARNING] The resource https://lf16-tiktok-web.tiktokcdn-us.com/obj/tiktok-web-tx/tiktok/web/pns_fe_keyword_filtering_vmok/static/js/async/606.7a63198e.js was preloaded using link preload but not used within a few seconds from the window's load event. Please make sure it has an appropriate `as` value and it is preloaded intentionally. @ https://www.tiktok.com/setting?lang=es:0
[  233444ms] [WARNING] The resource https://lf16-tiktok-web.tiktokcdn-us.com/obj/tiktok-web-tx/tiktok/web/pns_fe_keyword_filtering_vmok/static/css/async/__federation_expose_entry_react_bridge.569a7521.css was preloaded using link preload but not used within a few seconds from the window's load event. Please make sure it has an appropriate `as` value and it is preloaded intentionally. @ https://www.tiktok.com/setting?lang=es:0
[  233444ms] [WARNING] The resource https://lf16-tiktok-web.tiktokcdn-us.com/obj/tiktok-web-tx/tiktok/web/pns_fe_keyword_filtering_vmok/static/js/async/752.8dc09088.js was preloaded using link preload but not used within a few seconds from the window's load event. Please make sure it has an appropriate `as` value and it is preloaded intentionally. @ https://www.tiktok.com/setting?lang=es:0
[  233444ms] [WARNING] The resource https://lf16-tiktok-web.tiktokcdn-us.com/obj/tiktok-web-tx/tiktok/web/pns_fe_keyword_filtering_vmok/static/js/async/async-main.25610a11.js was preloaded using link preload but not used within a few seconds from the window's load event. Please make sure it has an appropriate `as` value and it is preloaded intentionally. @ https://www.tiktok.com/setting?lang=es:0
[  233444ms] [WARNING] The resource https://lf16-tiktok-web.tiktokcdn-us.com/obj/tiktok-web-tx/tiktok/web/pns_fe_keyword_filtering_vmok/static/js/async/lib-router.46d8bbc0.js was preloaded using link preload but not used within a few seconds from the window's load event. Please make sure it has an appropriate `as` value and it is preloaded intentionally. @ https://www.tiktok.com/setting?lang=es:0
[  233444ms] [WARNING] The resource https://lf16-tiktok-web.tiktokcdn-us.com/obj/tiktok-web-tx/tiktok/web/pns_fe_keyword_filtering_vmok/static/js/async/587.eafa5f92.js was preloaded using link preload but not used within a few seconds from the window's load event. Please make sure it has an appropriate `as` value and it is preloaded intentionally. @ https://www.tiktok.com/setting?lang=es:0
[  233444ms] [WARNING] The resource https://lf16-tiktok-web.tiktokcdn-us.com/obj/tiktok-web-tx/tiktok/web/pns_fe_keyword_filtering_vmok/static/js/async/593.f09ae1b5.js was preloaded using link preload but not used within a few seconds from the window's load event. Please make sure it has an appropriate `as` value and it is preloaded intentionally. @ https://www.tiktok.com/setting?lang=es:0
[  233444ms] [WARNING] The resource https://lf16-tiktok-web.tiktokcdn-us.com/obj/tiktok-web-tx/tiktok/web/pns_fe_parental_control_vmok/static/js/lib-polyfill.5e52839d.js was preloaded using link preload but not used within a few seconds from the window's load event. Please make sure it has an appropriate `as` value and it is preloaded intentionally. @ https://www.tiktok.com/setting?lang=es:0
[  233444ms] [WARNING] The resource https://lf16-tiktok-web.tiktokcdn-us.com/obj/tiktok-web-tx/tiktok/web/pns_fe_keyword_filtering_vmok/static/js/async/273.61871fe6.js was preloaded using link preload but not used within a few seconds from the window's load event. Please make sure it has an appropriate `as` value and it is preloaded intentionally. @ https://www.tiktok.com/setting?lang=es:0
[  233444ms] [WARNING] The resource https://lf16-tiktok-web.tiktokcdn-us.com/obj/tiktok-web-tx/tiktok/web/pns_fe_parental_control_vmok/static/js/async/9678.ae39123c.js was preloaded using link preload but not used within a few seconds from the window's load event. Please make sure it has an appropriate `as` value and it is preloaded intentionally. @ https://www.tiktok.com/setting?lang=es:0
[  233444ms] [WARNING] The resource https://lf16-tiktok-web.tiktokcdn-us.com/obj/tiktok-web-tx/tiktok/web/pns_fe_parental_control_vmok/static/js/async/__federation_expose_main.1a07efe8.js was preloaded using link preload but not used within a few seconds from the window's load event. Please make sure it has an appropriate `as` value and it is preloaded intentionally. @ https://www.tiktok.com/setting?lang=es:0
[  233444ms] [WARNING] The resource https://lf16-tiktok-web.tiktokcdn-us.com/obj/tiktok-web-tx/tiktok/web/pns_fe_keyword_filtering_vmok/static/js/async/__federation_expose_entry_react_bridge.247b132d.js was preloaded using link preload but not used within a few seconds from the window's load event. Please make sure it has an appropriate `as` value and it is preloaded intentionally. @ https://www.tiktok.com/setting?lang=es:0
[  233444ms] [WARNING] The resource https://lf16-tiktok-web.tiktokcdn-us.com/obj/tiktok-web-tx/tiktok/web/pns_fe_parental_control_vmok/static/js/async/lib-router.369091d5.js was preloaded using link preload but not used within a few seconds from the window's load event. Please make sure it has an appropriate `as` value and it is preloaded intentionally. @ https://www.tiktok.com/setting?lang=es:0
[  233444ms] [WARNING] The resource https://lf16-tiktok-web.tiktokcdn-us.com/obj/tiktok-web-tx/tiktok/web/pns_fe_keyword_filtering_vmok/static/js/async/argus-builder-strategy.a3264b45.js was preloaded using link preload but not used within a few seconds from the window's load event. Please make sure it has an appropriate `as` value and it is preloaded intentionally. @ https://www.tiktok.com/setting?lang=es:0
[  233444ms] [WARNING] The resource https://lf16-tiktok-web.tiktokcdn-us.com/obj/tiktok-web-tx/tiktok/web/pns_fe_keyword_filtering_vmok/static/js/async/lib-axios.8c284c11.js was preloaded using link preload but not used within a few seconds from the window's load event. Please make sure it has an appropriate `as` value and it is preloaded intentionally. @ https://www.tiktok.com/setting?lang=es:0
[  233444ms] [WARNING] The resource https://lf16-tiktok-web.tiktokcdn-us.com/obj/tiktok-web-tx/tiktok/web/pns_fe_keyword_filtering_vmok/static/js/lib-polyfill.2d9206bd.js was preloaded using link preload but not used within a few seconds from the window's load event. Please make sure it has an appropriate `as` value and it is preloaded intentionally. @ https://www.tiktok.com/setting?lang=es:0
[  233444ms] [WARNING] The resource https://lf16-tiktok-web.tiktokcdn-us.com/obj/tiktok-web-tx/tiktok/web/pns_fe_parental_control_vmok/static/css/async/3139.a5a9f032.css was preloaded using link preload but not used within a few seconds from the window's load event. Please make sure it has an appropriate `as` value and it is preloaded intentionally. @ https://www.tiktok.com/setting?lang=es:0
[  233444ms] [WARNING] The resource https://lf16-tiktok-web.tiktokcdn-us.com/obj/tiktok-web-tx/tiktok/web/pns_fe_parental_control_vmok/static/js/async/778.beddb8c0.js was preloaded using link preload but not used within a few seconds from the window's load event. Please make sure it has an appropriate `as` value and it is preloaded intentionally. @ https://www.tiktok.com/setting?lang=es:0
[  233444ms] [WARNING] The resource https://lf16-tiktok-web.tiktokcdn-us.com/obj/tiktok-web-tx/tiktok/web/pns_fe_parental_control_vmok/static/js/async/3139.dafaa0fc.js was preloaded using link preload but not used within a few seconds from the window's load event. Please make sure it has an appropriate `as` value and it is preloaded intentionally. @ https://www.tiktok.com/setting?lang=es:0
[  233444ms] [WARNING] The resource https://lf16-tiktok-web.tiktokcdn-us.com/obj/tiktok-web-tx/tiktok/web/pns_fe_keyword_filtering_vmok/static/css/async/126.f1acf961.css was preloaded using link preload but not used within a few seconds from the window's load event. Please make sure it has an appropriate `as` value and it is preloaded intentionally. @ https://www.tiktok.com/setting?lang=es:0
[  233444ms] [WARNING] The resource https://lf16-tiktok-web.tiktokcdn-us.com/obj/tiktok-web-tx/tiktok/web/pns_fe_parental_control_vmok/static/css/async/__federation_expose_main.abb44d39.css was preloaded using link preload but not used within a few seconds from the window's load event. Please make sure it has an appropriate `as` value and it is preloaded intentionally. @ https://www.tiktok.com/setting?lang=es:0
[  246750ms] [WARNING] The resource https://lf16-tiktok-web.tiktokcdn-us.com/obj/tiktok-web-tx/tiktok/web/pns_fe_keyword_filtering_vmok/static/js/async/126.c9a90670.js was preloaded using link preload but not used within a few seconds from the window's load event. Please make sure it has an appropriate `as` value and it is preloaded intentionally. @ https://www.tiktok.com/setting?lang=es:0
[  246750ms] [WARNING] The resource https://lf16-tiktok-web.tiktokcdn-us.com/obj/tiktok-web-tx/tiktok/web/pns_fe_parental_control_vmok/static/js/async/lib-axios.56c5f961.js was preloaded using link preload but not used within a few seconds from the window's load event. Please make sure it has an appropriate `as` value and it is preloaded intentionally. @ https://www.tiktok.com/setting?lang=es:0
[  246750ms] [WARNING] The resource https://lf16-tiktok-web.tiktokcdn-us.com/obj/tiktok-web-tx/tiktok/web/pns_fe_keyword_filtering_vmok/static/js/async/606.7a63198e.js was preloaded using link preload but not used within a few seconds from the window's load event. Please make sure it has an appropriate `as` value and it is preloaded intentionally. @ https://www.tiktok.com/setting?lang=es:0
[  246750ms] [WARNING] The resource https://lf16-tiktok-web.tiktokcdn-us.com/obj/tiktok-web-tx/tiktok/web/pns_fe_keyword_filtering_vmok/static/css/async/__federation_expose_entry_react_bridge.569a7521.css was preloaded using link preload but not used within a few seconds from the window's load event. Please make sure it has an appropriate `as` value and it is preloaded intentionally. @ https://www.tiktok.com/setting?lang=es:0
[  246750ms] [WARNING] The resource https://lf16-tiktok-web.tiktokcdn-us.com/obj/tiktok-web-tx/tiktok/web/pns_fe_keyword_filtering_vmok/static/js/async/752.8dc09088.js was preloaded using link preload but not used within a few seconds from the window's load event. Please make sure it has an appropriate `as` value and it is preloaded intentionally. @ https://www.tiktok.com/setting?lang=es:0
[  246750ms] [WARNING] The resource https://lf16-tiktok-web.tiktokcdn-us.com/obj/tiktok-web-tx/tiktok/web/pns_fe_keyword_filtering_vmok/static/js/async/async-main.25610a11.js was preloaded using link preload but not used within a few seconds from the window's load event. Please make sure it has an appropriate `as` value and it is preloaded intentionally. @ https://www.tiktok.com/setting?lang=es:0
[  246750ms] [WARNING] The resource https://lf16-tiktok-web.tiktokcdn-us.com/obj/tiktok-web-tx/tiktok/web/pns_fe_keyword_filtering_vmok/static/js/async/lib-router.46d8bbc0.js was preloaded using link preload but not used within a few seconds from the window's load event. Please make sure it has an appropriate `as` value and it is preloaded intentionally. @ https://www.tiktok.com/setting?lang=es:0
[  246750ms] [WARNING] The resource https://lf16-tiktok-web.tiktokcdn-us.com/obj/tiktok-web-tx/tiktok/web/pns_fe_keyword_filtering_vmok/static/js/async/587.eafa5f92.js was preloaded using link preload but not used within a few seconds from the window's load event. Please make sure it has an appropriate `as` value and it is preloaded intentionally. @ https://www.tiktok.com/setting?lang=es:0
[  246750ms] [WARNING] The resource https://lf16-tiktok-web.tiktokcdn-us.com/obj/tiktok-web-tx/tiktok/web/pns_fe_keyword_filtering_vmok/static/js/async/593.f09ae1b5.js was preloaded using link preload but not used within a few seconds from the window's load event. Please make sure it has an appropriate `as` value and it is preloaded intentionally. @ https://www.tiktok.com/setting?lang=es:0
[  246750ms] [WARNING] The resource https://lf16-tiktok-web.tiktokcdn-us.com/obj/tiktok-web-tx/tiktok/web/pns_fe_parental_control_vmok/static/js/lib-polyfill.5e52839d.js was preloaded using link preload but not used within a few seconds from the window's load event. Please make sure it has an appropriate `as` value and it is preloaded intentionally. @ https://www.tiktok.com/setting?lang=es:0
[  246750ms] [WARNING] The resource https://lf16-tiktok-web.tiktokcdn-us.com/obj/tiktok-web-tx/tiktok/web/pns_fe_keyword_filtering_vmok/static/js/async/273.61871fe6.js was preloaded using link preload but not used within a few seconds from the window's load event. Please make sure it has an appropriate `as` value and it is preloaded intentionally. @ https://www.tiktok.com/setting?lang=es:0
[  246750ms] [WARNING] The resource https://lf16-tiktok-web.tiktokcdn-us.com/obj/tiktok-web-tx/tiktok/web/pns_fe_parental_control_vmok/static/js/async/9678.ae39123c.js was preloaded using link preload but not used within a few seconds from the window's load event. Please make sure it has an appropriate `as` value and it is preloaded intentionally. @ https://www.tiktok.com/setting?lang=es:0
[  246750ms] [WARNING] The resource https://lf16-tiktok-web.tiktokcdn-us.com/obj/tiktok-web-tx/tiktok/web/pns_fe_parental_control_vmok/static/js/async/__federation_expose_main.1a07efe8.js was preloaded using link preload but not used within a few seconds from the window's load event. Please make sure it has an appropriate `as` value and it is preloaded intentionally. @ https://www.tiktok.com/setting?lang=es:0
[  246750ms] [WARNING] The resource https://lf16-tiktok-web.tiktokcdn-us.com/obj/tiktok-web-tx/tiktok/web/pns_fe_keyword_filtering_vmok/static/js/async/__federation_expose_entry_react_bridge.247b132d.js was preloaded using link preload but not used within a few seconds from the window's load event. Please make sure it has an appropriate `as` value and it is preloaded intentionally. @ https://www.tiktok.com/setting?lang=es:0
[  246750ms] [WARNING] The resource https://lf16-tiktok-web.tiktokcdn-us.com/obj/tiktok-web-tx/tiktok/web/pns_fe_parental_control_vmok/static/js/async/lib-router.369091d5.js was preloaded using link preload but not used within a few seconds from the window's load event. Please make sure it has an appropriate `as` value and it is preloaded intentionally. @ https://www.tiktok.com/setting?lang=es:0
[  246750ms] [WARNING] The resource https://lf16-tiktok-web.tiktokcdn-us.com/obj/tiktok-web-tx/tiktok/web/pns_fe_keyword_filtering_vmok/static/js/async/argus-builder-strategy.a3264b45.js was preloaded using link preload but not used within a few seconds from the window's load event. Please make sure it has an appropriate `as` value and it is preloaded intentionally. @ https://www.tiktok.com/setting?lang=es:0
[  246750ms] [WARNING] The resource https://lf16-tiktok-web.tiktokcdn-us.com/obj/tiktok-web-tx/tiktok/web/pns_fe_keyword_filtering_vmok/static/js/async/lib-axios.8c284c11.js was preloaded using link preload but not used within a few seconds from the window's load event. Please make sure it has an appropriate `as` value and it is preloaded intentionally. @ https://www.tiktok.com/setting?lang=es:0
[  246750ms] [WARNING] The resource https://lf16-tiktok-web.tiktokcdn-us.com/obj/tiktok-web-tx/tiktok/web/pns_fe_keyword_filtering_vmok/static/js/lib-polyfill.2d9206bd.js was preloaded using link preload but not used within a few seconds from the window's load event. Please make sure it has an appropriate `as` value and it is preloaded intentionally. @ https://www.tiktok.com/setting?lang=es:0
[  246750ms] [WARNING] The resource https://lf16-tiktok-web.tiktokcdn-us.com/obj/tiktok-web-tx/tiktok/web/pns_fe_parental_control_vmok/static/css/async/3139.a5a9f032.css was preloaded using link preload but not used within a few seconds from the window's load event. Please make sure it has an appropriate `as` value and it is preloaded intentionally. @ https://www.tiktok.com/setting?lang=es:0
[  246750ms] [WARNING] The resource https://lf16-tiktok-web.tiktokcdn-us.com/obj/tiktok-web-tx/tiktok/web/pns_fe_parental_control_vmok/static/js/async/778.beddb8c0.js was preloaded using link preload but not used within a few seconds from the window's load event. Please make sure it has an appropriate `as` value and it is preloaded intentionally. @ https://www.tiktok.com/setting?lang=es:0
[  246750ms] [WARNING] The resource https://lf16-tiktok-web.tiktokcdn-us.com/obj/tiktok-web-tx/tiktok/web/pns_fe_parental_control_vmok/static/js/async/3139.dafaa0fc.js was preloaded using link preload but not used within a few seconds from the window's load event. Please make sure it has an appropriate `as` value and it is preloaded intentionally. @ https://www.tiktok.com/setting?lang=es:0
[  246750ms] [WARNING] The resource https://lf16-tiktok-web.tiktokcdn-us.com/obj/tiktok-web-tx/tiktok/web/pns_fe_keyword_filtering_vmok/static/css/async/126.f1acf961.css was preloaded using link preload but not used within a few seconds from the window's load event. Please make sure it has an appropriate `as` value and it is preloaded intentionally. @ https://www.tiktok.com/setting?lang=es:0
[  246750ms] [WARNING] The resource https://lf16-tiktok-web.tiktokcdn-us.com/obj/tiktok-web-tx/tiktok/web/pns_fe_parental_control_vmok/static/css/async/__federation_expose_main.abb44d39.css was preloaded using link preload but not used within a few seconds from the window's load event. Please make sure it has an appropriate `as` value and it is preloaded intentionally. @ https://www.tiktok.com/setting?lang=es:0
[  254236ms] [WARNING] The resource https://lf16-tiktok-web.tiktokcdn-us.com/obj/tiktok-web-tx/tiktok/web/pns_fe_keyword_filtering_vmok/static/js/async/126.c9a90670.js was preloaded using link preload but not used within a few seconds from the window's load event. Please make sure it has an appropriate `as` value and it is preloaded intentionally. @ https://www.tiktok.com/setting?lang=es:0
[  254236ms] [WARNING] The resource https://lf16-tiktok-web.tiktokcdn-us.com/obj/tiktok-web-tx/tiktok/web/pns_fe_parental_control_vmok/static/js/async/lib-axios.56c5f961.js was preloaded using link preload but not used within a few seconds from the window's load event. Please make sure it has an appropriate `as` value and it is preloaded intentionally. @ https://www.tiktok.com/setting?lang=es:0
[  254236ms] [WARNING] The resource https://lf16-tiktok-web.tiktokcdn-us.com/obj/tiktok-web-tx/tiktok/web/pns_fe_keyword_filtering_vmok/static/js/async/606.7a63198e.js was preloaded using link preload but not used within a few seconds from the window's load event. Please make sure it has an appropriate `as` value and it is preloaded intentionally. @ https://www.tiktok.com/setting?lang=es:0
[  254236ms] [WARNING] The resource https://lf16-tiktok-web.tiktokcdn-us.com/obj/tiktok-web-tx/tiktok/web/pns_fe_keyword_filtering_vmok/static/css/async/__federation_expose_entry_react_bridge.569a7521.css was preloaded using link preload but not used within a few seconds from the window's load event. Please make sure it has an appropriate `as` value and it is preloaded intentionally. @ https://www.tiktok.com/setting?lang=es:0
[  254236ms] [WARNING] The resource https://lf16-tiktok-web.tiktokcdn-us.com/obj/tiktok-web-tx/tiktok/web/pns_fe_keyword_filtering_vmok/static/js/async/752.8dc09088.js was preloaded using link preload but not used within a few seconds from the window's load event. Please make sure it has an appropriate `as` value and it is preloaded intentionally. @ https://www.tiktok.com/setting?lang=es:0
[  254236ms] [WARNING] The resource https://lf16-tiktok-web.tiktokcdn-us.com/obj/tiktok-web-tx/tiktok/web/pns_fe_keyword_filtering_vmok/static/js/async/async-main.25610a11.js was preloaded using link preload but not used within a few seconds from the window's load event. Please make sure it has an appropriate `as` value and it is preloaded intentionally. @ https://www.tiktok.com/setting?lang=es:0
[  254236ms] [WARNING] The resource https://lf16-tiktok-web.tiktokcdn-us.com/obj/tiktok-web-tx/tiktok/web/pns_fe_keyword_filtering_vmok/static/js/async/lib-router.46d8bbc0.js was preloaded using link preload but not used within a few seconds from the window's load event. Please make sure it has an appropriate `as` value and it is preloaded intentionally. @ https://www.tiktok.com/setting?lang=es:0
[  254236ms] [WARNING] The resource https://lf16-tiktok-web.tiktokcdn-us.com/obj/tiktok-web-tx/tiktok/web/pns_fe_keyword_filtering_vmok/static/js/async/587.eafa5f92.js was preloaded using link preload but not used within a few seconds from the window's load event. Please make sure it has an appropriate `as` value and it is preloaded intentionally. @ https://www.tiktok.com/setting?lang=es:0
[  254236ms] [WARNING] The resource https://lf16-tiktok-web.tiktokcdn-us.com/obj/tiktok-web-tx/tiktok/web/pns_fe_keyword_filtering_vmok/static/js/async/593.f09ae1b5.js was preloaded using link preload but not used within a few seconds from the window's load event. Please make sure it has an appropriate `as` value and it is preloaded intentionally. @ https://www.tiktok.com/setting?lang=es:0
[  254236ms] [WARNING] The resource https://lf16-tiktok-web.tiktokcdn-us.com/obj/tiktok-web-tx/tiktok/web/pns_fe_parental_control_vmok/static/js/lib-polyfill.5e52839d.js was preloaded using link preload but not used within a few seconds from the window's load event. Please make sure it has an appropriate `as` value and it is preloaded intentionally. @ https://www.tiktok.com/setting?lang=es:0
[  254236ms] [WARNING] The resource https://lf16-tiktok-web.tiktokcdn-us.com/obj/tiktok-web-tx/tiktok/web/pns_fe_keyword_filtering_vmok/static/js/async/273.61871fe6.js was preloaded using link preload but not used within a few seconds from the window's load event. Please make sure it has an appropriate `as` value and it is preloaded intentionally. @ https://www.tiktok.com/setting?lang=es:0
[  254236ms] [WARNING] The resource https://lf16-tiktok-web.tiktokcdn-us.com/obj/tiktok-web-tx/tiktok/web/pns_fe_parental_control_vmok/static/js/async/9678.ae39123c.js was preloaded using link preload but not used within a few seconds from the window's load event. Please make sure it has an appropriate `as` value and it is preloaded intentionally. @ https://www.tiktok.com/setting?lang=es:0
[  254236ms] [WARNING] The resource https://lf16-tiktok-web.tiktokcdn-us.com/obj/tiktok-web-tx/tiktok/web/pns_fe_parental_control_vmok/static/js/async/__federation_expose_main.1a07efe8.js was preloaded using link preload but not used within a few seconds from the window's load event. Please make sure it has an appropriate `as` value and it is preloaded intentionally. @ https://www.tiktok.com/setting?lang=es:0
[  254236ms] [WARNING] The resource https://lf16-tiktok-web.tiktokcdn-us.com/obj/tiktok-web-tx/tiktok/web/pns_fe_keyword_filtering_vmok/static/js/async/__federation_expose_entry_react_bridge.247b132d.js was preloaded using link preload but not used within a few seconds from the window's load event. Please make sure it has an appropriate `as` value and it is preloaded intentionally. @ https://www.tiktok.com/setting?lang=es:0
[  254236ms] [WARNING] The resource https://lf16-tiktok-web.tiktokcdn-us.com/obj/tiktok-web-tx/tiktok/web/pns_fe_parental_control_vmok/static/js/async/lib-router.369091d5.js was preloaded using link preload but not used within a few seconds from the window's load event. Please make sure it has an appropriate `as` value and it is preloaded intentionally. @ https://www.tiktok.com/setting?lang=es:0
[  254236ms] [WARNING] The resource https://lf16-tiktok-web.tiktokcdn-us.com/obj/tiktok-web-tx/tiktok/web/pns_fe_keyword_filtering_vmok/static/js/async/argus-builder-strategy.a3264b45.js was preloaded using link preload but not used within a few seconds from the window's load event. Please make sure it has an appropriate `as` value and it is preloaded intentionally. @ https://www.tiktok.com/setting?lang=es:0
[  254236ms] [WARNING] The resource https://lf16-tiktok-web.tiktokcdn-us.com/obj/tiktok-web-tx/tiktok/web/pns_fe_keyword_filtering_vmok/static/js/async/lib-axios.8c284c11.js was preloaded using link preload but not used within a few seconds from the window's load event. Please make sure it has an appropriate `as` value and it is preloaded intentionally. @ https://www.tiktok.com/setting?lang=es:0
[  254236ms] [WARNING] The resource https://lf16-tiktok-web.tiktokcdn-us.com/obj/tiktok-web-tx/tiktok/web/pns_fe_keyword_filtering_vmok/static/js/lib-polyfill.2d9206bd.js was preloaded using link preload but not used within a few seconds from the window's load event. Please make sure it has an appropriate `as` value and it is preloaded intentionally. @ https://www.tiktok.com/setting?lang=es:0
[  254236ms] [WARNING] The resource https://lf16-tiktok-web.tiktokcdn-us.com/obj/tiktok-web-tx/tiktok/web/pns_fe_parental_control_vmok/static/css/async/3139.a5a9f032.css was preloaded using link preload but not used within a few seconds from the window's load event. Please make sure it has an appropriate `as` value and it is preloaded intentionally. @ https://www.tiktok.com/setting?lang=es:0
[  254236ms] [WARNING] The resource https://lf16-tiktok-web.tiktokcdn-us.com/obj/tiktok-web-tx/tiktok/web/pns_fe_parental_control_vmok/static/js/async/778.beddb8c0.js was preloaded using link preload but not used within a few seconds from the window's load event. Please make sure it has an appropriate `as` value and it is preloaded intentionally. @ https://www.tiktok.com/setting?lang=es:0
[  254236ms] [WARNING] The resource https://lf16-tiktok-web.tiktokcdn-us.com/obj/tiktok-web-tx/tiktok/web/pns_fe_parental_control_vmok/static/js/async/3139.dafaa0fc.js was preloaded using link preload but not used within a few seconds from the window's load event. Please make sure it has an appropriate `as` value and it is preloaded intentionally. @ https://www.tiktok.com/setting?lang=es:0
[  254236ms] [WARNING] The resource https://lf16-tiktok-web.tiktokcdn-us.com/obj/tiktok-web-tx/tiktok/web/pns_fe_keyword_filtering_vmok/static/css/async/126.f1acf961.css was preloaded using link preload but not used within a few seconds from the window's load event. Please make sure it has an appropriate `as` value and it is preloaded intentionally. @ https://www.tiktok.com/setting?lang=es:0
[  254236ms] [WARNING] The resource https://lf16-tiktok-web.tiktokcdn-us.com/obj/tiktok-web-tx/tiktok/web/pns_fe_parental_control_vmok/static/css/async/__federation_expose_main.abb44d39.css was preloaded using link preload but not used within a few seconds from the window's load event. Please make sure it has an appropriate `as` value and it is preloaded intentionally. @ https://www.tiktok.com/setting?lang=es:0
[  264536ms] [WARNING] The resource https://lf16-tiktok-web.tiktokcdn-us.com/obj/tiktok-web-tx/tiktok/web/pns_fe_keyword_filtering_vmok/static/js/async/126.c9a90670.js was preloaded using link preload but not used within a few seconds from the window's load event. Please make sure it has an appropriate `as` value and it is preloaded intentionally. @ https://www.tiktok.com/setting?lang=es:0
[  264536ms] [WARNING] The resource https://lf16-tiktok-web.tiktokcdn-us.com/obj/tiktok-web-tx/tiktok/web/pns_fe_parental_control_vmok/static/js/async/lib-axios.56c5f961.js was preloaded using link preload but not used within a few seconds from the window's load event. Please make sure it has an appropriate `as` value and it is preloaded intentionally. @ https://www.tiktok.com/setting?lang=es:0
[  264536ms] [WARNING] The resource https://lf16-tiktok-web.tiktokcdn-us.com/obj/tiktok-web-tx/tiktok/web/pns_fe_keyword_filtering_vmok/static/js/async/606.7a63198e.js was preloaded using link preload but not used within a few seconds from the window's load event. Please make sure it has an appropriate `as` value and it is preloaded intentionally. @ https://www.tiktok.com/setting?lang=es:0
[  264536ms] [WARNING] The resource https://lf16-tiktok-web.tiktokcdn-us.com/obj/tiktok-web-tx/tiktok/web/pns_fe_keyword_filtering_vmok/static/css/async/__federation_expose_entry_react_bridge.569a7521.css was preloaded using link preload but not used within a few seconds from the window's load event. Please make sure it has an appropriate `as` value and it is preloaded intentionally. @ https://www.tiktok.com/setting?lang=es:0
[  264536ms] [WARNING] The resource https://lf16-tiktok-web.tiktokcdn-us.com/obj/tiktok-web-tx/tiktok/web/pns_fe_keyword_filtering_vmok/static/js/async/752.8dc09088.js was preloaded using link preload but not used within a few seconds from the window's load event. Please make sure it has an appropriate `as` value and it is preloaded intentionally. @ https://www.tiktok.com/setting?lang=es:0
[  264536ms] [WARNING] The resource https://lf16-tiktok-web.tiktokcdn-us.com/obj/tiktok-web-tx/tiktok/web/pns_fe_keyword_filtering_vmok/static/js/async/async-main.25610a11.js was preloaded using link preload but not used within a few seconds from the window's load event. Please make sure it has an appropriate `as` value and it is preloaded intentionally. @ https://www.tiktok.com/setting?lang=es:0
[  264536ms] [WARNING] The resource https://lf16-tiktok-web.tiktokcdn-us.com/obj/tiktok-web-tx/tiktok/web/pns_fe_keyword_filtering_vmok/static/js/async/lib-router.46d8bbc0.js was preloaded using link preload but not used within a few seconds from the window's load event. Please make sure it has an appropriate `as` value and it is preloaded intentionally. @ https://www.tiktok.com/setting?lang=es:0
[  264536ms] [WARNING] The resource https://lf16-tiktok-web.tiktokcdn-us.com/obj/tiktok-web-tx/tiktok/web/pns_fe_keyword_filtering_vmok/static/js/async/587.eafa5f92.js was preloaded using link preload but not used within a few seconds from the window's load event. Please make sure it has an appropriate `as` value and it is preloaded intentionally. @ https://www.tiktok.com/setting?lang=es:0
[  264536ms] [WARNING] The resource https://lf16-tiktok-web.tiktokcdn-us.com/obj/tiktok-web-tx/tiktok/web/pns_fe_keyword_filtering_vmok/static/js/async/593.f09ae1b5.js was preloaded using link preload but not used within a few seconds from the window's load event. Please make sure it has an appropriate `as` value and it is preloaded intentionally. @ https://www.tiktok.com/setting?lang=es:0
[  264536ms] [WARNING] The resource https://lf16-tiktok-web.tiktokcdn-us.com/obj/tiktok-web-tx/tiktok/web/pns_fe_parental_control_vmok/static/js/lib-polyfill.5e52839d.js was preloaded using link preload but not used within a few seconds from the window's load event. Please make sure it has an appropriate `as` value and it is preloaded intentionally. @ https://www.tiktok.com/setting?lang=es:0
[  264536ms] [WARNING] The resource https://lf16-tiktok-web.tiktokcdn-us.com/obj/tiktok-web-tx/tiktok/web/pns_fe_keyword_filtering_vmok/static/js/async/273.61871fe6.js was preloaded using link preload but not used within a few seconds from the window's load event. Please make sure it has an appropriate `as` value and it is preloaded intentionally. @ https://www.tiktok.com/setting?lang=es:0
[  264536ms] [WARNING] The resource https://lf16-tiktok-web.tiktokcdn-us.com/obj/tiktok-web-tx/tiktok/web/pns_fe_parental_control_vmok/static/js/async/9678.ae39123c.js was preloaded using link preload but not used within a few seconds from the window's load event. Please make sure it has an appropriate `as` value and it is preloaded intentionally. @ https://www.tiktok.com/setting?lang=es:0
[  264537ms] [WARNING] The resource https://lf16-tiktok-web.tiktokcdn-us.com/obj/tiktok-web-tx/tiktok/web/pns_fe_parental_control_vmok/static/js/async/__federation_expose_main.1a07efe8.js was preloaded using link preload but not used within a few seconds from the window's load event. Please make sure it has an appropriate `as` value and it is preloaded intentionally. @ https://www.tiktok.com/setting?lang=es:0
[  264537ms] [WARNING] The resource https://lf16-tiktok-web.tiktokcdn-us.com/obj/tiktok-web-tx/tiktok/web/pns_fe_keyword_filtering_vmok/static/js/async/__federation_expose_entry_react_bridge.247b132d.js was preloaded using link preload but not used within a few seconds from the window's load event. Please make sure it has an appropriate `as` value and it is preloaded intentionally. @ https://www.tiktok.com/setting?lang=es:0
[  264537ms] [WARNING] The resource https://lf16-tiktok-web.tiktokcdn-us.com/obj/tiktok-web-tx/tiktok/web/pns_fe_parental_control_vmok/static/js/async/lib-router.369091d5.js was preloaded using link preload but not used within a few seconds from the window's load event. Please make sure it has an appropriate `as` value and it is preloaded intentionally. @ https://www.tiktok.com/setting?lang=es:0
[  264537ms] [WARNING] The resource https://lf16-tiktok-web.tiktokcdn-us.com/obj/tiktok-web-tx/tiktok/web/pns_fe_keyword_filtering_vmok/static/js/async/argus-builder-strategy.a3264b45.js was preloaded using link preload but not used within a few seconds from the window's load event. Please make sure it has an appropriate `as` value and it is preloaded intentionally. @ https://www.tiktok.com/setting?lang=es:0
[  264537ms] [WARNING] The resource https://lf16-tiktok-web.tiktokcdn-us.com/obj/tiktok-web-tx/tiktok/web/pns_fe_keyword_filtering_vmok/static/js/async/lib-axios.8c284c11.js was preloaded using link preload but not used within a few seconds from the window's load event. Please make sure it has an appropriate `as` value and it is preloaded intentionally. @ https://www.tiktok.com/setting?lang=es:0
[  264537ms] [WARNING] The resource https://lf16-tiktok-web.tiktokcdn-us.com/obj/tiktok-web-tx/tiktok/web/pns_fe_keyword_filtering_vmok/static/js/lib-polyfill.2d9206bd.js was preloaded using link preload but not used within a few seconds from the window's load event. Please make sure it has an appropriate `as` value and it is preloaded intentionally. @ https://www.tiktok.com/setting?lang=es:0
[  264537ms] [WARNING] The resource https://lf16-tiktok-web.tiktokcdn-us.com/obj/tiktok-web-tx/tiktok/web/pns_fe_parental_control_vmok/static/css/async/3139.a5a9f032.css was preloaded using link preload but not used within a few seconds from the window's load event. Please make sure it has an appropriate `as` value and it is preloaded intentionally. @ https://www.tiktok.com/setting?lang=es:0
[  264537ms] [WARNING] The resource https://lf16-tiktok-web.tiktokcdn-us.com/obj/tiktok-web-tx/tiktok/web/pns_fe_parental_control_vmok/static/js/async/778.beddb8c0.js was preloaded using link preload but not used within a few seconds from the window's load event. Please make sure it has an appropriate `as` value and it is preloaded intentionally. @ https://www.tiktok.com/setting?lang=es:0
[  264537ms] [WARNING] The resource https://lf16-tiktok-web.tiktokcdn-us.com/obj/tiktok-web-tx/tiktok/web/pns_fe_parental_control_vmok/static/js/async/3139.dafaa0fc.js was preloaded using link preload but not used within a few seconds from the window's load event. Please make sure it has an appropriate `as` value and it is preloaded intentionally. @ https://www.tiktok.com/setting?lang=es:0
[  264537ms] [WARNING] The resource https://lf16-tiktok-web.tiktokcdn-us.com/obj/tiktok-web-tx/tiktok/web/pns_fe_keyword_filtering_vmok/static/css/async/126.f1acf961.css was preloaded using link preload but not used within a few seconds from the window's load event. Please make sure it has an appropriate `as` value and it is preloaded intentionally. @ https://www.tiktok.com/setting?lang=es:0
[  264537ms] [WARNING] The resource https://lf16-tiktok-web.tiktokcdn-us.com/obj/tiktok-web-tx/tiktok/web/pns_fe_parental_control_vmok/static/css/async/__federation_expose_main.abb44d39.css was preloaded using link preload but not used within a few seconds from the window's load event. Please make sure it has an appropriate `as` value and it is preloaded intentionally. @ https://www.tiktok.com/setting?lang=es:0
[  275619ms] [WARNING] The resource https://lf16-tiktok-web.tiktokcdn-us.com/obj/tiktok-web-tx/tiktok/web/pns_fe_keyword_filtering_vmok/static/js/async/126.c9a90670.js was preloaded using link preload but not used within a few seconds from the window's load event. Please make sure it has an appropriate `as` value and it is preloaded intentionally. @ https://www.tiktok.com/setting?lang=es:0
[  275619ms] [WARNING] The resource https://lf16-tiktok-web.tiktokcdn-us.com/obj/tiktok-web-tx/tiktok/web/pns_fe_parental_control_vmok/static/js/async/lib-axios.56c5f961.js was preloaded using link preload but not used within a few seconds from the window's load event. Please make sure it has an appropriate `as` value and it is preloaded intentionally. @ https://www.tiktok.com/setting?lang=es:0
[  275619ms] [WARNING] The resource https://lf16-tiktok-web.tiktokcdn-us.com/obj/tiktok-web-tx/tiktok/web/pns_fe_keyword_filtering_vmok/static/js/async/606.7a63198e.js was preloaded using link preload but not used within a few seconds from the window's load event. Please make sure it has an appropriate `as` value and it is preloaded intentionally. @ https://www.tiktok.com/setting?lang=es:0
[  275619ms] [WARNING] The resource https://lf16-tiktok-web.tiktokcdn-us.com/obj/tiktok-web-tx/tiktok/web/pns_fe_keyword_filtering_vmok/static/css/async/__federation_expose_entry_react_bridge.569a7521.css was preloaded using link preload but not used within a few seconds from the window's load event. Please make sure it has an appropriate `as` value and it is preloaded intentionally. @ https://www.tiktok.com/setting?lang=es:0
[  275619ms] [WARNING] The resource https://lf16-tiktok-web.tiktokcdn-us.com/obj/tiktok-web-tx/tiktok/web/pns_fe_keyword_filtering_vmok/static/js/async/752.8dc09088.js was preloaded using link preload but not used within a few seconds from the window's load event. Please make sure it has an appropriate `as` value and it is preloaded intentionally. @ https://www.tiktok.com/setting?lang=es:0
[  275619ms] [WARNING] The resource https://lf16-tiktok-web.tiktokcdn-us.com/obj/tiktok-web-tx/tiktok/web/pns_fe_keyword_filtering_vmok/static/js/async/async-main.25610a11.js was preloaded using link preload but not used within a few seconds from the window's load event. Please make sure it has an appropriate `as` value and it is preloaded intentionally. @ https://www.tiktok.com/setting?lang=es:0
[  275619ms] [WARNING] The resource https://lf16-tiktok-web.tiktokcdn-us.com/obj/tiktok-web-tx/tiktok/web/pns_fe_keyword_filtering_vmok/static/js/async/lib-router.46d8bbc0.js was preloaded using link preload but not used within a few seconds from the window's load event. Please make sure it has an appropriate `as` value and it is preloaded intentionally. @ https://www.tiktok.com/setting?lang=es:0
[  275619ms] [WARNING] The resource https://lf16-tiktok-web.tiktokcdn-us.com/obj/tiktok-web-tx/tiktok/web/pns_fe_keyword_filtering_vmok/static/js/async/587.eafa5f92.js was preloaded using link preload but not used within a few seconds from the window's load event. Please make sure it has an appropriate `as` value and it is preloaded intentionally. @ https://www.tiktok.com/setting?lang=es:0
[  275619ms] [WARNING] The resource https://lf16-tiktok-web.tiktokcdn-us.com/obj/tiktok-web-tx/tiktok/web/pns_fe_keyword_filtering_vmok/static/js/async/593.f09ae1b5.js was preloaded using link preload but not used within a few seconds from the window's load event. Please make sure it has an appropriate `as` value and it is preloaded intentionally. @ https://www.tiktok.com/setting?lang=es:0
[  275619ms] [WARNING] The resource https://lf16-tiktok-web.tiktokcdn-us.com/obj/tiktok-web-tx/tiktok/web/pns_fe_parental_control_vmok/static/js/lib-polyfill.5e52839d.js was preloaded using link preload but not used within a few seconds from the window's load event. Please make sure it has an appropriate `as` value and it is preloaded intentionally. @ https://www.tiktok.com/setting?lang=es:0
[  275619ms] [WARNING] The resource https://lf16-tiktok-web.tiktokcdn-us.com/obj/tiktok-web-tx/tiktok/web/pns_fe_keyword_filtering_vmok/static/js/async/273.61871fe6.js was preloaded using link preload but not used within a few seconds from the window's load event. Please make sure it has an appropriate `as` value and it is preloaded intentionally. @ https://www.tiktok.com/setting?lang=es:0
[  275619ms] [WARNING] The resource https://lf16-tiktok-web.tiktokcdn-us.com/obj/tiktok-web-tx/tiktok/web/pns_fe_parental_control_vmok/static/js/async/9678.ae39123c.js was preloaded using link preload but not used within a few seconds from the window's load event. Please make sure it has an appropriate `as` value and it is preloaded intentionally. @ https://www.tiktok.com/setting?lang=es:0
[  275619ms] [WARNING] The resource https://lf16-tiktok-web.tiktokcdn-us.com/obj/tiktok-web-tx/tiktok/web/pns_fe_parental_control_vmok/static/js/async/__federation_expose_main.1a07efe8.js was preloaded using link preload but not used within a few seconds from the window's load event. Please make sure it has an appropriate `as` value and it is preloaded intentionally. @ https://www.tiktok.com/setting?lang=es:0
[  275619ms] [WARNING] The resource https://lf16-tiktok-web.tiktokcdn-us.com/obj/tiktok-web-tx/tiktok/web/pns_fe_keyword_filtering_vmok/static/js/async/__federation_expose_entry_react_bridge.247b132d.js was preloaded using link preload but not used within a few seconds from the window's load event. Please make sure it has an appropriate `as` value and it is preloaded intentionally. @ https://www.tiktok.com/setting?lang=es:0
[  275619ms] [WARNING] The resource https://lf16-tiktok-web.tiktokcdn-us.com/obj/tiktok-web-tx/tiktok/web/pns_fe_parental_control_vmok/static/js/async/lib-router.369091d5.js was preloaded using link preload but not used within a few seconds from the window's load event. Please make sure it has an appropriate `as` value and it is preloaded intentionally. @ https://www.tiktok.com/setting?lang=es:0
[  275619ms] [WARNING] The resource https://lf16-tiktok-web.tiktokcdn-us.com/obj/tiktok-web-tx/tiktok/web/pns_fe_keyword_filtering_vmok/static/js/async/argus-builder-strategy.a3264b45.js was preloaded using link preload but not used within a few seconds from the window's load event. Please make sure it has an appropriate `as` value and it is preloaded intentionally. @ https://www.tiktok.com/setting?lang=es:0
[  275619ms] [WARNING] The resource https://lf16-tiktok-web.tiktokcdn-us.com/obj/tiktok-web-tx/tiktok/web/pns_fe_keyword_filtering_vmok/static/js/async/lib-axios.8c284c11.js was preloaded using link preload but not used within a few seconds from the window's load event. Please make sure it has an appropriate `as` value and it is preloaded intentionally. @ https://www.tiktok.com/setting?lang=es:0
[  275619ms] [WARNING] The resource https://lf16-tiktok-web.tiktokcdn-us.com/obj/tiktok-web-tx/tiktok/web/pns_fe_keyword_filtering_vmok/static/js/lib-polyfill.2d9206bd.js was preloaded using link preload but not used within a few seconds from the window's load event. Please make sure it has an appropriate `as` value and it is preloaded intentionally. @ https://www.tiktok.com/setting?lang=es:0
[  275619ms] [WARNING] The resource https://lf16-tiktok-web.tiktokcdn-us.com/obj/tiktok-web-tx/tiktok/web/pns_fe_parental_control_vmok/static/css/async/3139.a5a9f032.css was preloaded using link preload but not used within a few seconds from the window's load event. Please make sure it has an appropriate `as` value and it is preloaded intentionally. @ https://www.tiktok.com/setting?lang=es:0
[  275619ms] [WARNING] The resource https://lf16-tiktok-web.tiktokcdn-us.com/obj/tiktok-web-tx/tiktok/web/pns_fe_parental_control_vmok/static/js/async/778.beddb8c0.js was preloaded using link preload but not used within a few seconds from the window's load event. Please make sure it has an appropriate `as` value and it is preloaded intentionally. @ https://www.tiktok.com/setting?lang=es:0
[  275619ms] [WARNING] The resource https://lf16-tiktok-web.tiktokcdn-us.com/obj/tiktok-web-tx/tiktok/web/pns_fe_parental_control_vmok/static/js/async/3139.dafaa0fc.js was preloaded using link preload but not used within a few seconds from the window's load event. Please make sure it has an appropriate `as` value and it is preloaded intentionally. @ https://www.tiktok.com/setting?lang=es:0
[  275619ms] [WARNING] The resource https://lf16-tiktok-web.tiktokcdn-us.com/obj/tiktok-web-tx/tiktok/web/pns_fe_keyword_filtering_vmok/static/css/async/126.f1acf961.css was preloaded using link preload but not used within a few seconds from the window's load event. Please make sure it has an appropriate `as` value and it is preloaded intentionally. @ https://www.tiktok.com/setting?lang=es:0
[  275619ms] [WARNING] The resource https://lf16-tiktok-web.tiktokcdn-us.com/obj/tiktok-web-tx/tiktok/web/pns_fe_parental_control_vmok/static/css/async/__federation_expose_main.abb44d39.css was preloaded using link preload but not used within a few seconds from the window's load event. Please make sure it has an appropriate `as` value and it is preloaded intentionally. @ https://www.tiktok.com/setting?lang=es:0
[  285905ms] [WARNING] The resource https://lf16-tiktok-web.tiktokcdn-us.com/obj/tiktok-web-tx/tiktok/web/pns_fe_keyword_filtering_vmok/static/js/async/126.c9a90670.js was preloaded using link preload but not used within a few seconds from the window's load event. Please make sure it has an appropriate `as` value and it is preloaded intentionally. @ https://www.tiktok.com/setting?lang=es:0
[  285905ms] [WARNING] The resource https://lf16-tiktok-web.tiktokcdn-us.com/obj/tiktok-web-tx/tiktok/web/pns_fe_parental_control_vmok/static/js/async/lib-axios.56c5f961.js was preloaded using link preload but not used within a few seconds from the window's load event. Please make sure it has an appropriate `as` value and it is preloaded intentionally. @ https://www.tiktok.com/setting?lang=es:0
[  285905ms] [WARNING] The resource https://lf16-tiktok-web.tiktokcdn-us.com/obj/tiktok-web-tx/tiktok/web/pns_fe_keyword_filtering_vmok/static/js/async/606.7a63198e.js was preloaded using link preload but not used within a few seconds from the window's load event. Please make sure it has an appropriate `as` value and it is preloaded intentionally. @ https://www.tiktok.com/setting?lang=es:0
[  285905ms] [WARNING] The resource https://lf16-tiktok-web.tiktokcdn-us.com/obj/tiktok-web-tx/tiktok/web/pns_fe_keyword_filtering_vmok/static/css/async/__federation_expose_entry_react_bridge.569a7521.css was preloaded using link preload but not used within a few seconds from the window's load event. Please make sure it has an appropriate `as` value and it is preloaded intentionally. @ https://www.tiktok.com/setting?lang=es:0
[  285905ms] [WARNING] The resource https://lf16-tiktok-web.tiktokcdn-us.com/obj/tiktok-web-tx/tiktok/web/pns_fe_keyword_filtering_vmok/static/js/async/752.8dc09088.js was preloaded using link preload but not used within a few seconds from the window's load event. Please make sure it has an appropriate `as` value and it is preloaded intentionally. @ https://www.tiktok.com/setting?lang=es:0
[  285905ms] [WARNING] The resource https://lf16-tiktok-web.tiktokcdn-us.com/obj/tiktok-web-tx/tiktok/web/pns_fe_keyword_filtering_vmok/static/js/async/async-main.25610a11.js was preloaded using link preload but not used within a few seconds from the window's load event. Please make sure it has an appropriate `as` value and it is preloaded intentionally. @ https://www.tiktok.com/setting?lang=es:0
[  285905ms] [WARNING] The resource https://lf16-tiktok-web.tiktokcdn-us.com/obj/tiktok-web-tx/tiktok/web/pns_fe_keyword_filtering_vmok/static/js/async/lib-router.46d8bbc0.js was preloaded using link preload but not used within a few seconds from the window's load event. Please make sure it has an appropriate `as` value and it is preloaded intentionally. @ https://www.tiktok.com/setting?lang=es:0
[  285906ms] [WARNING] The resource https://lf16-tiktok-web.tiktokcdn-us.com/obj/tiktok-web-tx/tiktok/web/pns_fe_keyword_filtering_vmok/static/js/async/587.eafa5f92.js was preloaded using link preload but not used within a few seconds from the window's load event. Please make sure it has an appropriate `as` value and it is preloaded intentionally. @ https://www.tiktok.com/setting?lang=es:0
[  285906ms] [WARNING] The resource https://lf16-tiktok-web.tiktokcdn-us.com/obj/tiktok-web-tx/tiktok/web/pns_fe_keyword_filtering_vmok/static/js/async/593.f09ae1b5.js was preloaded using link preload but not used within a few seconds from the window's load event. Please make sure it has an appropriate `as` value and it is preloaded intentionally. @ https://www.tiktok.com/setting?lang=es:0
[  285906ms] [WARNING] The resource https://lf16-tiktok-web.tiktokcdn-us.com/obj/tiktok-web-tx/tiktok/web/pns_fe_parental_control_vmok/static/js/lib-polyfill.5e52839d.js was preloaded using link preload but not used within a few seconds from the window's load event. Please make sure it has an appropriate `as` value and it is preloaded intentionally. @ https://www.tiktok.com/setting?lang=es:0
[  285906ms] [WARNING] The resource https://lf16-tiktok-web.tiktokcdn-us.com/obj/tiktok-web-tx/tiktok/web/pns_fe_keyword_filtering_vmok/static/js/async/273.61871fe6.js was preloaded using link preload but not used within a few seconds from the window's load event. Please make sure it has an appropriate `as` value and it is preloaded intentionally. @ https://www.tiktok.com/setting?lang=es:0
[  285906ms] [WARNING] The resource https://lf16-tiktok-web.tiktokcdn-us.com/obj/tiktok-web-tx/tiktok/web/pns_fe_parental_control_vmok/static/js/async/9678.ae39123c.js was preloaded using link preload but not used within a few seconds from the window's load event. Please make sure it has an appropriate `as` value and it is preloaded intentionally. @ https://www.tiktok.com/setting?lang=es:0
[  285906ms] [WARNING] The resource https://lf16-tiktok-web.tiktokcdn-us.com/obj/tiktok-web-tx/tiktok/web/pns_fe_parental_control_vmok/static/js/async/__federation_expose_main.1a07efe8.js was preloaded using link preload but not used within a few seconds from the window's load event. Please make sure it has an appropriate `as` value and it is preloaded intentionally. @ https://www.tiktok.com/setting?lang=es:0
[  285906ms] [WARNING] The resource https://lf16-tiktok-web.tiktokcdn-us.com/obj/tiktok-web-tx/tiktok/web/pns_fe_keyword_filtering_vmok/static/js/async/__federation_expose_entry_react_bridge.247b132d.js was preloaded using link preload but not used within a few seconds from the window's load event. Please make sure it has an appropriate `as` value and it is preloaded intentionally. @ https://www.tiktok.com/setting?lang=es:0
[  285906ms] [WARNING] The resource https://lf16-tiktok-web.tiktokcdn-us.com/obj/tiktok-web-tx/tiktok/web/pns_fe_parental_control_vmok/static/js/async/lib-router.369091d5.js was preloaded using link preload but not used within a few seconds from the window's load event. Please make sure it has an appropriate `as` value and it is preloaded intentionally. @ https://www.tiktok.com/setting?lang=es:0
[  285906ms] [WARNING] The resource https://lf16-tiktok-web.tiktokcdn-us.com/obj/tiktok-web-tx/tiktok/web/pns_fe_keyword_filtering_vmok/static/js/async/argus-builder-strategy.a3264b45.js was preloaded using link preload but not used within a few seconds from the window's load event. Please make sure it has an appropriate `as` value and it is preloaded intentionally. @ https://www.tiktok.com/setting?lang=es:0
[  285906ms] [WARNING] The resource https://lf16-tiktok-web.tiktokcdn-us.com/obj/tiktok-web-tx/tiktok/web/pns_fe_keyword_filtering_vmok/static/js/async/lib-axios.8c284c11.js was preloaded using link preload but not used within a few seconds from the window's load event. Please make sure it has an appropriate `as` value and it is preloaded intentionally. @ https://www.tiktok.com/setting?lang=es:0
[  285906ms] [WARNING] The resource https://lf16-tiktok-web.tiktokcdn-us.com/obj/tiktok-web-tx/tiktok/web/pns_fe_keyword_filtering_vmok/static/js/lib-polyfill.2d9206bd.js was preloaded using link preload but not used within a few seconds from the window's load event. Please make sure it has an appropriate `as` value and it is preloaded intentionally. @ https://www.tiktok.com/setting?lang=es:0
[  285906ms] [WARNING] The resource https://lf16-tiktok-web.tiktokcdn-us.com/obj/tiktok-web-tx/tiktok/web/pns_fe_parental_control_vmok/static/css/async/3139.a5a9f032.css was preloaded using link preload but not used within a few seconds from the window's load event. Please make sure it has an appropriate `as` value and it is preloaded intentionally. @ https://www.tiktok.com/setting?lang=es:0
[  285906ms] [WARNING] The resource https://lf16-tiktok-web.tiktokcdn-us.com/obj/tiktok-web-tx/tiktok/web/pns_fe_parental_control_vmok/static/js/async/778.beddb8c0.js was preloaded using link preload but not used within a few seconds from the window's load event. Please make sure it has an appropriate `as` value and it is preloaded intentionally. @ https://www.tiktok.com/setting?lang=es:0
[  285906ms] [WARNING] The resource https://lf16-tiktok-web.tiktokcdn-us.com/obj/tiktok-web-tx/tiktok/web/pns_fe_parental_control_vmok/static/js/async/3139.dafaa0fc.js was preloaded using link preload but not used within a few seconds from the window's load event. Please make sure it has an appropriate `as` value and it is preloaded intentionally. @ https://www.tiktok.com/setting?lang=es:0
[  285906ms] [WARNING] The resource https://lf16-tiktok-web.tiktokcdn-us.com/obj/tiktok-web-tx/tiktok/web/pns_fe_keyword_filtering_vmok/static/css/async/126.f1acf961.css was preloaded using link preload but not used within a few seconds from the window's load event. Please make sure it has an appropriate `as` value and it is preloaded intentionally. @ https://www.tiktok.com/setting?lang=es:0
[  285906ms] [WARNING] The resource https://lf16-tiktok-web.tiktokcdn-us.com/obj/tiktok-web-tx/tiktok/web/pns_fe_parental_control_vmok/static/css/async/__federation_expose_main.abb44d39.css was preloaded using link preload but not used within a few seconds from the window's load event. Please make sure it has an appropriate `as` value and it is preloaded intentionally. @ https://www.tiktok.com/setting?lang=es:0
[  296282ms] [WARNING] The resource https://lf16-tiktok-web.tiktokcdn-us.com/obj/tiktok-web-tx/tiktok/web/pns_fe_keyword_filtering_vmok/static/js/async/126.c9a90670.js was preloaded using link preload but not used within a few seconds from the window's load event. Please make sure it has an appropriate `as` value and it is preloaded intentionally. @ https://www.tiktok.com/setting?lang=es:0
[  296282ms] [WARNING] The resource https://lf16-tiktok-web.tiktokcdn-us.com/obj/tiktok-web-tx/tiktok/web/pns_fe_parental_control_vmok/static/js/async/lib-axios.56c5f961.js was preloaded using link preload but not used within a few seconds from the window's load event. Please make sure it has an appropriate `as` value and it is preloaded intentionally. @ https://www.tiktok.com/setting?lang=es:0
[  296282ms] [WARNING] The resource https://lf16-tiktok-web.tiktokcdn-us.com/obj/tiktok-web-tx/tiktok/web/pns_fe_keyword_filtering_vmok/static/js/async/606.7a63198e.js was preloaded using link preload but not used within a few seconds from the window's load event. Please make sure it has an appropriate `as` value and it is preloaded intentionally. @ https://www.tiktok.com/setting?lang=es:0
[  296282ms] [WARNING] The resource https://lf16-tiktok-web.tiktokcdn-us.com/obj/tiktok-web-tx/tiktok/web/pns_fe_keyword_filtering_vmok/static/css/async/__federation_expose_entry_react_bridge.569a7521.css was preloaded using link preload but not used within a few seconds from the window's load event. Please make sure it has an appropriate `as` value and it is preloaded intentionally. @ https://www.tiktok.com/setting?lang=es:0
[  296282ms] [WARNING] The resource https://lf16-tiktok-web.tiktokcdn-us.com/obj/tiktok-web-tx/tiktok/web/pns_fe_keyword_filtering_vmok/static/js/async/752.8dc09088.js was preloaded using link preload but not used within a few seconds from the window's load event. Please make sure it has an appropriate `as` value and it is preloaded intentionally. @ https://www.tiktok.com/setting?lang=es:0
[  296282ms] [WARNING] The resource https://lf16-tiktok-web.tiktokcdn-us.com/obj/tiktok-web-tx/tiktok/web/pns_fe_keyword_filtering_vmok/static/js/async/async-main.25610a11.js was preloaded using link preload but not used within a few seconds from the window's load event. Please make sure it has an appropriate `as` value and it is preloaded intentionally. @ https://www.tiktok.com/setting?lang=es:0
[  296282ms] [WARNING] The resource https://lf16-tiktok-web.tiktokcdn-us.com/obj/tiktok-web-tx/tiktok/web/pns_fe_keyword_filtering_vmok/static/js/async/lib-router.46d8bbc0.js was preloaded using link preload but not used within a few seconds from the window's load event. Please make sure it has an appropriate `as` value and it is preloaded intentionally. @ https://www.tiktok.com/setting?lang=es:0
[  296282ms] [WARNING] The resource https://lf16-tiktok-web.tiktokcdn-us.com/obj/tiktok-web-tx/tiktok/web/pns_fe_keyword_filtering_vmok/static/js/async/587.eafa5f92.js was preloaded using link preload but not used within a few seconds from the window's load event. Please make sure it has an appropriate `as` value and it is preloaded intentionally. @ https://www.tiktok.com/setting?lang=es:0
[  296282ms] [WARNING] The resource https://lf16-tiktok-web.tiktokcdn-us.com/obj/tiktok-web-tx/tiktok/web/pns_fe_keyword_filtering_vmok/static/js/async/593.f09ae1b5.js was preloaded using link preload but not used within a few seconds from the window's load event. Please make sure it has an appropriate `as` value and it is preloaded intentionally. @ https://www.tiktok.com/setting?lang=es:0
[  296282ms] [WARNING] The resource https://lf16-tiktok-web.tiktokcdn-us.com/obj/tiktok-web-tx/tiktok/web/pns_fe_parental_control_vmok/static/js/lib-polyfill.5e52839d.js was preloaded using link preload but not used within a few seconds from the window's load event. Please make sure it has an appropriate `as` value and it is preloaded intentionally. @ https://www.tiktok.com/setting?lang=es:0
[  296282ms] [WARNING] The resource https://lf16-tiktok-web.tiktokcdn-us.com/obj/tiktok-web-tx/tiktok/web/pns_fe_keyword_filtering_vmok/static/js/async/273.61871fe6.js was preloaded using link preload but not used within a few seconds from the window's load event. Please make sure it has an appropriate `as` value and it is preloaded intentionally. @ https://www.tiktok.com/setting?lang=es:0
[  296282ms] [WARNING] The resource https://lf16-tiktok-web.tiktokcdn-us.com/obj/tiktok-web-tx/tiktok/web/pns_fe_parental_control_vmok/static/js/async/9678.ae39123c.js was preloaded using link preload but not used within a few seconds from the window's load event. Please make sure it has an appropriate `as` value and it is preloaded intentionally. @ https://www.tiktok.com/setting?lang=es:0
[  296283ms] [WARNING] The resource https://lf16-tiktok-web.tiktokcdn-us.com/obj/tiktok-web-tx/tiktok/web/pns_fe_parental_control_vmok/static/js/async/__federation_expose_main.1a07efe8.js was preloaded using link preload but not used within a few seconds from the window's load event. Please make sure it has an appropriate `as` value and it is preloaded intentionally. @ https://www.tiktok.com/setting?lang=es:0
[  296283ms] [WARNING] The resource https://lf16-tiktok-web.tiktokcdn-us.com/obj/tiktok-web-tx/tiktok/web/pns_fe_keyword_filtering_vmok/static/js/async/__federation_expose_entry_react_bridge.247b132d.js was preloaded using link preload but not used within a few seconds from the window's load event. Please make sure it has an appropriate `as` value and it is preloaded intentionally. @ https://www.tiktok.com/setting?lang=es:0
[  296283ms] [WARNING] The resource https://lf16-tiktok-web.tiktokcdn-us.com/obj/tiktok-web-tx/tiktok/web/pns_fe_parental_control_vmok/static/js/async/lib-router.369091d5.js was preloaded using link preload but not used within a few seconds from the window's load event. Please make sure it has an appropriate `as` value and it is preloaded intentionally. @ https://www.tiktok.com/setting?lang=es:0
[  296283ms] [WARNING] The resource https://lf16-tiktok-web.tiktokcdn-us.com/obj/tiktok-web-tx/tiktok/web/pns_fe_keyword_filtering_vmok/static/js/async/argus-builder-strategy.a3264b45.js was preloaded using link preload but not used within a few seconds from the window's load event. Please make sure it has an appropriate `as` value and it is preloaded intentionally. @ https://www.tiktok.com/setting?lang=es:0
[  296283ms] [WARNING] The resource https://lf16-tiktok-web.tiktokcdn-us.com/obj/tiktok-web-tx/tiktok/web/pns_fe_keyword_filtering_vmok/static/js/async/lib-axios.8c284c11.js was preloaded using link preload but not used within a few seconds from the window's load event. Please make sure it has an appropriate `as` value and it is preloaded intentionally. @ https://www.tiktok.com/setting?lang=es:0
[  296283ms] [WARNING] The resource https://lf16-tiktok-web.tiktokcdn-us.com/obj/tiktok-web-tx/tiktok/web/pns_fe_keyword_filtering_vmok/static/js/lib-polyfill.2d9206bd.js was preloaded using link preload but not used within a few seconds from the window's load event. Please make sure it has an appropriate `as` value and it is preloaded intentionally. @ https://www.tiktok.com/setting?lang=es:0
[  296283ms] [WARNING] The resource https://lf16-tiktok-web.tiktokcdn-us.com/obj/tiktok-web-tx/tiktok/web/pns_fe_parental_control_vmok/static/css/async/3139.a5a9f032.css was preloaded using link preload but not used within a few seconds from the window's load event. Please make sure it has an appropriate `as` value and it is preloaded intentionally. @ https://www.tiktok.com/setting?lang=es:0
[  296283ms] [WARNING] The resource https://lf16-tiktok-web.tiktokcdn-us.com/obj/tiktok-web-tx/tiktok/web/pns_fe_parental_control_vmok/static/js/async/778.beddb8c0.js was preloaded using link preload but not used within a few seconds from the window's load event. Please make sure it has an appropriate `as` value and it is preloaded intentionally. @ https://www.tiktok.com/setting?lang=es:0
[  296283ms] [WARNING] The resource https://lf16-tiktok-web.tiktokcdn-us.com/obj/tiktok-web-tx/tiktok/web/pns_fe_parental_control_vmok/static/js/async/3139.dafaa0fc.js was preloaded using link preload but not used within a few seconds from the window's load event. Please make sure it has an appropriate `as` value and it is preloaded intentionally. @ https://www.tiktok.com/setting?lang=es:0
[  296283ms] [WARNING] The resource https://lf16-tiktok-web.tiktokcdn-us.com/obj/tiktok-web-tx/tiktok/web/pns_fe_keyword_filtering_vmok/static/css/async/126.f1acf961.css was preloaded using link preload but not used within a few seconds from the window's load event. Please make sure it has an appropriate `as` value and it is preloaded intentionally. @ https://www.tiktok.com/setting?lang=es:0
[  296283ms] [WARNING] The resource https://lf16-tiktok-web.tiktokcdn-us.com/obj/tiktok-web-tx/tiktok/web/pns_fe_parental_control_vmok/static/css/async/__federation_expose_main.abb44d39.css was preloaded using link preload but not used within a few seconds from the window's load event. Please make sure it has an appropriate `as` value and it is preloaded intentionally. @ https://www.tiktok.com/setting?lang=es:0
[  307747ms] [WARNING] The resource https://lf16-tiktok-web.tiktokcdn-us.com/obj/tiktok-web-tx/tiktok/web/pns_fe_keyword_filtering_vmok/static/js/async/126.c9a90670.js was preloaded using link preload but not used within a few seconds from the window's load event. Please make sure it has an appropriate `as` value and it is preloaded intentionally. @ https://www.tiktok.com/setting?lang=es:0
[  307747ms] [WARNING] The resource https://lf16-tiktok-web.tiktokcdn-us.com/obj/tiktok-web-tx/tiktok/web/pns_fe_parental_control_vmok/static/js/async/lib-axios.56c5f961.js was preloaded using link preload but not used within a few seconds from the window's load event. Please make sure it has an appropriate `as` value and it is preloaded intentionally. @ https://www.tiktok.com/setting?lang=es:0
[  307747ms] [WARNING] The resource https://lf16-tiktok-web.tiktokcdn-us.com/obj/tiktok-web-tx/tiktok/web/pns_fe_keyword_filtering_vmok/static/js/async/606.7a63198e.js was preloaded using link preload but not used within a few seconds from the window's load event. Please make sure it has an appropriate `as` value and it is preloaded intentionally. @ https://www.tiktok.com/setting?lang=es:0
[  307747ms] [WARNING] The resource https://lf16-tiktok-web.tiktokcdn-us.com/obj/tiktok-web-tx/tiktok/web/pns_fe_keyword_filtering_vmok/static/css/async/__federation_expose_entry_react_bridge.569a7521.css was preloaded using link preload but not used within a few seconds from the window's load event. Please make sure it has an appropriate `as` value and it is preloaded intentionally. @ https://www.tiktok.com/setting?lang=es:0
[  307747ms] [WARNING] The resource https://lf16-tiktok-web.tiktokcdn-us.com/obj/tiktok-web-tx/tiktok/web/pns_fe_keyword_filtering_vmok/static/js/async/752.8dc09088.js was preloaded using link preload but not used within a few seconds from the window's load event. Please make sure it has an appropriate `as` value and it is preloaded intentionally. @ https://www.tiktok.com/setting?lang=es:0
[  307747ms] [WARNING] The resource https://lf16-tiktok-web.tiktokcdn-us.com/obj/tiktok-web-tx/tiktok/web/pns_fe_keyword_filtering_vmok/static/js/async/async-main.25610a11.js was preloaded using link preload but not used within a few seconds from the window's load event. Please make sure it has an appropriate `as` value and it is preloaded intentionally. @ https://www.tiktok.com/setting?lang=es:0
[  307748ms] [WARNING] The resource https://lf16-tiktok-web.tiktokcdn-us.com/obj/tiktok-web-tx/tiktok/web/pns_fe_keyword_filtering_vmok/static/js/async/lib-router.46d8bbc0.js was preloaded using link preload but not used within a few seconds from the window's load event. Please make sure it has an appropriate `as` value and it is preloaded intentionally. @ https://www.tiktok.com/setting?lang=es:0
[  307748ms] [WARNING] The resource https://lf16-tiktok-web.tiktokcdn-us.com/obj/tiktok-web-tx/tiktok/web/pns_fe_keyword_filtering_vmok/static/js/async/587.eafa5f92.js was preloaded using link preload but not used within a few seconds from the window's load event. Please make sure it has an appropriate `as` value and it is preloaded intentionally. @ https://www.tiktok.com/setting?lang=es:0
[  307748ms] [WARNING] The resource https://lf16-tiktok-web.tiktokcdn-us.com/obj/tiktok-web-tx/tiktok/web/pns_fe_keyword_filtering_vmok/static/js/async/593.f09ae1b5.js was preloaded using link preload but not used within a few seconds from the window's load event. Please make sure it has an appropriate `as` value and it is preloaded intentionally. @ https://www.tiktok.com/setting?lang=es:0
[  307748ms] [WARNING] The resource https://lf16-tiktok-web.tiktokcdn-us.com/obj/tiktok-web-tx/tiktok/web/pns_fe_parental_control_vmok/static/js/lib-polyfill.5e52839d.js was preloaded using link preload but not used within a few seconds from the window's load event. Please make sure it has an appropriate `as` value and it is preloaded intentionally. @ https://www.tiktok.com/setting?lang=es:0
[  307748ms] [WARNING] The resource https://lf16-tiktok-web.tiktokcdn-us.com/obj/tiktok-web-tx/tiktok/web/pns_fe_keyword_filtering_vmok/static/js/async/273.61871fe6.js was preloaded using link preload but not used within a few seconds from the window's load event. Please make sure it has an appropriate `as` value and it is preloaded intentionally. @ https://www.tiktok.com/setting?lang=es:0
[  307748ms] [WARNING] The resource https://lf16-tiktok-web.tiktokcdn-us.com/obj/tiktok-web-tx/tiktok/web/pns_fe_parental_control_vmok/static/js/async/9678.ae39123c.js was preloaded using link preload but not used within a few seconds from the window's load event. Please make sure it has an appropriate `as` value and it is preloaded intentionally. @ https://www.tiktok.com/setting?lang=es:0
[  307748ms] [WARNING] The resource https://lf16-tiktok-web.tiktokcdn-us.com/obj/tiktok-web-tx/tiktok/web/pns_fe_parental_control_vmok/static/js/async/__federation_expose_main.1a07efe8.js was preloaded using link preload but not used within a few seconds from the window's load event. Please make sure it has an appropriate `as` value and it is preloaded intentionally. @ https://www.tiktok.com/setting?lang=es:0
[  307748ms] [WARNING] The resource https://lf16-tiktok-web.tiktokcdn-us.com/obj/tiktok-web-tx/tiktok/web/pns_fe_keyword_filtering_vmok/static/js/async/__federation_expose_entry_react_bridge.247b132d.js was preloaded using link preload but not used within a few seconds from the window's load event. Please make sure it has an appropriate `as` value and it is preloaded intentionally. @ https://www.tiktok.com/setting?lang=es:0
[  307748ms] [WARNING] The resource https://lf16-tiktok-web.tiktokcdn-us.com/obj/tiktok-web-tx/tiktok/web/pns_fe_parental_control_vmok/static/js/async/lib-router.369091d5.js was preloaded using link preload but not used within a few seconds from the window's load event. Please make sure it has an appropriate `as` value and it is preloaded intentionally. @ https://www.tiktok.com/setting?lang=es:0
[  307748ms] [WARNING] The resource https://lf16-tiktok-web.tiktokcdn-us.com/obj/tiktok-web-tx/tiktok/web/pns_fe_keyword_filtering_vmok/static/js/async/argus-builder-strategy.a3264b45.js was preloaded using link preload but not used within a few seconds from the window's load event. Please make sure it has an appropriate `as` value and it is preloaded intentionally. @ https://www.tiktok.com/setting?lang=es:0
[  307748ms] [WARNING] The resource https://lf16-tiktok-web.tiktokcdn-us.com/obj/tiktok-web-tx/tiktok/web/pns_fe_keyword_filtering_vmok/static/js/async/lib-axios.8c284c11.js was preloaded using link preload but not used within a few seconds from the window's load event. Please make sure it has an appropriate `as` value and it is preloaded intentionally. @ https://www.tiktok.com/setting?lang=es:0
[  307748ms] [WARNING] The resource https://lf16-tiktok-web.tiktokcdn-us.com/obj/tiktok-web-tx/tiktok/web/pns_fe_keyword_filtering_vmok/static/js/lib-polyfill.2d9206bd.js was preloaded using link preload but not used within a few seconds from the window's load event. Please make sure it has an appropriate `as` value and it is preloaded intentionally. @ https://www.tiktok.com/setting?lang=es:0
[  307748ms] [WARNING] The resource https://lf16-tiktok-web.tiktokcdn-us.com/obj/tiktok-web-tx/tiktok/web/pns_fe_parental_control_vmok/static/css/async/3139.a5a9f032.css was preloaded using link preload but not used within a few seconds from the window's load event. Please make sure it has an appropriate `as` value and it is preloaded intentionally. @ https://www.tiktok.com/setting?lang=es:0
[  307748ms] [WARNING] The resource https://lf16-tiktok-web.tiktokcdn-us.com/obj/tiktok-web-tx/tiktok/web/pns_fe_parental_control_vmok/static/js/async/778.beddb8c0.js was preloaded using link preload but not used within a few seconds from the window's load event. Please make sure it has an appropriate `as` value and it is preloaded intentionally. @ https://www.tiktok.com/setting?lang=es:0
[  307748ms] [WARNING] The resource https://lf16-tiktok-web.tiktokcdn-us.com/obj/tiktok-web-tx/tiktok/web/pns_fe_parental_control_vmok/static/js/async/3139.dafaa0fc.js was preloaded using link preload but not used within a few seconds from the window's load event. Please make sure it has an appropriate `as` value and it is preloaded intentionally. @ https://www.tiktok.com/setting?lang=es:0
[  307748ms] [WARNING] The resource https://lf16-tiktok-web.tiktokcdn-us.com/obj/tiktok-web-tx/tiktok/web/pns_fe_keyword_filtering_vmok/static/css/async/126.f1acf961.css was preloaded using link preload but not used within a few seconds from the window's load event. Please make sure it has an appropriate `as` value and it is preloaded intentionally. @ https://www.tiktok.com/setting?lang=es:0
[  307748ms] [WARNING] The resource https://lf16-tiktok-web.tiktokcdn-us.com/obj/tiktok-web-tx/tiktok/web/pns_fe_parental_control_vmok/static/css/async/__federation_expose_main.abb44d39.css was preloaded using link preload but not used within a few seconds from the window's load event. Please make sure it has an appropriate `as` value and it is preloaded intentionally. @ https://www.tiktok.com/setting?lang=es:0
[  317314ms] [WARNING] The resource https://lf16-tiktok-web.tiktokcdn-us.com/obj/tiktok-web-tx/tiktok/web/pns_fe_keyword_filtering_vmok/static/js/async/126.c9a90670.js was preloaded using link preload but not used within a few seconds from the window's load event. Please make sure it has an appropriate `as` value and it is preloaded intentionally. @ https://www.tiktok.com/setting?lang=es:0
[  317314ms] [WARNING] The resource https://lf16-tiktok-web.tiktokcdn-us.com/obj/tiktok-web-tx/tiktok/web/pns_fe_parental_control_vmok/static/js/async/lib-axios.56c5f961.js was preloaded using link preload but not used within a few seconds from the window's load event. Please make sure it has an appropriate `as` value and it is preloaded intentionally. @ https://www.tiktok.com/setting?lang=es:0
[  317314ms] [WARNING] The resource https://lf16-tiktok-web.tiktokcdn-us.com/obj/tiktok-web-tx/tiktok/web/pns_fe_keyword_filtering_vmok/static/js/async/606.7a63198e.js was preloaded using link preload but not used within a few seconds from the window's load event. Please make sure it has an appropriate `as` value and it is preloaded intentionally. @ https://www.tiktok.com/setting?lang=es:0
[  317315ms] [WARNING] The resource https://lf16-tiktok-web.tiktokcdn-us.com/obj/tiktok-web-tx/tiktok/web/pns_fe_keyword_filtering_vmok/static/css/async/__federation_expose_entry_react_bridge.569a7521.css was preloaded using link preload but not used within a few seconds from the window's load event. Please make sure it has an appropriate `as` value and it is preloaded intentionally. @ https://www.tiktok.com/setting?lang=es:0
[  317315ms] [WARNING] The resource https://lf16-tiktok-web.tiktokcdn-us.com/obj/tiktok-web-tx/tiktok/web/pns_fe_keyword_filtering_vmok/static/js/async/752.8dc09088.js was preloaded using link preload but not used within a few seconds from the window's load event. Please make sure it has an appropriate `as` value and it is preloaded intentionally. @ https://www.tiktok.com/setting?lang=es:0
[  317315ms] [WARNING] The resource https://lf16-tiktok-web.tiktokcdn-us.com/obj/tiktok-web-tx/tiktok/web/pns_fe_keyword_filtering_vmok/static/js/async/async-main.25610a11.js was preloaded using link preload but not used within a few seconds from the window's load event. Please make sure it has an appropriate `as` value and it is preloaded intentionally. @ https://www.tiktok.com/setting?lang=es:0
[  317315ms] [WARNING] The resource https://lf16-tiktok-web.tiktokcdn-us.com/obj/tiktok-web-tx/tiktok/web/pns_fe_keyword_filtering_vmok/static/js/async/lib-router.46d8bbc0.js was preloaded using link preload but not used within a few seconds from the window's load event. Please make sure it has an appropriate `as` value and it is preloaded intentionally. @ https://www.tiktok.com/setting?lang=es:0
[  317315ms] [WARNING] The resource https://lf16-tiktok-web.tiktokcdn-us.com/obj/tiktok-web-tx/tiktok/web/pns_fe_keyword_filtering_vmok/static/js/async/587.eafa5f92.js was preloaded using link preload but not used within a few seconds from the window's load event. Please make sure it has an appropriate `as` value and it is preloaded intentionally. @ https://www.tiktok.com/setting?lang=es:0
[  317315ms] [WARNING] The resource https://lf16-tiktok-web.tiktokcdn-us.com/obj/tiktok-web-tx/tiktok/web/pns_fe_keyword_filtering_vmok/static/js/async/593.f09ae1b5.js was preloaded using link preload but not used within a few seconds from the window's load event. Please make sure it has an appropriate `as` value and it is preloaded intentionally. @ https://www.tiktok.com/setting?lang=es:0
[  317315ms] [WARNING] The resource https://lf16-tiktok-web.tiktokcdn-us.com/obj/tiktok-web-tx/tiktok/web/pns_fe_parental_control_vmok/static/js/lib-polyfill.5e52839d.js was preloaded using link preload but not used within a few seconds from the window's load event. Please make sure it has an appropriate `as` value and it is preloaded intentionally. @ https://www.tiktok.com/setting?lang=es:0
[  317315ms] [WARNING] The resource https://lf16-tiktok-web.tiktokcdn-us.com/obj/tiktok-web-tx/tiktok/web/pns_fe_keyword_filtering_vmok/static/js/async/273.61871fe6.js was preloaded using link preload but not used within a few seconds from the window's load event. Please make sure it has an appropriate `as` value and it is preloaded intentionally. @ https://www.tiktok.com/setting?lang=es:0
[  317315ms] [WARNING] The resource https://lf16-tiktok-web.tiktokcdn-us.com/obj/tiktok-web-tx/tiktok/web/pns_fe_parental_control_vmok/static/js/async/9678.ae39123c.js was preloaded using link preload but not used within a few seconds from the window's load event. Please make sure it has an appropriate `as` value and it is preloaded intentionally. @ https://www.tiktok.com/setting?lang=es:0
[  317315ms] [WARNING] The resource https://lf16-tiktok-web.tiktokcdn-us.com/obj/tiktok-web-tx/tiktok/web/pns_fe_parental_control_vmok/static/js/async/__federation_expose_main.1a07efe8.js was preloaded using link preload but not used within a few seconds from the window's load event. Please make sure it has an appropriate `as` value and it is preloaded intentionally. @ https://www.tiktok.com/setting?lang=es:0
[  317315ms] [WARNING] The resource https://lf16-tiktok-web.tiktokcdn-us.com/obj/tiktok-web-tx/tiktok/web/pns_fe_keyword_filtering_vmok/static/js/async/__federation_expose_entry_react_bridge.247b132d.js was preloaded using link preload but not used within a few seconds from the window's load event. Please make sure it has an appropriate `as` value and it is preloaded intentionally. @ https://www.tiktok.com/setting?lang=es:0
[  317315ms] [WARNING] The resource https://lf16-tiktok-web.tiktokcdn-us.com/obj/tiktok-web-tx/tiktok/web/pns_fe_parental_control_vmok/static/js/async/lib-router.369091d5.js was preloaded using link preload but not used within a few seconds from the window's load event. Please make sure it has an appropriate `as` value and it is preloaded intentionally. @ https://www.tiktok.com/setting?lang=es:0
[  317315ms] [WARNING] The resource https://lf16-tiktok-web.tiktokcdn-us.com/obj/tiktok-web-tx/tiktok/web/pns_fe_keyword_filtering_vmok/static/js/async/argus-builder-strategy.a3264b45.js was preloaded using link preload but not used within a few seconds from the window's load event. Please make sure it has an appropriate `as` value and it is preloaded intentionally. @ https://www.tiktok.com/setting?lang=es:0
[  317315ms] [WARNING] The resource https://lf16-tiktok-web.tiktokcdn-us.com/obj/tiktok-web-tx/tiktok/web/pns_fe_keyword_filtering_vmok/static/js/async/lib-axios.8c284c11.js was preloaded using link preload but not used within a few seconds from the window's load event. Please make sure it has an appropriate `as` value and it is preloaded intentionally. @ https://www.tiktok.com/setting?lang=es:0
[  317315ms] [WARNING] The resource https://lf16-tiktok-web.tiktokcdn-us.com/obj/tiktok-web-tx/tiktok/web/pns_fe_keyword_filtering_vmok/static/js/lib-polyfill.2d9206bd.js was preloaded using link preload but not used within a few seconds from the window's load event. Please make sure it has an appropriate `as` value and it is preloaded intentionally. @ https://www.tiktok.com/setting?lang=es:0
[  317315ms] [WARNING] The resource https://lf16-tiktok-web.tiktokcdn-us.com/obj/tiktok-web-tx/tiktok/web/pns_fe_parental_control_vmok/static/css/async/3139.a5a9f032.css was preloaded using link preload but not used within a few seconds from the window's load event. Please make sure it has an appropriate `as` value and it is preloaded intentionally. @ https://www.tiktok.com/setting?lang=es:0
[  317315ms] [WARNING] The resource https://lf16-tiktok-web.tiktokcdn-us.com/obj/tiktok-web-tx/tiktok/web/pns_fe_parental_control_vmok/static/js/async/778.beddb8c0.js was preloaded using link preload but not used within a few seconds from the window's load event. Please make sure it has an appropriate `as` value and it is preloaded intentionally. @ https://www.tiktok.com/setting?lang=es:0
[  317315ms] [WARNING] The resource https://lf16-tiktok-web.tiktokcdn-us.com/obj/tiktok-web-tx/tiktok/web/pns_fe_parental_control_vmok/static/js/async/3139.dafaa0fc.js was preloaded using link preload but not used within a few seconds from the window's load event. Please make sure it has an appropriate `as` value and it is preloaded intentionally. @ https://www.tiktok.com/setting?lang=es:0
[  317315ms] [WARNING] The resource https://lf16-tiktok-web.tiktokcdn-us.com/obj/tiktok-web-tx/tiktok/web/pns_fe_keyword_filtering_vmok/static/css/async/126.f1acf961.css was preloaded using link preload but not used within a few seconds from the window's load event. Please make sure it has an appropriate `as` value and it is preloaded intentionally. @ https://www.tiktok.com/setting?lang=es:0
[  317315ms] [WARNING] The resource https://lf16-tiktok-web.tiktokcdn-us.com/obj/tiktok-web-tx/tiktok/web/pns_fe_parental_control_vmok/static/css/async/__federation_expose_main.abb44d39.css was preloaded using link preload but not used within a few seconds from the window's load event. Please make sure it has an appropriate `as` value and it is preloaded intentionally. @ https://www.tiktok.com/setting?lang=es:0
[  326659ms] [WARNING] The resource https://lf16-tiktok-web.tiktokcdn-us.com/obj/tiktok-web-tx/tiktok/web/pns_fe_keyword_filtering_vmok/static/js/async/126.c9a90670.js was preloaded using link preload but not used within a few seconds from the window's load event. Please make sure it has an appropriate `as` value and it is preloaded intentionally. @ https://www.tiktok.com/setting?lang=es:0
[  326659ms] [WARNING] The resource https://lf16-tiktok-web.tiktokcdn-us.com/obj/tiktok-web-tx/tiktok/web/pns_fe_parental_control_vmok/static/js/async/lib-axios.56c5f961.js was preloaded using link preload but not used within a few seconds from the window's load event. Please make sure it has an appropriate `as` value and it is preloaded intentionally. @ https://www.tiktok.com/setting?lang=es:0
[  326659ms] [WARNING] The resource https://lf16-tiktok-web.tiktokcdn-us.com/obj/tiktok-web-tx/tiktok/web/pns_fe_keyword_filtering_vmok/static/js/async/606.7a63198e.js was preloaded using link preload but not used within a few seconds from the window's load event. Please make sure it has an appropriate `as` value and it is preloaded intentionally. @ https://www.tiktok.com/setting?lang=es:0
[  326659ms] [WARNING] The resource https://lf16-tiktok-web.tiktokcdn-us.com/obj/tiktok-web-tx/tiktok/web/pns_fe_keyword_filtering_vmok/static/css/async/__federation_expose_entry_react_bridge.569a7521.css was preloaded using link preload but not used within a few seconds from the window's load event. Please make sure it has an appropriate `as` value and it is preloaded intentionally. @ https://www.tiktok.com/setting?lang=es:0
[  326659ms] [WARNING] The resource https://lf16-tiktok-web.tiktokcdn-us.com/obj/tiktok-web-tx/tiktok/web/pns_fe_keyword_filtering_vmok/static/js/async/752.8dc09088.js was preloaded using link preload but not used within a few seconds from the window's load event. Please make sure it has an appropriate `as` value and it is preloaded intentionally. @ https://www.tiktok.com/setting?lang=es:0
[  326659ms] [WARNING] The resource https://lf16-tiktok-web.tiktokcdn-us.com/obj/tiktok-web-tx/tiktok/web/pns_fe_keyword_filtering_vmok/static/js/async/async-main.25610a11.js was preloaded using link preload but not used within a few seconds from the window's load event. Please make sure it has an appropriate `as` value and it is preloaded intentionally. @ https://www.tiktok.com/setting?lang=es:0
[  326659ms] [WARNING] The resource https://lf16-tiktok-web.tiktokcdn-us.com/obj/tiktok-web-tx/tiktok/web/pns_fe_keyword_filtering_vmok/static/js/async/lib-router.46d8bbc0.js was preloaded using link preload but not used within a few seconds from the window's load event. Please make sure it has an appropriate `as` value and it is preloaded intentionally. @ https://www.tiktok.com/setting?lang=es:0
[  326659ms] [WARNING] The resource https://lf16-tiktok-web.tiktokcdn-us.com/obj/tiktok-web-tx/tiktok/web/pns_fe_keyword_filtering_vmok/static/js/async/587.eafa5f92.js was preloaded using link preload but not used within a few seconds from the window's load event. Please make sure it has an appropriate `as` value and it is preloaded intentionally. @ https://www.tiktok.com/setting?lang=es:0
[  326659ms] [WARNING] The resource https://lf16-tiktok-web.tiktokcdn-us.com/obj/tiktok-web-tx/tiktok/web/pns_fe_keyword_filtering_vmok/static/js/async/593.f09ae1b5.js was preloaded using link preload but not used within a few seconds from the window's load event. Please make sure it has an appropriate `as` value and it is preloaded intentionally. @ https://www.tiktok.com/setting?lang=es:0
[  326659ms] [WARNING] The resource https://lf16-tiktok-web.tiktokcdn-us.com/obj/tiktok-web-tx/tiktok/web/pns_fe_parental_control_vmok/static/js/lib-polyfill.5e52839d.js was preloaded using link preload but not used within a few seconds from the window's load event. Please make sure it has an appropriate `as` value and it is preloaded intentionally. @ https://www.tiktok.com/setting?lang=es:0
[  326659ms] [WARNING] The resource https://lf16-tiktok-web.tiktokcdn-us.com/obj/tiktok-web-tx/tiktok/web/pns_fe_keyword_filtering_vmok/static/js/async/273.61871fe6.js was preloaded using link preload but not used within a few seconds from the window's load event. Please make sure it has an appropriate `as` value and it is preloaded intentionally. @ https://www.tiktok.com/setting?lang=es:0
[  326659ms] [WARNING] The resource https://lf16-tiktok-web.tiktokcdn-us.com/obj/tiktok-web-tx/tiktok/web/pns_fe_parental_control_vmok/static/js/async/9678.ae39123c.js was preloaded using link preload but not used within a few seconds from the window's load event. Please make sure it has an appropriate `as` value and it is preloaded intentionally. @ https://www.tiktok.com/setting?lang=es:0
[  326659ms] [WARNING] The resource https://lf16-tiktok-web.tiktokcdn-us.com/obj/tiktok-web-tx/tiktok/web/pns_fe_parental_control_vmok/static/js/async/__federation_expose_main.1a07efe8.js was preloaded using link preload but not used within a few seconds from the window's load event. Please make sure it has an appropriate `as` value and it is preloaded intentionally. @ https://www.tiktok.com/setting?lang=es:0
[  326659ms] [WARNING] The resource https://lf16-tiktok-web.tiktokcdn-us.com/obj/tiktok-web-tx/tiktok/web/pns_fe_keyword_filtering_vmok/static/js/async/__federation_expose_entry_react_bridge.247b132d.js was preloaded using link preload but not used within a few seconds from the window's load event. Please make sure it has an appropriate `as` value and it is preloaded intentionally. @ https://www.tiktok.com/setting?lang=es:0
[  326659ms] [WARNING] The resource https://lf16-tiktok-web.tiktokcdn-us.com/obj/tiktok-web-tx/tiktok/web/pns_fe_parental_control_vmok/static/js/async/lib-router.369091d5.js was preloaded using link preload but not used within a few seconds from the window's load event. Please make sure it has an appropriate `as` value and it is preloaded intentionally. @ https://www.tiktok.com/setting?lang=es:0
[  326659ms] [WARNING] The resource https://lf16-tiktok-web.tiktokcdn-us.com/obj/tiktok-web-tx/tiktok/web/pns_fe_keyword_filtering_vmok/static/js/async/argus-builder-strategy.a3264b45.js was preloaded using link preload but not used within a few seconds from the window's load event. Please make sure it has an appropriate `as` value and it is preloaded intentionally. @ https://www.tiktok.com/setting?lang=es:0
[  326659ms] [WARNING] The resource https://lf16-tiktok-web.tiktokcdn-us.com/obj/tiktok-web-tx/tiktok/web/pns_fe_keyword_filtering_vmok/static/js/async/lib-axios.8c284c11.js was preloaded using link preload but not used within a few seconds from the window's load event. Please make sure it has an appropriate `as` value and it is preloaded intentionally. @ https://www.tiktok.com/setting?lang=es:0
[  326659ms] [WARNING] The resource https://lf16-tiktok-web.tiktokcdn-us.com/obj/tiktok-web-tx/tiktok/web/pns_fe_keyword_filtering_vmok/static/js/lib-polyfill.2d9206bd.js was preloaded using link preload but not used within a few seconds from the window's load event. Please make sure it has an appropriate `as` value and it is preloaded intentionally. @ https://www.tiktok.com/setting?lang=es:0
[  326659ms] [WARNING] The resource https://lf16-tiktok-web.tiktokcdn-us.com/obj/tiktok-web-tx/tiktok/web/pns_fe_parental_control_vmok/static/css/async/3139.a5a9f032.css was preloaded using link preload but not used within a few seconds from the window's load event. Please make sure it has an appropriate `as` value and it is preloaded intentionally. @ https://www.tiktok.com/setting?lang=es:0
[  326659ms] [WARNING] The resource https://lf16-tiktok-web.tiktokcdn-us.com/obj/tiktok-web-tx/tiktok/web/pns_fe_parental_control_vmok/static/js/async/778.beddb8c0.js was preloaded using link preload but not used within a few seconds from the window's load event. Please make sure it has an appropriate `as` value and it is preloaded intentionally. @ https://www.tiktok.com/setting?lang=es:0
[  326659ms] [WARNING] The resource https://lf16-tiktok-web.tiktokcdn-us.com/obj/tiktok-web-tx/tiktok/web/pns_fe_parental_control_vmok/static/js/async/3139.dafaa0fc.js was preloaded using link preload but not used within a few seconds from the window's load event. Please make sure it has an appropriate `as` value and it is preloaded intentionally. @ https://www.tiktok.com/setting?lang=es:0
[  326659ms] [WARNING] The resource https://lf16-tiktok-web.tiktokcdn-us.com/obj/tiktok-web-tx/tiktok/web/pns_fe_keyword_filtering_vmok/static/css/async/126.f1acf961.css was preloaded using link preload but not used within a few seconds from the window's load event. Please make sure it has an appropriate `as` value and it is preloaded intentionally. @ https://www.tiktok.com/setting?lang=es:0
[  326659ms] [WARNING] The resource https://lf16-tiktok-web.tiktokcdn-us.com/obj/tiktok-web-tx/tiktok/web/pns_fe_parental_control_vmok/static/css/async/__federation_expose_main.abb44d39.css was preloaded using link preload but not used within a few seconds from the window's load event. Please make sure it has an appropriate `as` value and it is preloaded intentionally. @ https://www.tiktok.com/setting?lang=es:0
[  337727ms] [WARNING] The resource https://lf16-tiktok-web.tiktokcdn-us.com/obj/tiktok-web-tx/tiktok/web/pns_fe_keyword_filtering_vmok/static/js/async/126.c9a90670.js was preloaded using link preload but not used within a few seconds from the window's load event. Please make sure it has an appropriate `as` value and it is preloaded intentionally. @ https://www.tiktok.com/setting?lang=es:0
[  337727ms] [WARNING] The resource https://lf16-tiktok-web.tiktokcdn-us.com/obj/tiktok-web-tx/tiktok/web/pns_fe_parental_control_vmok/static/js/async/lib-axios.56c5f961.js was preloaded using link preload but not used within a few seconds from the window's load event. Please make sure it has an appropriate `as` value and it is preloaded intentionally. @ https://www.tiktok.com/setting?lang=es:0
[  337727ms] [WARNING] The resource https://lf16-tiktok-web.tiktokcdn-us.com/obj/tiktok-web-tx/tiktok/web/pns_fe_keyword_filtering_vmok/static/js/async/606.7a63198e.js was preloaded using link preload but not used within a few seconds from the window's load event. Please make sure it has an appropriate `as` value and it is preloaded intentionally. @ https://www.tiktok.com/setting?lang=es:0
[  337727ms] [WARNING] The resource https://lf16-tiktok-web.tiktokcdn-us.com/obj/tiktok-web-tx/tiktok/web/pns_fe_keyword_filtering_vmok/static/css/async/__federation_expose_entry_react_bridge.569a7521.css was preloaded using link preload but not used within a few seconds from the window's load event. Please make sure it has an appropriate `as` value and it is preloaded intentionally. @ https://www.tiktok.com/setting?lang=es:0
[  337727ms] [WARNING] The resource https://lf16-tiktok-web.tiktokcdn-us.com/obj/tiktok-web-tx/tiktok/web/pns_fe_keyword_filtering_vmok/static/js/async/752.8dc09088.js was preloaded using link preload but not used within a few seconds from the window's load event. Please make sure it has an appropriate `as` value and it is preloaded intentionally. @ https://www.tiktok.com/setting?lang=es:0
[  337727ms] [WARNING] The resource https://lf16-tiktok-web.tiktokcdn-us.com/obj/tiktok-web-tx/tiktok/web/pns_fe_keyword_filtering_vmok/static/js/async/async-main.25610a11.js was preloaded using link preload but not used within a few seconds from the window's load event. Please make sure it has an appropriate `as` value and it is preloaded intentionally. @ https://www.tiktok.com/setting?lang=es:0
[  337727ms] [WARNING] The resource https://lf16-tiktok-web.tiktokcdn-us.com/obj/tiktok-web-tx/tiktok/web/pns_fe_keyword_filtering_vmok/static/js/async/lib-router.46d8bbc0.js was preloaded using link preload but not used within a few seconds from the window's load event. Please make sure it has an appropriate `as` value and it is preloaded intentionally. @ https://www.tiktok.com/setting?lang=es:0
[  337727ms] [WARNING] The resource https://lf16-tiktok-web.tiktokcdn-us.com/obj/tiktok-web-tx/tiktok/web/pns_fe_keyword_filtering_vmok/static/js/async/587.eafa5f92.js was preloaded using link preload but not used within a few seconds from the window's load event. Please make sure it has an appropriate `as` value and it is preloaded intentionally. @ https://www.tiktok.com/setting?lang=es:0
[  337727ms] [WARNING] The resource https://lf16-tiktok-web.tiktokcdn-us.com/obj/tiktok-web-tx/tiktok/web/pns_fe_keyword_filtering_vmok/static/js/async/593.f09ae1b5.js was preloaded using link preload but not used within a few seconds from the window's load event. Please make sure it has an appropriate `as` value and it is preloaded intentionally. @ https://www.tiktok.com/setting?lang=es:0
[  337727ms] [WARNING] The resource https://lf16-tiktok-web.tiktokcdn-us.com/obj/tiktok-web-tx/tiktok/web/pns_fe_parental_control_vmok/static/js/lib-polyfill.5e52839d.js was preloaded using link preload but not used within a few seconds from the window's load event. Please make sure it has an appropriate `as` value and it is preloaded intentionally. @ https://www.tiktok.com/setting?lang=es:0
[  337727ms] [WARNING] The resource https://lf16-tiktok-web.tiktokcdn-us.com/obj/tiktok-web-tx/tiktok/web/pns_fe_keyword_filtering_vmok/static/js/async/273.61871fe6.js was preloaded using link preload but not used within a few seconds from the window's load event. Please make sure it has an appropriate `as` value and it is preloaded intentionally. @ https://www.tiktok.com/setting?lang=es:0
[  337727ms] [WARNING] The resource https://lf16-tiktok-web.tiktokcdn-us.com/obj/tiktok-web-tx/tiktok/web/pns_fe_parental_control_vmok/static/js/async/9678.ae39123c.js was preloaded using link preload but not used within a few seconds from the window's load event. Please make sure it has an appropriate `as` value and it is preloaded intentionally. @ https://www.tiktok.com/setting?lang=es:0
[  337727ms] [WARNING] The resource https://lf16-tiktok-web.tiktokcdn-us.com/obj/tiktok-web-tx/tiktok/web/pns_fe_parental_control_vmok/static/js/async/__federation_expose_main.1a07efe8.js was preloaded using link preload but not used within a few seconds from the window's load event. Please make sure it has an appropriate `as` value and it is preloaded intentionally. @ https://www.tiktok.com/setting?lang=es:0
[  337727ms] [WARNING] The resource https://lf16-tiktok-web.tiktokcdn-us.com/obj/tiktok-web-tx/tiktok/web/pns_fe_keyword_filtering_vmok/static/js/async/__federation_expose_entry_react_bridge.247b132d.js was preloaded using link preload but not used within a few seconds from the window's load event. Please make sure it has an appropriate `as` value and it is preloaded intentionally. @ https://www.tiktok.com/setting?lang=es:0
[  337727ms] [WARNING] The resource https://lf16-tiktok-web.tiktokcdn-us.com/obj/tiktok-web-tx/tiktok/web/pns_fe_parental_control_vmok/static/js/async/lib-router.369091d5.js was preloaded using link preload but not used within a few seconds from the window's load event. Please make sure it has an appropriate `as` value and it is preloaded intentionally. @ https://www.tiktok.com/setting?lang=es:0
[  337727ms] [WARNING] The resource https://lf16-tiktok-web.tiktokcdn-us.com/obj/tiktok-web-tx/tiktok/web/pns_fe_keyword_filtering_vmok/static/js/async/argus-builder-strategy.a3264b45.js was preloaded using link preload but not used within a few seconds from the window's load event. Please make sure it has an appropriate `as` value and it is preloaded intentionally. @ https://www.tiktok.com/setting?lang=es:0
[  337727ms] [WARNING] The resource https://lf16-tiktok-web.tiktokcdn-us.com/obj/tiktok-web-tx/tiktok/web/pns_fe_keyword_filtering_vmok/static/js/async/lib-axios.8c284c11.js was preloaded using link preload but not used within a few seconds from the window's load event. Please make sure it has an appropriate `as` value and it is preloaded intentionally. @ https://www.tiktok.com/setting?lang=es:0
[  337727ms] [WARNING] The resource https://lf16-tiktok-web.tiktokcdn-us.com/obj/tiktok-web-tx/tiktok/web/pns_fe_keyword_filtering_vmok/static/js/lib-polyfill.2d9206bd.js was preloaded using link preload but not used within a few seconds from the window's load event. Please make sure it has an appropriate `as` value and it is preloaded intentionally. @ https://www.tiktok.com/setting?lang=es:0
[  337727ms] [WARNING] The resource https://lf16-tiktok-web.tiktokcdn-us.com/obj/tiktok-web-tx/tiktok/web/pns_fe_parental_control_vmok/static/css/async/3139.a5a9f032.css was preloaded using link preload but not used within a few seconds from the window's load event. Please make sure it has an appropriate `as` value and it is preloaded intentionally. @ https://www.tiktok.com/setting?lang=es:0
[  337727ms] [WARNING] The resource https://lf16-tiktok-web.tiktokcdn-us.com/obj/tiktok-web-tx/tiktok/web/pns_fe_parental_control_vmok/static/js/async/778.beddb8c0.js was preloaded using link preload but not used within a few seconds from the window's load event. Please make sure it has an appropriate `as` value and it is preloaded intentionally. @ https://www.tiktok.com/setting?lang=es:0
[  337727ms] [WARNING] The resource https://lf16-tiktok-web.tiktokcdn-us.com/obj/tiktok-web-tx/tiktok/web/pns_fe_parental_control_vmok/static/js/async/3139.dafaa0fc.js was preloaded using link preload but not used within a few seconds from the window's load event. Please make sure it has an appropriate `as` value and it is preloaded intentionally. @ https://www.tiktok.com/setting?lang=es:0
[  337727ms] [WARNING] The resource https://lf16-tiktok-web.tiktokcdn-us.com/obj/tiktok-web-tx/tiktok/web/pns_fe_keyword_filtering_vmok/static/css/async/126.f1acf961.css was preloaded using link preload but not used within a few seconds from the window's load event. Please make sure it has an appropriate `as` value and it is preloaded intentionally. @ https://www.tiktok.com/setting?lang=es:0
[  337727ms] [WARNING] The resource https://lf16-tiktok-web.tiktokcdn-us.com/obj/tiktok-web-tx/tiktok/web/pns_fe_parental_control_vmok/static/css/async/__federation_expose_main.abb44d39.css was preloaded using link preload but not used within a few seconds from the window's load event. Please make sure it has an appropriate `as` value and it is preloaded intentionally. @ https://www.tiktok.com/setting?lang=es:0
[  348202ms] [WARNING] The resource https://lf16-tiktok-web.tiktokcdn-us.com/obj/tiktok-web-tx/tiktok/web/pns_fe_keyword_filtering_vmok/static/js/async/126.c9a90670.js was preloaded using link preload but not used within a few seconds from the window's load event. Please make sure it has an appropriate `as` value and it is preloaded intentionally. @ https://www.tiktok.com/setting?lang=es:0
[  348202ms] [WARNING] The resource https://lf16-tiktok-web.tiktokcdn-us.com/obj/tiktok-web-tx/tiktok/web/pns_fe_parental_control_vmok/static/js/async/lib-axios.56c5f961.js was preloaded using link preload but not used within a few seconds from the window's load event. Please make sure it has an appropriate `as` value and it is preloaded intentionally. @ https://www.tiktok.com/setting?lang=es:0
[  348202ms] [WARNING] The resource https://lf16-tiktok-web.tiktokcdn-us.com/obj/tiktok-web-tx/tiktok/web/pns_fe_keyword_filtering_vmok/static/js/async/606.7a63198e.js was preloaded using link preload but not used within a few seconds from the window's load event. Please make sure it has an appropriate `as` value and it is preloaded intentionally. @ https://www.tiktok.com/setting?lang=es:0
[  348202ms] [WARNING] The resource https://lf16-tiktok-web.tiktokcdn-us.com/obj/tiktok-web-tx/tiktok/web/pns_fe_keyword_filtering_vmok/static/css/async/__federation_expose_entry_react_bridge.569a7521.css was preloaded using link preload but not used within a few seconds from the window's load event. Please make sure it has an appropriate `as` value and it is preloaded intentionally. @ https://www.tiktok.com/setting?lang=es:0
[  348202ms] [WARNING] The resource https://lf16-tiktok-web.tiktokcdn-us.com/obj/tiktok-web-tx/tiktok/web/pns_fe_keyword_filtering_vmok/static/js/async/752.8dc09088.js was preloaded using link preload but not used within a few seconds from the window's load event. Please make sure it has an appropriate `as` value and it is preloaded intentionally. @ https://www.tiktok.com/setting?lang=es:0
[  348202ms] [WARNING] The resource https://lf16-tiktok-web.tiktokcdn-us.com/obj/tiktok-web-tx/tiktok/web/pns_fe_keyword_filtering_vmok/static/js/async/async-main.25610a11.js was preloaded using link preload but not used within a few seconds from the window's load event. Please make sure it has an appropriate `as` value and it is preloaded intentionally. @ https://www.tiktok.com/setting?lang=es:0
[  348202ms] [WARNING] The resource https://lf16-tiktok-web.tiktokcdn-us.com/obj/tiktok-web-tx/tiktok/web/pns_fe_keyword_filtering_vmok/static/js/async/lib-router.46d8bbc0.js was preloaded using link preload but not used within a few seconds from the window's load event. Please make sure it has an appropriate `as` value and it is preloaded intentionally. @ https://www.tiktok.com/setting?lang=es:0
[  348202ms] [WARNING] The resource https://lf16-tiktok-web.tiktokcdn-us.com/obj/tiktok-web-tx/tiktok/web/pns_fe_keyword_filtering_vmok/static/js/async/587.eafa5f92.js was preloaded using link preload but not used within a few seconds from the window's load event. Please make sure it has an appropriate `as` value and it is preloaded intentionally. @ https://www.tiktok.com/setting?lang=es:0
[  348202ms] [WARNING] The resource https://lf16-tiktok-web.tiktokcdn-us.com/obj/tiktok-web-tx/tiktok/web/pns_fe_keyword_filtering_vmok/static/js/async/593.f09ae1b5.js was preloaded using link preload but not used within a few seconds from the window's load event. Please make sure it has an appropriate `as` value and it is preloaded intentionally. @ https://www.tiktok.com/setting?lang=es:0
[  348202ms] [WARNING] The resource https://lf16-tiktok-web.tiktokcdn-us.com/obj/tiktok-web-tx/tiktok/web/pns_fe_parental_control_vmok/static/js/lib-polyfill.5e52839d.js was preloaded using link preload but not used within a few seconds from the window's load event. Please make sure it has an appropriate `as` value and it is preloaded intentionally. @ https://www.tiktok.com/setting?lang=es:0
[  348202ms] [WARNING] The resource https://lf16-tiktok-web.tiktokcdn-us.com/obj/tiktok-web-tx/tiktok/web/pns_fe_keyword_filtering_vmok/static/js/async/273.61871fe6.js was preloaded using link preload but not used within a few seconds from the window's load event. Please make sure it has an appropriate `as` value and it is preloaded intentionally. @ https://www.tiktok.com/setting?lang=es:0
[  348203ms] [WARNING] The resource https://lf16-tiktok-web.tiktokcdn-us.com/obj/tiktok-web-tx/tiktok/web/pns_fe_parental_control_vmok/static/js/async/9678.ae39123c.js was preloaded using link preload but not used within a few seconds from the window's load event. Please make sure it has an appropriate `as` value and it is preloaded intentionally. @ https://www.tiktok.com/setting?lang=es:0
[  348203ms] [WARNING] The resource https://lf16-tiktok-web.tiktokcdn-us.com/obj/tiktok-web-tx/tiktok/web/pns_fe_parental_control_vmok/static/js/async/__federation_expose_main.1a07efe8.js was preloaded using link preload but not used within a few seconds from the window's load event. Please make sure it has an appropriate `as` value and it is preloaded intentionally. @ https://www.tiktok.com/setting?lang=es:0
[  348203ms] [WARNING] The resource https://lf16-tiktok-web.tiktokcdn-us.com/obj/tiktok-web-tx/tiktok/web/pns_fe_keyword_filtering_vmok/static/js/async/__federation_expose_entry_react_bridge.247b132d.js was preloaded using link preload but not used within a few seconds from the window's load event. Please make sure it has an appropriate `as` value and it is preloaded intentionally. @ https://www.tiktok.com/setting?lang=es:0
[  348203ms] [WARNING] The resource https://lf16-tiktok-web.tiktokcdn-us.com/obj/tiktok-web-tx/tiktok/web/pns_fe_parental_control_vmok/static/js/async/lib-router.369091d5.js was preloaded using link preload but not used within a few seconds from the window's load event. Please make sure it has an appropriate `as` value and it is preloaded intentionally. @ https://www.tiktok.com/setting?lang=es:0
[  348203ms] [WARNING] The resource https://lf16-tiktok-web.tiktokcdn-us.com/obj/tiktok-web-tx/tiktok/web/pns_fe_keyword_filtering_vmok/static/js/async/argus-builder-strategy.a3264b45.js was preloaded using link preload but not used within a few seconds from the window's load event. Please make sure it has an appropriate `as` value and it is preloaded intentionally. @ https://www.tiktok.com/setting?lang=es:0
[  348203ms] [WARNING] The resource https://lf16-tiktok-web.tiktokcdn-us.com/obj/tiktok-web-tx/tiktok/web/pns_fe_keyword_filtering_vmok/static/js/async/lib-axios.8c284c11.js was preloaded using link preload but not used within a few seconds from the window's load event. Please make sure it has an appropriate `as` value and it is preloaded intentionally. @ https://www.tiktok.com/setting?lang=es:0
[  348203ms] [WARNING] The resource https://lf16-tiktok-web.tiktokcdn-us.com/obj/tiktok-web-tx/tiktok/web/pns_fe_keyword_filtering_vmok/static/js/lib-polyfill.2d9206bd.js was preloaded using link preload but not used within a few seconds from the window's load event. Please make sure it has an appropriate `as` value and it is preloaded intentionally. @ https://www.tiktok.com/setting?lang=es:0
[  348203ms] [WARNING] The resource https://lf16-tiktok-web.tiktokcdn-us.com/obj/tiktok-web-tx/tiktok/web/pns_fe_parental_control_vmok/static/css/async/3139.a5a9f032.css was preloaded using link preload but not used within a few seconds from the window's load event. Please make sure it has an appropriate `as` value and it is preloaded intentionally. @ https://www.tiktok.com/setting?lang=es:0
[  348203ms] [WARNING] The resource https://lf16-tiktok-web.tiktokcdn-us.com/obj/tiktok-web-tx/tiktok/web/pns_fe_parental_control_vmok/static/js/async/778.beddb8c0.js was preloaded using link preload but not used within a few seconds from the window's load event. Please make sure it has an appropriate `as` value and it is preloaded intentionally. @ https://www.tiktok.com/setting?lang=es:0
[  348203ms] [WARNING] The resource https://lf16-tiktok-web.tiktokcdn-us.com/obj/tiktok-web-tx/tiktok/web/pns_fe_parental_control_vmok/static/js/async/3139.dafaa0fc.js was preloaded using link preload but not used within a few seconds from the window's load event. Please make sure it has an appropriate `as` value and it is preloaded intentionally. @ https://www.tiktok.com/setting?lang=es:0
[  348203ms] [WARNING] The resource https://lf16-tiktok-web.tiktokcdn-us.com/obj/tiktok-web-tx/tiktok/web/pns_fe_keyword_filtering_vmok/static/css/async/126.f1acf961.css was preloaded using link preload but not used within a few seconds from the window's load event. Please make sure it has an appropriate `as` value and it is preloaded intentionally. @ https://www.tiktok.com/setting?lang=es:0
[  348203ms] [WARNING] The resource https://lf16-tiktok-web.tiktokcdn-us.com/obj/tiktok-web-tx/tiktok/web/pns_fe_parental_control_vmok/static/css/async/__federation_expose_main.abb44d39.css was preloaded using link preload but not used within a few seconds from the window's load event. Please make sure it has an appropriate `as` value and it is preloaded intentionally. @ https://www.tiktok.com/setting?lang=es:0
[  358558ms] [WARNING] The resource https://lf16-tiktok-web.tiktokcdn-us.com/obj/tiktok-web-tx/tiktok/web/pns_fe_keyword_filtering_vmok/static/js/async/126.c9a90670.js was preloaded using link preload but not used within a few seconds from the window's load event. Please make sure it has an appropriate `as` value and it is preloaded intentionally. @ https://www.tiktok.com/setting?lang=es:0
[  358558ms] [WARNING] The resource https://lf16-tiktok-web.tiktokcdn-us.com/obj/tiktok-web-tx/tiktok/web/pns_fe_parental_control_vmok/static/js/async/lib-axios.56c5f961.js was preloaded using link preload but not used within a few seconds from the window's load event. Please make sure it has an appropriate `as` value and it is preloaded intentionally. @ https://www.tiktok.com/setting?lang=es:0
[  358558ms] [WARNING] The resource https://lf16-tiktok-web.tiktokcdn-us.com/obj/tiktok-web-tx/tiktok/web/pns_fe_keyword_filtering_vmok/static/js/async/606.7a63198e.js was preloaded using link preload but not used within a few seconds from the window's load event. Please make sure it has an appropriate `as` value and it is preloaded intentionally. @ https://www.tiktok.com/setting?lang=es:0
[  358558ms] [WARNING] The resource https://lf16-tiktok-web.tiktokcdn-us.com/obj/tiktok-web-tx/tiktok/web/pns_fe_keyword_filtering_vmok/static/css/async/__federation_expose_entry_react_bridge.569a7521.css was preloaded using link preload but not used within a few seconds from the window's load event. Please make sure it has an appropriate `as` value and it is preloaded intentionally. @ https://www.tiktok.com/setting?lang=es:0
[  358558ms] [WARNING] The resource https://lf16-tiktok-web.tiktokcdn-us.com/obj/tiktok-web-tx/tiktok/web/pns_fe_keyword_filtering_vmok/static/js/async/752.8dc09088.js was preloaded using link preload but not used within a few seconds from the window's load event. Please make sure it has an appropriate `as` value and it is preloaded intentionally. @ https://www.tiktok.com/setting?lang=es:0
[  358558ms] [WARNING] The resource https://lf16-tiktok-web.tiktokcdn-us.com/obj/tiktok-web-tx/tiktok/web/pns_fe_keyword_filtering_vmok/static/js/async/async-main.25610a11.js was preloaded using link preload but not used within a few seconds from the window's load event. Please make sure it has an appropriate `as` value and it is preloaded intentionally. @ https://www.tiktok.com/setting?lang=es:0
[  358558ms] [WARNING] The resource https://lf16-tiktok-web.tiktokcdn-us.com/obj/tiktok-web-tx/tiktok/web/pns_fe_keyword_filtering_vmok/static/js/async/lib-router.46d8bbc0.js was preloaded using link preload but not used within a few seconds from the window's load event. Please make sure it has an appropriate `as` value and it is preloaded intentionally. @ https://www.tiktok.com/setting?lang=es:0
[  358558ms] [WARNING] The resource https://lf16-tiktok-web.tiktokcdn-us.com/obj/tiktok-web-tx/tiktok/web/pns_fe_keyword_filtering_vmok/static/js/async/587.eafa5f92.js was preloaded using link preload but not used within a few seconds from the window's load event. Please make sure it has an appropriate `as` value and it is preloaded intentionally. @ https://www.tiktok.com/setting?lang=es:0
[  358558ms] [WARNING] The resource https://lf16-tiktok-web.tiktokcdn-us.com/obj/tiktok-web-tx/tiktok/web/pns_fe_keyword_filtering_vmok/static/js/async/593.f09ae1b5.js was preloaded using link preload but not used within a few seconds from the window's load event. Please make sure it has an appropriate `as` value and it is preloaded intentionally. @ https://www.tiktok.com/setting?lang=es:0
[  358558ms] [WARNING] The resource https://lf16-tiktok-web.tiktokcdn-us.com/obj/tiktok-web-tx/tiktok/web/pns_fe_parental_control_vmok/static/js/lib-polyfill.5e52839d.js was preloaded using link preload but not used within a few seconds from the window's load event. Please make sure it has an appropriate `as` value and it is preloaded intentionally. @ https://www.tiktok.com/setting?lang=es:0
[  358558ms] [WARNING] The resource https://lf16-tiktok-web.tiktokcdn-us.com/obj/tiktok-web-tx/tiktok/web/pns_fe_keyword_filtering_vmok/static/js/async/273.61871fe6.js was preloaded using link preload but not used within a few seconds from the window's load event. Please make sure it has an appropriate `as` value and it is preloaded intentionally. @ https://www.tiktok.com/setting?lang=es:0
[  358558ms] [WARNING] The resource https://lf16-tiktok-web.tiktokcdn-us.com/obj/tiktok-web-tx/tiktok/web/pns_fe_parental_control_vmok/static/js/async/9678.ae39123c.js was preloaded using link preload but not used within a few seconds from the window's load event. Please make sure it has an appropriate `as` value and it is preloaded intentionally. @ https://www.tiktok.com/setting?lang=es:0
[  358558ms] [WARNING] The resource https://lf16-tiktok-web.tiktokcdn-us.com/obj/tiktok-web-tx/tiktok/web/pns_fe_parental_control_vmok/static/js/async/__federation_expose_main.1a07efe8.js was preloaded using link preload but not used within a few seconds from the window's load event. Please make sure it has an appropriate `as` value and it is preloaded intentionally. @ https://www.tiktok.com/setting?lang=es:0
[  358558ms] [WARNING] The resource https://lf16-tiktok-web.tiktokcdn-us.com/obj/tiktok-web-tx/tiktok/web/pns_fe_keyword_filtering_vmok/static/js/async/__federation_expose_entry_react_bridge.247b132d.js was preloaded using link preload but not used within a few seconds from the window's load event. Please make sure it has an appropriate `as` value and it is preloaded intentionally. @ https://www.tiktok.com/setting?lang=es:0
[  358558ms] [WARNING] The resource https://lf16-tiktok-web.tiktokcdn-us.com/obj/tiktok-web-tx/tiktok/web/pns_fe_parental_control_vmok/static/js/async/lib-router.369091d5.js was preloaded using link preload but not used within a few seconds from the window's load event. Please make sure it has an appropriate `as` value and it is preloaded intentionally. @ https://www.tiktok.com/setting?lang=es:0
[  358558ms] [WARNING] The resource https://lf16-tiktok-web.tiktokcdn-us.com/obj/tiktok-web-tx/tiktok/web/pns_fe_keyword_filtering_vmok/static/js/async/argus-builder-strategy.a3264b45.js was preloaded using link preload but not used within a few seconds from the window's load event. Please make sure it has an appropriate `as` value and it is preloaded intentionally. @ https://www.tiktok.com/setting?lang=es:0
[  358558ms] [WARNING] The resource https://lf16-tiktok-web.tiktokcdn-us.com/obj/tiktok-web-tx/tiktok/web/pns_fe_keyword_filtering_vmok/static/js/async/lib-axios.8c284c11.js was preloaded using link preload but not used within a few seconds from the window's load event. Please make sure it has an appropriate `as` value and it is preloaded intentionally. @ https://www.tiktok.com/setting?lang=es:0
[  358558ms] [WARNING] The resource https://lf16-tiktok-web.tiktokcdn-us.com/obj/tiktok-web-tx/tiktok/web/pns_fe_keyword_filtering_vmok/static/js/lib-polyfill.2d9206bd.js was preloaded using link preload but not used within a few seconds from the window's load event. Please make sure it has an appropriate `as` value and it is preloaded intentionally. @ https://www.tiktok.com/setting?lang=es:0
[  358558ms] [WARNING] The resource https://lf16-tiktok-web.tiktokcdn-us.com/obj/tiktok-web-tx/tiktok/web/pns_fe_parental_control_vmok/static/css/async/3139.a5a9f032.css was preloaded using link preload but not used within a few seconds from the window's load event. Please make sure it has an appropriate `as` value and it is preloaded intentionally. @ https://www.tiktok.com/setting?lang=es:0
[  358558ms] [WARNING] The resource https://lf16-tiktok-web.tiktokcdn-us.com/obj/tiktok-web-tx/tiktok/web/pns_fe_parental_control_vmok/static/js/async/778.beddb8c0.js was preloaded using link preload but not used within a few seconds from the window's load event. Please make sure it has an appropriate `as` value and it is preloaded intentionally. @ https://www.tiktok.com/setting?lang=es:0
[  358558ms] [WARNING] The resource https://lf16-tiktok-web.tiktokcdn-us.com/obj/tiktok-web-tx/tiktok/web/pns_fe_parental_control_vmok/static/js/async/3139.dafaa0fc.js was preloaded using link preload but not used within a few seconds from the window's load event. Please make sure it has an appropriate `as` value and it is preloaded intentionally. @ https://www.tiktok.com/setting?lang=es:0
[  358558ms] [WARNING] The resource https://lf16-tiktok-web.tiktokcdn-us.com/obj/tiktok-web-tx/tiktok/web/pns_fe_keyword_filtering_vmok/static/css/async/126.f1acf961.css was preloaded using link preload but not used within a few seconds from the window's load event. Please make sure it has an appropriate `as` value and it is preloaded intentionally. @ https://www.tiktok.com/setting?lang=es:0
[  358558ms] [WARNING] The resource https://lf16-tiktok-web.tiktokcdn-us.com/obj/tiktok-web-tx/tiktok/web/pns_fe_parental_control_vmok/static/css/async/__federation_expose_main.abb44d39.css was preloaded using link preload but not used within a few seconds from the window's load event. Please make sure it has an appropriate `as` value and it is preloaded intentionally. @ https://www.tiktok.com/setting?lang=es:0
[  368745ms] [WARNING] The resource https://lf16-tiktok-web.tiktokcdn-us.com/obj/tiktok-web-tx/tiktok/web/pns_fe_keyword_filtering_vmok/static/js/async/126.c9a90670.js was preloaded using link preload but not used within a few seconds from the window's load event. Please make sure it has an appropriate `as` value and it is preloaded intentionally. @ https://www.tiktok.com/setting?lang=es:0
[  368745ms] [WARNING] The resource https://lf16-tiktok-web.tiktokcdn-us.com/obj/tiktok-web-tx/tiktok/web/pns_fe_parental_control_vmok/static/js/async/lib-axios.56c5f961.js was preloaded using link preload but not used within a few seconds from the window's load event. Please make sure it has an appropriate `as` value and it is preloaded intentionally. @ https://www.tiktok.com/setting?lang=es:0
[  368745ms] [WARNING] The resource https://lf16-tiktok-web.tiktokcdn-us.com/obj/tiktok-web-tx/tiktok/web/pns_fe_keyword_filtering_vmok/static/js/async/606.7a63198e.js was preloaded using link preload but not used within a few seconds from the window's load event. Please make sure it has an appropriate `as` value and it is preloaded intentionally. @ https://www.tiktok.com/setting?lang=es:0
[  368745ms] [WARNING] The resource https://lf16-tiktok-web.tiktokcdn-us.com/obj/tiktok-web-tx/tiktok/web/pns_fe_keyword_filtering_vmok/static/css/async/__federation_expose_entry_react_bridge.569a7521.css was preloaded using link preload but not used within a few seconds from the window's load event. Please make sure it has an appropriate `as` value and it is preloaded intentionally. @ https://www.tiktok.com/setting?lang=es:0
[  368745ms] [WARNING] The resource https://lf16-tiktok-web.tiktokcdn-us.com/obj/tiktok-web-tx/tiktok/web/pns_fe_keyword_filtering_vmok/static/js/async/752.8dc09088.js was preloaded using link preload but not used within a few seconds from the window's load event. Please make sure it has an appropriate `as` value and it is preloaded intentionally. @ https://www.tiktok.com/setting?lang=es:0
[  368745ms] [WARNING] The resource https://lf16-tiktok-web.tiktokcdn-us.com/obj/tiktok-web-tx/tiktok/web/pns_fe_keyword_filtering_vmok/static/js/async/async-main.25610a11.js was preloaded using link preload but not used within a few seconds from the window's load event. Please make sure it has an appropriate `as` value and it is preloaded intentionally. @ https://www.tiktok.com/setting?lang=es:0
[  368745ms] [WARNING] The resource https://lf16-tiktok-web.tiktokcdn-us.com/obj/tiktok-web-tx/tiktok/web/pns_fe_keyword_filtering_vmok/static/js/async/lib-router.46d8bbc0.js was preloaded using link preload but not used within a few seconds from the window's load event. Please make sure it has an appropriate `as` value and it is preloaded intentionally. @ https://www.tiktok.com/setting?lang=es:0
[  368745ms] [WARNING] The resource https://lf16-tiktok-web.tiktokcdn-us.com/obj/tiktok-web-tx/tiktok/web/pns_fe_keyword_filtering_vmok/static/js/async/587.eafa5f92.js was preloaded using link preload but not used within a few seconds from the window's load event. Please make sure it has an appropriate `as` value and it is preloaded intentionally. @ https://www.tiktok.com/setting?lang=es:0
[  368745ms] [WARNING] The resource https://lf16-tiktok-web.tiktokcdn-us.com/obj/tiktok-web-tx/tiktok/web/pns_fe_keyword_filtering_vmok/static/js/async/593.f09ae1b5.js was preloaded using link preload but not used within a few seconds from the window's load event. Please make sure it has an appropriate `as` value and it is preloaded intentionally. @ https://www.tiktok.com/setting?lang=es:0
[  368745ms] [WARNING] The resource https://lf16-tiktok-web.tiktokcdn-us.com/obj/tiktok-web-tx/tiktok/web/pns_fe_parental_control_vmok/static/js/lib-polyfill.5e52839d.js was preloaded using link preload but not used within a few seconds from the window's load event. Please make sure it has an appropriate `as` value and it is preloaded intentionally. @ https://www.tiktok.com/setting?lang=es:0
[  368745ms] [WARNING] The resource https://lf16-tiktok-web.tiktokcdn-us.com/obj/tiktok-web-tx/tiktok/web/pns_fe_keyword_filtering_vmok/static/js/async/273.61871fe6.js was preloaded using link preload but not used within a few seconds from the window's load event. Please make sure it has an appropriate `as` value and it is preloaded intentionally. @ https://www.tiktok.com/setting?lang=es:0
[  368745ms] [WARNING] The resource https://lf16-tiktok-web.tiktokcdn-us.com/obj/tiktok-web-tx/tiktok/web/pns_fe_parental_control_vmok/static/js/async/9678.ae39123c.js was preloaded using link preload but not used within a few seconds from the window's load event. Please make sure it has an appropriate `as` value and it is preloaded intentionally. @ https://www.tiktok.com/setting?lang=es:0
[  368745ms] [WARNING] The resource https://lf16-tiktok-web.tiktokcdn-us.com/obj/tiktok-web-tx/tiktok/web/pns_fe_parental_control_vmok/static/js/async/__federation_expose_main.1a07efe8.js was preloaded using link preload but not used within a few seconds from the window's load event. Please make sure it has an appropriate `as` value and it is preloaded intentionally. @ https://www.tiktok.com/setting?lang=es:0
[  368745ms] [WARNING] The resource https://lf16-tiktok-web.tiktokcdn-us.com/obj/tiktok-web-tx/tiktok/web/pns_fe_keyword_filtering_vmok/static/js/async/__federation_expose_entry_react_bridge.247b132d.js was preloaded using link preload but not used within a few seconds from the window's load event. Please make sure it has an appropriate `as` value and it is preloaded intentionally. @ https://www.tiktok.com/setting?lang=es:0
[  368745ms] [WARNING] The resource https://lf16-tiktok-web.tiktokcdn-us.com/obj/tiktok-web-tx/tiktok/web/pns_fe_parental_control_vmok/static/js/async/lib-router.369091d5.js was preloaded using link preload but not used within a few seconds from the window's load event. Please make sure it has an appropriate `as` value and it is preloaded intentionally. @ https://www.tiktok.com/setting?lang=es:0
[  368745ms] [WARNING] The resource https://lf16-tiktok-web.tiktokcdn-us.com/obj/tiktok-web-tx/tiktok/web/pns_fe_keyword_filtering_vmok/static/js/async/argus-builder-strategy.a3264b45.js was preloaded using link preload but not used within a few seconds from the window's load event. Please make sure it has an appropriate `as` value and it is preloaded intentionally. @ https://www.tiktok.com/setting?lang=es:0
[  368745ms] [WARNING] The resource https://lf16-tiktok-web.tiktokcdn-us.com/obj/tiktok-web-tx/tiktok/web/pns_fe_keyword_filtering_vmok/static/js/async/lib-axios.8c284c11.js was preloaded using link preload but not used within a few seconds from the window's load event. Please make sure it has an appropriate `as` value and it is preloaded intentionally. @ https://www.tiktok.com/setting?lang=es:0
[  368745ms] [WARNING] The resource https://lf16-tiktok-web.tiktokcdn-us.com/obj/tiktok-web-tx/tiktok/web/pns_fe_keyword_filtering_vmok/static/js/lib-polyfill.2d9206bd.js was preloaded using link preload but not used within a few seconds from the window's load event. Please make sure it has an appropriate `as` value and it is preloaded intentionally. @ https://www.tiktok.com/setting?lang=es:0
[  368745ms] [WARNING] The resource https://lf16-tiktok-web.tiktokcdn-us.com/obj/tiktok-web-tx/tiktok/web/pns_fe_parental_control_vmok/static/css/async/3139.a5a9f032.css was preloaded using link preload but not used within a few seconds from the window's load event. Please make sure it has an appropriate `as` value and it is preloaded intentionally. @ https://www.tiktok.com/setting?lang=es:0
[  368745ms] [WARNING] The resource https://lf16-tiktok-web.tiktokcdn-us.com/obj/tiktok-web-tx/tiktok/web/pns_fe_parental_control_vmok/static/js/async/778.beddb8c0.js was preloaded using link preload but not used within a few seconds from the window's load event. Please make sure it has an appropriate `as` value and it is preloaded intentionally. @ https://www.tiktok.com/setting?lang=es:0
[  368745ms] [WARNING] The resource https://lf16-tiktok-web.tiktokcdn-us.com/obj/tiktok-web-tx/tiktok/web/pns_fe_parental_control_vmok/static/js/async/3139.dafaa0fc.js was preloaded using link preload but not used within a few seconds from the window's load event. Please make sure it has an appropriate `as` value and it is preloaded intentionally. @ https://www.tiktok.com/setting?lang=es:0
[  368745ms] [WARNING] The resource https://lf16-tiktok-web.tiktokcdn-us.com/obj/tiktok-web-tx/tiktok/web/pns_fe_keyword_filtering_vmok/static/css/async/126.f1acf961.css was preloaded using link preload but not used within a few seconds from the window's load event. Please make sure it has an appropriate `as` value and it is preloaded intentionally. @ https://www.tiktok.com/setting?lang=es:0
[  368745ms] [WARNING] The resource https://lf16-tiktok-web.tiktokcdn-us.com/obj/tiktok-web-tx/tiktok/web/pns_fe_parental_control_vmok/static/css/async/__federation_expose_main.abb44d39.css was preloaded using link preload but not used within a few seconds from the window's load event. Please make sure it has an appropriate `as` value and it is preloaded intentionally. @ https://www.tiktok.com/setting?lang=es:0
[  378629ms] [WARNING] The resource https://lf16-tiktok-web.tiktokcdn-us.com/obj/tiktok-web-tx/tiktok/web/pns_fe_keyword_filtering_vmok/static/js/async/126.c9a90670.js was preloaded using link preload but not used within a few seconds from the window's load event. Please make sure it has an appropriate `as` value and it is preloaded intentionally. @ https://www.tiktok.com/setting?lang=es:0
[  378629ms] [WARNING] The resource https://lf16-tiktok-web.tiktokcdn-us.com/obj/tiktok-web-tx/tiktok/web/pns_fe_parental_control_vmok/static/js/async/lib-axios.56c5f961.js was preloaded using link preload but not used within a few seconds from the window's load event. Please make sure it has an appropriate `as` value and it is preloaded intentionally. @ https://www.tiktok.com/setting?lang=es:0
[  378629ms] [WARNING] The resource https://lf16-tiktok-web.tiktokcdn-us.com/obj/tiktok-web-tx/tiktok/web/pns_fe_keyword_filtering_vmok/static/js/async/606.7a63198e.js was preloaded using link preload but not used within a few seconds from the window's load event. Please make sure it has an appropriate `as` value and it is preloaded intentionally. @ https://www.tiktok.com/setting?lang=es:0
[  378629ms] [WARNING] The resource https://lf16-tiktok-web.tiktokcdn-us.com/obj/tiktok-web-tx/tiktok/web/pns_fe_keyword_filtering_vmok/static/css/async/__federation_expose_entry_react_bridge.569a7521.css was preloaded using link preload but not used within a few seconds from the window's load event. Please make sure it has an appropriate `as` value and it is preloaded intentionally. @ https://www.tiktok.com/setting?lang=es:0
[  378629ms] [WARNING] The resource https://lf16-tiktok-web.tiktokcdn-us.com/obj/tiktok-web-tx/tiktok/web/pns_fe_keyword_filtering_vmok/static/js/async/752.8dc09088.js was preloaded using link preload but not used within a few seconds from the window's load event. Please make sure it has an appropriate `as` value and it is preloaded intentionally. @ https://www.tiktok.com/setting?lang=es:0
[  378629ms] [WARNING] The resource https://lf16-tiktok-web.tiktokcdn-us.com/obj/tiktok-web-tx/tiktok/web/pns_fe_keyword_filtering_vmok/static/js/async/async-main.25610a11.js was preloaded using link preload but not used within a few seconds from the window's load event. Please make sure it has an appropriate `as` value and it is preloaded intentionally. @ https://www.tiktok.com/setting?lang=es:0
[  378629ms] [WARNING] The resource https://lf16-tiktok-web.tiktokcdn-us.com/obj/tiktok-web-tx/tiktok/web/pns_fe_keyword_filtering_vmok/static/js/async/lib-router.46d8bbc0.js was preloaded using link preload but not used within a few seconds from the window's load event. Please make sure it has an appropriate `as` value and it is preloaded intentionally. @ https://www.tiktok.com/setting?lang=es:0
[  378629ms] [WARNING] The resource https://lf16-tiktok-web.tiktokcdn-us.com/obj/tiktok-web-tx/tiktok/web/pns_fe_keyword_filtering_vmok/static/js/async/587.eafa5f92.js was preloaded using link preload but not used within a few seconds from the window's load event. Please make sure it has an appropriate `as` value and it is preloaded intentionally. @ https://www.tiktok.com/setting?lang=es:0
[  378629ms] [WARNING] The resource https://lf16-tiktok-web.tiktokcdn-us.com/obj/tiktok-web-tx/tiktok/web/pns_fe_keyword_filtering_vmok/static/js/async/593.f09ae1b5.js was preloaded using link preload but not used within a few seconds from the window's load event. Please make sure it has an appropriate `as` value and it is preloaded intentionally. @ https://www.tiktok.com/setting?lang=es:0
[  378629ms] [WARNING] The resource https://lf16-tiktok-web.tiktokcdn-us.com/obj/tiktok-web-tx/tiktok/web/pns_fe_parental_control_vmok/static/js/lib-polyfill.5e52839d.js was preloaded using link preload but not used within a few seconds from the window's load event. Please make sure it has an appropriate `as` value and it is preloaded intentionally. @ https://www.tiktok.com/setting?lang=es:0
[  378629ms] [WARNING] The resource https://lf16-tiktok-web.tiktokcdn-us.com/obj/tiktok-web-tx/tiktok/web/pns_fe_keyword_filtering_vmok/static/js/async/273.61871fe6.js was preloaded using link preload but not used within a few seconds from the window's load event. Please make sure it has an appropriate `as` value and it is preloaded intentionally. @ https://www.tiktok.com/setting?lang=es:0
[  378629ms] [WARNING] The resource https://lf16-tiktok-web.tiktokcdn-us.com/obj/tiktok-web-tx/tiktok/web/pns_fe_parental_control_vmok/static/js/async/9678.ae39123c.js was preloaded using link preload but not used within a few seconds from the window's load event. Please make sure it has an appropriate `as` value and it is preloaded intentionally. @ https://www.tiktok.com/setting?lang=es:0
[  378629ms] [WARNING] The resource https://lf16-tiktok-web.tiktokcdn-us.com/obj/tiktok-web-tx/tiktok/web/pns_fe_parental_control_vmok/static/js/async/__federation_expose_main.1a07efe8.js was preloaded using link preload but not used within a few seconds from the window's load event. Please make sure it has an appropriate `as` value and it is preloaded intentionally. @ https://www.tiktok.com/setting?lang=es:0
[  378629ms] [WARNING] The resource https://lf16-tiktok-web.tiktokcdn-us.com/obj/tiktok-web-tx/tiktok/web/pns_fe_keyword_filtering_vmok/static/js/async/__federation_expose_entry_react_bridge.247b132d.js was preloaded using link preload but not used within a few seconds from the window's load event. Please make sure it has an appropriate `as` value and it is preloaded intentionally. @ https://www.tiktok.com/setting?lang=es:0
[  378629ms] [WARNING] The resource https://lf16-tiktok-web.tiktokcdn-us.com/obj/tiktok-web-tx/tiktok/web/pns_fe_parental_control_vmok/static/js/async/lib-router.369091d5.js was preloaded using link preload but not used within a few seconds from the window's load event. Please make sure it has an appropriate `as` value and it is preloaded intentionally. @ https://www.tiktok.com/setting?lang=es:0
[  378629ms] [WARNING] The resource https://lf16-tiktok-web.tiktokcdn-us.com/obj/tiktok-web-tx/tiktok/web/pns_fe_keyword_filtering_vmok/static/js/async/argus-builder-strategy.a3264b45.js was preloaded using link preload but not used within a few seconds from the window's load event. Please make sure it has an appropriate `as` value and it is preloaded intentionally. @ https://www.tiktok.com/setting?lang=es:0
[  378629ms] [WARNING] The resource https://lf16-tiktok-web.tiktokcdn-us.com/obj/tiktok-web-tx/tiktok/web/pns_fe_keyword_filtering_vmok/static/js/async/lib-axios.8c284c11.js was preloaded using link preload but not used within a few seconds from the window's load event. Please make sure it has an appropriate `as` value and it is preloaded intentionally. @ https://www.tiktok.com/setting?lang=es:0
[  378629ms] [WARNING] The resource https://lf16-tiktok-web.tiktokcdn-us.com/obj/tiktok-web-tx/tiktok/web/pns_fe_keyword_filtering_vmok/static/js/lib-polyfill.2d9206bd.js was preloaded using link preload but not used within a few seconds from the window's load event. Please make sure it has an appropriate `as` value and it is preloaded intentionally. @ https://www.tiktok.com/setting?lang=es:0
[  378629ms] [WARNING] The resource https://lf16-tiktok-web.tiktokcdn-us.com/obj/tiktok-web-tx/tiktok/web/pns_fe_parental_control_vmok/static/css/async/3139.a5a9f032.css was preloaded using link preload but not used within a few seconds from the window's load event. Please make sure it has an appropriate `as` value and it is preloaded intentionally. @ https://www.tiktok.com/setting?lang=es:0
[  378629ms] [WARNING] The resource https://lf16-tiktok-web.tiktokcdn-us.com/obj/tiktok-web-tx/tiktok/web/pns_fe_parental_control_vmok/static/js/async/778.beddb8c0.js was preloaded using link preload but not used within a few seconds from the window's load event. Please make sure it has an appropriate `as` value and it is preloaded intentionally. @ https://www.tiktok.com/setting?lang=es:0
[  378629ms] [WARNING] The resource https://lf16-tiktok-web.tiktokcdn-us.com/obj/tiktok-web-tx/tiktok/web/pns_fe_parental_control_vmok/static/js/async/3139.dafaa0fc.js was preloaded using link preload but not used within a few seconds from the window's load event. Please make sure it has an appropriate `as` value and it is preloaded intentionally. @ https://www.tiktok.com/setting?lang=es:0
[  378629ms] [WARNING] The resource https://lf16-tiktok-web.tiktokcdn-us.com/obj/tiktok-web-tx/tiktok/web/pns_fe_keyword_filtering_vmok/static/css/async/126.f1acf961.css was preloaded using link preload but not used within a few seconds from the window's load event. Please make sure it has an appropriate `as` value and it is preloaded intentionally. @ https://www.tiktok.com/setting?lang=es:0
[  378629ms] [WARNING] The resource https://lf16-tiktok-web.tiktokcdn-us.com/obj/tiktok-web-tx/tiktok/web/pns_fe_parental_control_vmok/static/css/async/__federation_expose_main.abb44d39.css was preloaded using link preload but not used within a few seconds from the window's load event. Please make sure it has an appropriate `as` value and it is preloaded intentionally. @ https://www.tiktok.com/setting?lang=es:0
[  388898ms] [WARNING] The resource https://lf16-tiktok-web.tiktokcdn-us.com/obj/tiktok-web-tx/tiktok/web/pns_fe_keyword_filtering_vmok/static/js/async/126.c9a90670.js was preloaded using link preload but not used within a few seconds from the window's load event. Please make sure it has an appropriate `as` value and it is preloaded intentionally. @ https://www.tiktok.com/setting?lang=es:0
[  388898ms] [WARNING] The resource https://lf16-tiktok-web.tiktokcdn-us.com/obj/tiktok-web-tx/tiktok/web/pns_fe_parental_control_vmok/static/js/async/lib-axios.56c5f961.js was preloaded using link preload but not used within a few seconds from the window's load event. Please make sure it has an appropriate `as` value and it is preloaded intentionally. @ https://www.tiktok.com/setting?lang=es:0
[  388898ms] [WARNING] The resource https://lf16-tiktok-web.tiktokcdn-us.com/obj/tiktok-web-tx/tiktok/web/pns_fe_keyword_filtering_vmok/static/js/async/606.7a63198e.js was preloaded using link preload but not used within a few seconds from the window's load event. Please make sure it has an appropriate `as` value and it is preloaded intentionally. @ https://www.tiktok.com/setting?lang=es:0
[  388898ms] [WARNING] The resource https://lf16-tiktok-web.tiktokcdn-us.com/obj/tiktok-web-tx/tiktok/web/pns_fe_keyword_filtering_vmok/static/css/async/__federation_expose_entry_react_bridge.569a7521.css was preloaded using link preload but not used within a few seconds from the window's load event. Please make sure it has an appropriate `as` value and it is preloaded intentionally. @ https://www.tiktok.com/setting?lang=es:0
[  388898ms] [WARNING] The resource https://lf16-tiktok-web.tiktokcdn-us.com/obj/tiktok-web-tx/tiktok/web/pns_fe_keyword_filtering_vmok/static/js/async/752.8dc09088.js was preloaded using link preload but not used within a few seconds from the window's load event. Please make sure it has an appropriate `as` value and it is preloaded intentionally. @ https://www.tiktok.com/setting?lang=es:0
[  388898ms] [WARNING] The resource https://lf16-tiktok-web.tiktokcdn-us.com/obj/tiktok-web-tx/tiktok/web/pns_fe_keyword_filtering_vmok/static/js/async/async-main.25610a11.js was preloaded using link preload but not used within a few seconds from the window's load event. Please make sure it has an appropriate `as` value and it is preloaded intentionally. @ https://www.tiktok.com/setting?lang=es:0
[  388898ms] [WARNING] The resource https://lf16-tiktok-web.tiktokcdn-us.com/obj/tiktok-web-tx/tiktok/web/pns_fe_keyword_filtering_vmok/static/js/async/lib-router.46d8bbc0.js was preloaded using link preload but not used within a few seconds from the window's load event. Please make sure it has an appropriate `as` value and it is preloaded intentionally. @ https://www.tiktok.com/setting?lang=es:0
[  388898ms] [WARNING] The resource https://lf16-tiktok-web.tiktokcdn-us.com/obj/tiktok-web-tx/tiktok/web/pns_fe_keyword_filtering_vmok/static/js/async/587.eafa5f92.js was preloaded using link preload but not used within a few seconds from the window's load event. Please make sure it has an appropriate `as` value and it is preloaded intentionally. @ https://www.tiktok.com/setting?lang=es:0
[  388898ms] [WARNING] The resource https://lf16-tiktok-web.tiktokcdn-us.com/obj/tiktok-web-tx/tiktok/web/pns_fe_keyword_filtering_vmok/static/js/async/593.f09ae1b5.js was preloaded using link preload but not used within a few seconds from the window's load event. Please make sure it has an appropriate `as` value and it is preloaded intentionally. @ https://www.tiktok.com/setting?lang=es:0
[  388898ms] [WARNING] The resource https://lf16-tiktok-web.tiktokcdn-us.com/obj/tiktok-web-tx/tiktok/web/pns_fe_parental_control_vmok/static/js/lib-polyfill.5e52839d.js was preloaded using link preload but not used within a few seconds from the window's load event. Please make sure it has an appropriate `as` value and it is preloaded intentionally. @ https://www.tiktok.com/setting?lang=es:0
[  388898ms] [WARNING] The resource https://lf16-tiktok-web.tiktokcdn-us.com/obj/tiktok-web-tx/tiktok/web/pns_fe_keyword_filtering_vmok/static/js/async/273.61871fe6.js was preloaded using link preload but not used within a few seconds from the window's load event. Please make sure it has an appropriate `as` value and it is preloaded intentionally. @ https://www.tiktok.com/setting?lang=es:0
[  388898ms] [WARNING] The resource https://lf16-tiktok-web.tiktokcdn-us.com/obj/tiktok-web-tx/tiktok/web/pns_fe_parental_control_vmok/static/js/async/9678.ae39123c.js was preloaded using link preload but not used within a few seconds from the window's load event. Please make sure it has an appropriate `as` value and it is preloaded intentionally. @ https://www.tiktok.com/setting?lang=es:0
[  388898ms] [WARNING] The resource https://lf16-tiktok-web.tiktokcdn-us.com/obj/tiktok-web-tx/tiktok/web/pns_fe_parental_control_vmok/static/js/async/__federation_expose_main.1a07efe8.js was preloaded using link preload but not used within a few seconds from the window's load event. Please make sure it has an appropriate `as` value and it is preloaded intentionally. @ https://www.tiktok.com/setting?lang=es:0
[  388898ms] [WARNING] The resource https://lf16-tiktok-web.tiktokcdn-us.com/obj/tiktok-web-tx/tiktok/web/pns_fe_keyword_filtering_vmok/static/js/async/__federation_expose_entry_react_bridge.247b132d.js was preloaded using link preload but not used within a few seconds from the window's load event. Please make sure it has an appropriate `as` value and it is preloaded intentionally. @ https://www.tiktok.com/setting?lang=es:0
[  388898ms] [WARNING] The resource https://lf16-tiktok-web.tiktokcdn-us.com/obj/tiktok-web-tx/tiktok/web/pns_fe_parental_control_vmok/static/js/async/lib-router.369091d5.js was preloaded using link preload but not used within a few seconds from the window's load event. Please make sure it has an appropriate `as` value and it is preloaded intentionally. @ https://www.tiktok.com/setting?lang=es:0
[  388898ms] [WARNING] The resource https://lf16-tiktok-web.tiktokcdn-us.com/obj/tiktok-web-tx/tiktok/web/pns_fe_keyword_filtering_vmok/static/js/async/argus-builder-strategy.a3264b45.js was preloaded using link preload but not used within a few seconds from the window's load event. Please make sure it has an appropriate `as` value and it is preloaded intentionally. @ https://www.tiktok.com/setting?lang=es:0
[  388898ms] [WARNING] The resource https://lf16-tiktok-web.tiktokcdn-us.com/obj/tiktok-web-tx/tiktok/web/pns_fe_keyword_filtering_vmok/static/js/async/lib-axios.8c284c11.js was preloaded using link preload but not used within a few seconds from the window's load event. Please make sure it has an appropriate `as` value and it is preloaded intentionally. @ https://www.tiktok.com/setting?lang=es:0
[  388898ms] [WARNING] The resource https://lf16-tiktok-web.tiktokcdn-us.com/obj/tiktok-web-tx/tiktok/web/pns_fe_keyword_filtering_vmok/static/js/lib-polyfill.2d9206bd.js was preloaded using link preload but not used within a few seconds from the window's load event. Please make sure it has an appropriate `as` value and it is preloaded intentionally. @ https://www.tiktok.com/setting?lang=es:0
[  388898ms] [WARNING] The resource https://lf16-tiktok-web.tiktokcdn-us.com/obj/tiktok-web-tx/tiktok/web/pns_fe_parental_control_vmok/static/css/async/3139.a5a9f032.css was preloaded using link preload but not used within a few seconds from the window's load event. Please make sure it has an appropriate `as` value and it is preloaded intentionally. @ https://www.tiktok.com/setting?lang=es:0
[  388898ms] [WARNING] The resource https://lf16-tiktok-web.tiktokcdn-us.com/obj/tiktok-web-tx/tiktok/web/pns_fe_parental_control_vmok/static/js/async/778.beddb8c0.js was preloaded using link preload but not used within a few seconds from the window's load event. Please make sure it has an appropriate `as` value and it is preloaded intentionally. @ https://www.tiktok.com/setting?lang=es:0
[  388898ms] [WARNING] The resource https://lf16-tiktok-web.tiktokcdn-us.com/obj/tiktok-web-tx/tiktok/web/pns_fe_parental_control_vmok/static/js/async/3139.dafaa0fc.js was preloaded using link preload but not used within a few seconds from the window's load event. Please make sure it has an appropriate `as` value and it is preloaded intentionally. @ https://www.tiktok.com/setting?lang=es:0
[  388898ms] [WARNING] The resource https://lf16-tiktok-web.tiktokcdn-us.com/obj/tiktok-web-tx/tiktok/web/pns_fe_keyword_filtering_vmok/static/css/async/126.f1acf961.css was preloaded using link preload but not used within a few seconds from the window's load event. Please make sure it has an appropriate `as` value and it is preloaded intentionally. @ https://www.tiktok.com/setting?lang=es:0
[  388898ms] [WARNING] The resource https://lf16-tiktok-web.tiktokcdn-us.com/obj/tiktok-web-tx/tiktok/web/pns_fe_parental_control_vmok/static/css/async/__federation_expose_main.abb44d39.css was preloaded using link preload but not used within a few seconds from the window's load event. Please make sure it has an appropriate `as` value and it is preloaded intentionally. @ https://www.tiktok.com/setting?lang=es:0
[  399272ms] [WARNING] The resource https://lf16-tiktok-web.tiktokcdn-us.com/obj/tiktok-web-tx/tiktok/web/pns_fe_keyword_filtering_vmok/static/js/async/126.c9a90670.js was preloaded using link preload but not used within a few seconds from the window's load event. Please make sure it has an appropriate `as` value and it is preloaded intentionally. @ https://www.tiktok.com/setting?lang=es:0
[  399272ms] [WARNING] The resource https://lf16-tiktok-web.tiktokcdn-us.com/obj/tiktok-web-tx/tiktok/web/pns_fe_parental_control_vmok/static/js/async/lib-axios.56c5f961.js was preloaded using link preload but not used within a few seconds from the window's load event. Please make sure it has an appropriate `as` value and it is preloaded intentionally. @ https://www.tiktok.com/setting?lang=es:0
[  399272ms] [WARNING] The resource https://lf16-tiktok-web.tiktokcdn-us.com/obj/tiktok-web-tx/tiktok/web/pns_fe_keyword_filtering_vmok/static/js/async/606.7a63198e.js was preloaded using link preload but not used within a few seconds from the window's load event. Please make sure it has an appropriate `as` value and it is preloaded intentionally. @ https://www.tiktok.com/setting?lang=es:0
[  399272ms] [WARNING] The resource https://lf16-tiktok-web.tiktokcdn-us.com/obj/tiktok-web-tx/tiktok/web/pns_fe_keyword_filtering_vmok/static/css/async/__federation_expose_entry_react_bridge.569a7521.css was preloaded using link preload but not used within a few seconds from the window's load event. Please make sure it has an appropriate `as` value and it is preloaded intentionally. @ https://www.tiktok.com/setting?lang=es:0
[  399272ms] [WARNING] The resource https://lf16-tiktok-web.tiktokcdn-us.com/obj/tiktok-web-tx/tiktok/web/pns_fe_keyword_filtering_vmok/static/js/async/752.8dc09088.js was preloaded using link preload but not used within a few seconds from the window's load event. Please make sure it has an appropriate `as` value and it is preloaded intentionally. @ https://www.tiktok.com/setting?lang=es:0
[  399272ms] [WARNING] The resource https://lf16-tiktok-web.tiktokcdn-us.com/obj/tiktok-web-tx/tiktok/web/pns_fe_keyword_filtering_vmok/static/js/async/async-main.25610a11.js was preloaded using link preload but not used within a few seconds from the window's load event. Please make sure it has an appropriate `as` value and it is preloaded intentionally. @ https://www.tiktok.com/setting?lang=es:0
[  399272ms] [WARNING] The resource https://lf16-tiktok-web.tiktokcdn-us.com/obj/tiktok-web-tx/tiktok/web/pns_fe_keyword_filtering_vmok/static/js/async/lib-router.46d8bbc0.js was preloaded using link preload but not used within a few seconds from the window's load event. Please make sure it has an appropriate `as` value and it is preloaded intentionally. @ https://www.tiktok.com/setting?lang=es:0
[  399272ms] [WARNING] The resource https://lf16-tiktok-web.tiktokcdn-us.com/obj/tiktok-web-tx/tiktok/web/pns_fe_keyword_filtering_vmok/static/js/async/587.eafa5f92.js was preloaded using link preload but not used within a few seconds from the window's load event. Please make sure it has an appropriate `as` value and it is preloaded intentionally. @ https://www.tiktok.com/setting?lang=es:0
[  399272ms] [WARNING] The resource https://lf16-tiktok-web.tiktokcdn-us.com/obj/tiktok-web-tx/tiktok/web/pns_fe_keyword_filtering_vmok/static/js/async/593.f09ae1b5.js was preloaded using link preload but not used within a few seconds from the window's load event. Please make sure it has an appropriate `as` value and it is preloaded intentionally. @ https://www.tiktok.com/setting?lang=es:0
[  399272ms] [WARNING] The resource https://lf16-tiktok-web.tiktokcdn-us.com/obj/tiktok-web-tx/tiktok/web/pns_fe_parental_control_vmok/static/js/lib-polyfill.5e52839d.js was preloaded using link preload but not used within a few seconds from the window's load event. Please make sure it has an appropriate `as` value and it is preloaded intentionally. @ https://www.tiktok.com/setting?lang=es:0
[  399272ms] [WARNING] The resource https://lf16-tiktok-web.tiktokcdn-us.com/obj/tiktok-web-tx/tiktok/web/pns_fe_keyword_filtering_vmok/static/js/async/273.61871fe6.js was preloaded using link preload but not used within a few seconds from the window's load event. Please make sure it has an appropriate `as` value and it is preloaded intentionally. @ https://www.tiktok.com/setting?lang=es:0
[  399272ms] [WARNING] The resource https://lf16-tiktok-web.tiktokcdn-us.com/obj/tiktok-web-tx/tiktok/web/pns_fe_parental_control_vmok/static/js/async/9678.ae39123c.js was preloaded using link preload but not used within a few seconds from the window's load event. Please make sure it has an appropriate `as` value and it is preloaded intentionally. @ https://www.tiktok.com/setting?lang=es:0
[  399272ms] [WARNING] The resource https://lf16-tiktok-web.tiktokcdn-us.com/obj/tiktok-web-tx/tiktok/web/pns_fe_parental_control_vmok/static/js/async/__federation_expose_main.1a07efe8.js was preloaded using link preload but not used within a few seconds from the window's load event. Please make sure it has an appropriate `as` value and it is preloaded intentionally. @ https://www.tiktok.com/setting?lang=es:0
[  399272ms] [WARNING] The resource https://lf16-tiktok-web.tiktokcdn-us.com/obj/tiktok-web-tx/tiktok/web/pns_fe_keyword_filtering_vmok/static/js/async/__federation_expose_entry_react_bridge.247b132d.js was preloaded using link preload but not used within a few seconds from the window's load event. Please make sure it has an appropriate `as` value and it is preloaded intentionally. @ https://www.tiktok.com/setting?lang=es:0
[  399272ms] [WARNING] The resource https://lf16-tiktok-web.tiktokcdn-us.com/obj/tiktok-web-tx/tiktok/web/pns_fe_parental_control_vmok/static/js/async/lib-router.369091d5.js was preloaded using link preload but not used within a few seconds from the window's load event. Please make sure it has an appropriate `as` value and it is preloaded intentionally. @ https://www.tiktok.com/setting?lang=es:0
[  399272ms] [WARNING] The resource https://lf16-tiktok-web.tiktokcdn-us.com/obj/tiktok-web-tx/tiktok/web/pns_fe_keyword_filtering_vmok/static/js/async/argus-builder-strategy.a3264b45.js was preloaded using link preload but not used within a few seconds from the window's load event. Please make sure it has an appropriate `as` value and it is preloaded intentionally. @ https://www.tiktok.com/setting?lang=es:0
[  399272ms] [WARNING] The resource https://lf16-tiktok-web.tiktokcdn-us.com/obj/tiktok-web-tx/tiktok/web/pns_fe_keyword_filtering_vmok/static/js/async/lib-axios.8c284c11.js was preloaded using link preload but not used within a few seconds from the window's load event. Please make sure it has an appropriate `as` value and it is preloaded intentionally. @ https://www.tiktok.com/setting?lang=es:0
[  399272ms] [WARNING] The resource https://lf16-tiktok-web.tiktokcdn-us.com/obj/tiktok-web-tx/tiktok/web/pns_fe_keyword_filtering_vmok/static/js/lib-polyfill.2d9206bd.js was preloaded using link preload but not used within a few seconds from the window's load event. Please make sure it has an appropriate `as` value and it is preloaded intentionally. @ https://www.tiktok.com/setting?lang=es:0
[  399272ms] [WARNING] The resource https://lf16-tiktok-web.tiktokcdn-us.com/obj/tiktok-web-tx/tiktok/web/pns_fe_parental_control_vmok/static/css/async/3139.a5a9f032.css was preloaded using link preload but not used within a few seconds from the window's load event. Please make sure it has an appropriate `as` value and it is preloaded intentionally. @ https://www.tiktok.com/setting?lang=es:0
[  399272ms] [WARNING] The resource https://lf16-tiktok-web.tiktokcdn-us.com/obj/tiktok-web-tx/tiktok/web/pns_fe_parental_control_vmok/static/js/async/778.beddb8c0.js was preloaded using link preload but not used within a few seconds from the window's load event. Please make sure it has an appropriate `as` value and it is preloaded intentionally. @ https://www.tiktok.com/setting?lang=es:0
[  399272ms] [WARNING] The resource https://lf16-tiktok-web.tiktokcdn-us.com/obj/tiktok-web-tx/tiktok/web/pns_fe_parental_control_vmok/static/js/async/3139.dafaa0fc.js was preloaded using link preload but not used within a few seconds from the window's load event. Please make sure it has an appropriate `as` value and it is preloaded intentionally. @ https://www.tiktok.com/setting?lang=es:0
[  399272ms] [WARNING] The resource https://lf16-tiktok-web.tiktokcdn-us.com/obj/tiktok-web-tx/tiktok/web/pns_fe_keyword_filtering_vmok/static/css/async/126.f1acf961.css was preloaded using link preload but not used within a few seconds from the window's load event. Please make sure it has an appropriate `as` value and it is preloaded intentionally. @ https://www.tiktok.com/setting?lang=es:0
[  399272ms] [WARNING] The resource https://lf16-tiktok-web.tiktokcdn-us.com/obj/tiktok-web-tx/tiktok/web/pns_fe_parental_control_vmok/static/css/async/__federation_expose_main.abb44d39.css was preloaded using link preload but not used within a few seconds from the window's load event. Please make sure it has an appropriate `as` value and it is preloaded intentionally. @ https://www.tiktok.com/setting?lang=es:0
[  409639ms] [WARNING] The resource https://lf16-tiktok-web.tiktokcdn-us.com/obj/tiktok-web-tx/tiktok/web/pns_fe_keyword_filtering_vmok/static/js/async/126.c9a90670.js was preloaded using link preload but not used within a few seconds from the window's load event. Please make sure it has an appropriate `as` value and it is preloaded intentionally. @ https://www.tiktok.com/setting?lang=es:0
[  409639ms] [WARNING] The resource https://lf16-tiktok-web.tiktokcdn-us.com/obj/tiktok-web-tx/tiktok/web/pns_fe_parental_control_vmok/static/js/async/lib-axios.56c5f961.js was preloaded using link preload but not used within a few seconds from the window's load event. Please make sure it has an appropriate `as` value and it is preloaded intentionally. @ https://www.tiktok.com/setting?lang=es:0
[  409639ms] [WARNING] The resource https://lf16-tiktok-web.tiktokcdn-us.com/obj/tiktok-web-tx/tiktok/web/pns_fe_keyword_filtering_vmok/static/js/async/606.7a63198e.js was preloaded using link preload but not used within a few seconds from the window's load event. Please make sure it has an appropriate `as` value and it is preloaded intentionally. @ https://www.tiktok.com/setting?lang=es:0
[  409639ms] [WARNING] The resource https://lf16-tiktok-web.tiktokcdn-us.com/obj/tiktok-web-tx/tiktok/web/pns_fe_keyword_filtering_vmok/static/css/async/__federation_expose_entry_react_bridge.569a7521.css was preloaded using link preload but not used within a few seconds from the window's load event. Please make sure it has an appropriate `as` value and it is preloaded intentionally. @ https://www.tiktok.com/setting?lang=es:0
[  409639ms] [WARNING] The resource https://lf16-tiktok-web.tiktokcdn-us.com/obj/tiktok-web-tx/tiktok/web/pns_fe_keyword_filtering_vmok/static/js/async/752.8dc09088.js was preloaded using link preload but not used within a few seconds from the window's load event. Please make sure it has an appropriate `as` value and it is preloaded intentionally. @ https://www.tiktok.com/setting?lang=es:0
[  409639ms] [WARNING] The resource https://lf16-tiktok-web.tiktokcdn-us.com/obj/tiktok-web-tx/tiktok/web/pns_fe_keyword_filtering_vmok/static/js/async/async-main.25610a11.js was preloaded using link preload but not used within a few seconds from the window's load event. Please make sure it has an appropriate `as` value and it is preloaded intentionally. @ https://www.tiktok.com/setting?lang=es:0
[  409639ms] [WARNING] The resource https://lf16-tiktok-web.tiktokcdn-us.com/obj/tiktok-web-tx/tiktok/web/pns_fe_keyword_filtering_vmok/static/js/async/lib-router.46d8bbc0.js was preloaded using link preload but not used within a few seconds from the window's load event. Please make sure it has an appropriate `as` value and it is preloaded intentionally. @ https://www.tiktok.com/setting?lang=es:0
[  409639ms] [WARNING] The resource https://lf16-tiktok-web.tiktokcdn-us.com/obj/tiktok-web-tx/tiktok/web/pns_fe_keyword_filtering_vmok/static/js/async/587.eafa5f92.js was preloaded using link preload but not used within a few seconds from the window's load event. Please make sure it has an appropriate `as` value and it is preloaded intentionally. @ https://www.tiktok.com/setting?lang=es:0
[  409639ms] [WARNING] The resource https://lf16-tiktok-web.tiktokcdn-us.com/obj/tiktok-web-tx/tiktok/web/pns_fe_keyword_filtering_vmok/static/js/async/593.f09ae1b5.js was preloaded using link preload but not used within a few seconds from the window's load event. Please make sure it has an appropriate `as` value and it is preloaded intentionally. @ https://www.tiktok.com/setting?lang=es:0
[  409639ms] [WARNING] The resource https://lf16-tiktok-web.tiktokcdn-us.com/obj/tiktok-web-tx/tiktok/web/pns_fe_parental_control_vmok/static/js/lib-polyfill.5e52839d.js was preloaded using link preload but not used within a few seconds from the window's load event. Please make sure it has an appropriate `as` value and it is preloaded intentionally. @ https://www.tiktok.com/setting?lang=es:0
[  409640ms] [WARNING] The resource https://lf16-tiktok-web.tiktokcdn-us.com/obj/tiktok-web-tx/tiktok/web/pns_fe_keyword_filtering_vmok/static/js/async/273.61871fe6.js was preloaded using link preload but not used within a few seconds from the window's load event. Please make sure it has an appropriate `as` value and it is preloaded intentionally. @ https://www.tiktok.com/setting?lang=es:0
[  409640ms] [WARNING] The resource https://lf16-tiktok-web.tiktokcdn-us.com/obj/tiktok-web-tx/tiktok/web/pns_fe_parental_control_vmok/static/js/async/9678.ae39123c.js was preloaded using link preload but not used within a few seconds from the window's load event. Please make sure it has an appropriate `as` value and it is preloaded intentionally. @ https://www.tiktok.com/setting?lang=es:0
[  409640ms] [WARNING] The resource https://lf16-tiktok-web.tiktokcdn-us.com/obj/tiktok-web-tx/tiktok/web/pns_fe_parental_control_vmok/static/js/async/__federation_expose_main.1a07efe8.js was preloaded using link preload but not used within a few seconds from the window's load event. Please make sure it has an appropriate `as` value and it is preloaded intentionally. @ https://www.tiktok.com/setting?lang=es:0
[  409640ms] [WARNING] The resource https://lf16-tiktok-web.tiktokcdn-us.com/obj/tiktok-web-tx/tiktok/web/pns_fe_keyword_filtering_vmok/static/js/async/__federation_expose_entry_react_bridge.247b132d.js was preloaded using link preload but not used within a few seconds from the window's load event. Please make sure it has an appropriate `as` value and it is preloaded intentionally. @ https://www.tiktok.com/setting?lang=es:0
[  409640ms] [WARNING] The resource https://lf16-tiktok-web.tiktokcdn-us.com/obj/tiktok-web-tx/tiktok/web/pns_fe_parental_control_vmok/static/js/async/lib-router.369091d5.js was preloaded using link preload but not used within a few seconds from the window's load event. Please make sure it has an appropriate `as` value and it is preloaded intentionally. @ https://www.tiktok.com/setting?lang=es:0
[  409640ms] [WARNING] The resource https://lf16-tiktok-web.tiktokcdn-us.com/obj/tiktok-web-tx/tiktok/web/pns_fe_keyword_filtering_vmok/static/js/async/argus-builder-strategy.a3264b45.js was preloaded using link preload but not used within a few seconds from the window's load event. Please make sure it has an appropriate `as` value and it is preloaded intentionally. @ https://www.tiktok.com/setting?lang=es:0
[  409640ms] [WARNING] The resource https://lf16-tiktok-web.tiktokcdn-us.com/obj/tiktok-web-tx/tiktok/web/pns_fe_keyword_filtering_vmok/static/js/async/lib-axios.8c284c11.js was preloaded using link preload but not used within a few seconds from the window's load event. Please make sure it has an appropriate `as` value and it is preloaded intentionally. @ https://www.tiktok.com/setting?lang=es:0
[  409640ms] [WARNING] The resource https://lf16-tiktok-web.tiktokcdn-us.com/obj/tiktok-web-tx/tiktok/web/pns_fe_keyword_filtering_vmok/static/js/lib-polyfill.2d9206bd.js was preloaded using link preload but not used within a few seconds from the window's load event. Please make sure it has an appropriate `as` value and it is preloaded intentionally. @ https://www.tiktok.com/setting?lang=es:0
[  409640ms] [WARNING] The resource https://lf16-tiktok-web.tiktokcdn-us.com/obj/tiktok-web-tx/tiktok/web/pns_fe_parental_control_vmok/static/css/async/3139.a5a9f032.css was preloaded using link preload but not used within a few seconds from the window's load event. Please make sure it has an appropriate `as` value and it is preloaded intentionally. @ https://www.tiktok.com/setting?lang=es:0
[  409640ms] [WARNING] The resource https://lf16-tiktok-web.tiktokcdn-us.com/obj/tiktok-web-tx/tiktok/web/pns_fe_parental_control_vmok/static/js/async/778.beddb8c0.js was preloaded using link preload but not used within a few seconds from the window's load event. Please make sure it has an appropriate `as` value and it is preloaded intentionally. @ https://www.tiktok.com/setting?lang=es:0
[  409640ms] [WARNING] The resource https://lf16-tiktok-web.tiktokcdn-us.com/obj/tiktok-web-tx/tiktok/web/pns_fe_parental_control_vmok/static/js/async/3139.dafaa0fc.js was preloaded using link preload but not used within a few seconds from the window's load event. Please make sure it has an appropriate `as` value and it is preloaded intentionally. @ https://www.tiktok.com/setting?lang=es:0
[  409640ms] [WARNING] The resource https://lf16-tiktok-web.tiktokcdn-us.com/obj/tiktok-web-tx/tiktok/web/pns_fe_keyword_filtering_vmok/static/css/async/126.f1acf961.css was preloaded using link preload but not used within a few seconds from the window's load event. Please make sure it has an appropriate `as` value and it is preloaded intentionally. @ https://www.tiktok.com/setting?lang=es:0
[  409640ms] [WARNING] The resource https://lf16-tiktok-web.tiktokcdn-us.com/obj/tiktok-web-tx/tiktok/web/pns_fe_parental_control_vmok/static/css/async/__federation_expose_main.abb44d39.css was preloaded using link preload but not used within a few seconds from the window's load event. Please make sure it has an appropriate `as` value and it is preloaded intentionally. @ https://www.tiktok.com/setting?lang=es:0
[  420698ms] [WARNING] The resource https://lf16-tiktok-web.tiktokcdn-us.com/obj/tiktok-web-tx/tiktok/web/pns_fe_keyword_filtering_vmok/static/js/async/126.c9a90670.js was preloaded using link preload but not used within a few seconds from the window's load event. Please make sure it has an appropriate `as` value and it is preloaded intentionally. @ https://www.tiktok.com/setting?lang=es:0
[  420698ms] [WARNING] The resource https://lf16-tiktok-web.tiktokcdn-us.com/obj/tiktok-web-tx/tiktok/web/pns_fe_parental_control_vmok/static/js/async/lib-axios.56c5f961.js was preloaded using link preload but not used within a few seconds from the window's load event. Please make sure it has an appropriate `as` value and it is preloaded intentionally. @ https://www.tiktok.com/setting?lang=es:0
[  420698ms] [WARNING] The resource https://lf16-tiktok-web.tiktokcdn-us.com/obj/tiktok-web-tx/tiktok/web/pns_fe_keyword_filtering_vmok/static/js/async/606.7a63198e.js was preloaded using link preload but not used within a few seconds from the window's load event. Please make sure it has an appropriate `as` value and it is preloaded intentionally. @ https://www.tiktok.com/setting?lang=es:0
[  420698ms] [WARNING] The resource https://lf16-tiktok-web.tiktokcdn-us.com/obj/tiktok-web-tx/tiktok/web/pns_fe_keyword_filtering_vmok/static/css/async/__federation_expose_entry_react_bridge.569a7521.css was preloaded using link preload but not used within a few seconds from the window's load event. Please make sure it has an appropriate `as` value and it is preloaded intentionally. @ https://www.tiktok.com/setting?lang=es:0
[  420698ms] [WARNING] The resource https://lf16-tiktok-web.tiktokcdn-us.com/obj/tiktok-web-tx/tiktok/web/pns_fe_keyword_filtering_vmok/static/js/async/752.8dc09088.js was preloaded using link preload but not used within a few seconds from the window's load event. Please make sure it has an appropriate `as` value and it is preloaded intentionally. @ https://www.tiktok.com/setting?lang=es:0
[  420698ms] [WARNING] The resource https://lf16-tiktok-web.tiktokcdn-us.com/obj/tiktok-web-tx/tiktok/web/pns_fe_keyword_filtering_vmok/static/js/async/async-main.25610a11.js was preloaded using link preload but not used within a few seconds from the window's load event. Please make sure it has an appropriate `as` value and it is preloaded intentionally. @ https://www.tiktok.com/setting?lang=es:0
[  420698ms] [WARNING] The resource https://lf16-tiktok-web.tiktokcdn-us.com/obj/tiktok-web-tx/tiktok/web/pns_fe_keyword_filtering_vmok/static/js/async/lib-router.46d8bbc0.js was preloaded using link preload but not used within a few seconds from the window's load event. Please make sure it has an appropriate `as` value and it is preloaded intentionally. @ https://www.tiktok.com/setting?lang=es:0
[  420698ms] [WARNING] The resource https://lf16-tiktok-web.tiktokcdn-us.com/obj/tiktok-web-tx/tiktok/web/pns_fe_keyword_filtering_vmok/static/js/async/587.eafa5f92.js was preloaded using link preload but not used within a few seconds from the window's load event. Please make sure it has an appropriate `as` value and it is preloaded intentionally. @ https://www.tiktok.com/setting?lang=es:0
[  420698ms] [WARNING] The resource https://lf16-tiktok-web.tiktokcdn-us.com/obj/tiktok-web-tx/tiktok/web/pns_fe_keyword_filtering_vmok/static/js/async/593.f09ae1b5.js was preloaded using link preload but not used within a few seconds from the window's load event. Please make sure it has an appropriate `as` value and it is preloaded intentionally. @ https://www.tiktok.com/setting?lang=es:0
[  420698ms] [WARNING] The resource https://lf16-tiktok-web.tiktokcdn-us.com/obj/tiktok-web-tx/tiktok/web/pns_fe_parental_control_vmok/static/js/lib-polyfill.5e52839d.js was preloaded using link preload but not used within a few seconds from the window's load event. Please make sure it has an appropriate `as` value and it is preloaded intentionally. @ https://www.tiktok.com/setting?lang=es:0
[  420698ms] [WARNING] The resource https://lf16-tiktok-web.tiktokcdn-us.com/obj/tiktok-web-tx/tiktok/web/pns_fe_keyword_filtering_vmok/static/js/async/273.61871fe6.js was preloaded using link preload but not used within a few seconds from the window's load event. Please make sure it has an appropriate `as` value and it is preloaded intentionally. @ https://www.tiktok.com/setting?lang=es:0
[  420699ms] [WARNING] The resource https://lf16-tiktok-web.tiktokcdn-us.com/obj/tiktok-web-tx/tiktok/web/pns_fe_parental_control_vmok/static/js/async/9678.ae39123c.js was preloaded using link preload but not used within a few seconds from the window's load event. Please make sure it has an appropriate `as` value and it is preloaded intentionally. @ https://www.tiktok.com/setting?lang=es:0
[  420699ms] [WARNING] The resource https://lf16-tiktok-web.tiktokcdn-us.com/obj/tiktok-web-tx/tiktok/web/pns_fe_parental_control_vmok/static/js/async/__federation_expose_main.1a07efe8.js was preloaded using link preload but not used within a few seconds from the window's load event. Please make sure it has an appropriate `as` value and it is preloaded intentionally. @ https://www.tiktok.com/setting?lang=es:0
[  420699ms] [WARNING] The resource https://lf16-tiktok-web.tiktokcdn-us.com/obj/tiktok-web-tx/tiktok/web/pns_fe_keyword_filtering_vmok/static/js/async/__federation_expose_entry_react_bridge.247b132d.js was preloaded using link preload but not used within a few seconds from the window's load event. Please make sure it has an appropriate `as` value and it is preloaded intentionally. @ https://www.tiktok.com/setting?lang=es:0
[  420699ms] [WARNING] The resource https://lf16-tiktok-web.tiktokcdn-us.com/obj/tiktok-web-tx/tiktok/web/pns_fe_parental_control_vmok/static/js/async/lib-router.369091d5.js was preloaded using link preload but not used within a few seconds from the window's load event. Please make sure it has an appropriate `as` value and it is preloaded intentionally. @ https://www.tiktok.com/setting?lang=es:0
[  420699ms] [WARNING] The resource https://lf16-tiktok-web.tiktokcdn-us.com/obj/tiktok-web-tx/tiktok/web/pns_fe_keyword_filtering_vmok/static/js/async/argus-builder-strategy.a3264b45.js was preloaded using link preload but not used within a few seconds from the window's load event. Please make sure it has an appropriate `as` value and it is preloaded intentionally. @ https://www.tiktok.com/setting?lang=es:0
[  420699ms] [WARNING] The resource https://lf16-tiktok-web.tiktokcdn-us.com/obj/tiktok-web-tx/tiktok/web/pns_fe_keyword_filtering_vmok/static/js/async/lib-axios.8c284c11.js was preloaded using link preload but not used within a few seconds from the window's load event. Please make sure it has an appropriate `as` value and it is preloaded intentionally. @ https://www.tiktok.com/setting?lang=es:0
[  420699ms] [WARNING] The resource https://lf16-tiktok-web.tiktokcdn-us.com/obj/tiktok-web-tx/tiktok/web/pns_fe_keyword_filtering_vmok/static/js/lib-polyfill.2d9206bd.js was preloaded using link preload but not used within a few seconds from the window's load event. Please make sure it has an appropriate `as` value and it is preloaded intentionally. @ https://www.tiktok.com/setting?lang=es:0
[  420699ms] [WARNING] The resource https://lf16-tiktok-web.tiktokcdn-us.com/obj/tiktok-web-tx/tiktok/web/pns_fe_parental_control_vmok/static/css/async/3139.a5a9f032.css was preloaded using link preload but not used within a few seconds from the window's load event. Please make sure it has an appropriate `as` value and it is preloaded intentionally. @ https://www.tiktok.com/setting?lang=es:0
[  420699ms] [WARNING] The resource https://lf16-tiktok-web.tiktokcdn-us.com/obj/tiktok-web-tx/tiktok/web/pns_fe_parental_control_vmok/static/js/async/778.beddb8c0.js was preloaded using link preload but not used within a few seconds from the window's load event. Please make sure it has an appropriate `as` value and it is preloaded intentionally. @ https://www.tiktok.com/setting?lang=es:0
[  420699ms] [WARNING] The resource https://lf16-tiktok-web.tiktokcdn-us.com/obj/tiktok-web-tx/tiktok/web/pns_fe_parental_control_vmok/static/js/async/3139.dafaa0fc.js was preloaded using link preload but not used within a few seconds from the window's load event. Please make sure it has an appropriate `as` value and it is preloaded intentionally. @ https://www.tiktok.com/setting?lang=es:0
[  420699ms] [WARNING] The resource https://lf16-tiktok-web.tiktokcdn-us.com/obj/tiktok-web-tx/tiktok/web/pns_fe_keyword_filtering_vmok/static/css/async/126.f1acf961.css was preloaded using link preload but not used within a few seconds from the window's load event. Please make sure it has an appropriate `as` value and it is preloaded intentionally. @ https://www.tiktok.com/setting?lang=es:0
[  420699ms] [WARNING] The resource https://lf16-tiktok-web.tiktokcdn-us.com/obj/tiktok-web-tx/tiktok/web/pns_fe_parental_control_vmok/static/css/async/__federation_expose_main.abb44d39.css was preloaded using link preload but not used within a few seconds from the window's load event. Please make sure it has an appropriate `as` value and it is preloaded intentionally. @ https://www.tiktok.com/setting?lang=es:0
[  425460ms] [WARNING] The resource https://lf16-tiktok-web.tiktokcdn-us.com/obj/tiktok-web-tx/tiktok/web/pns_fe_keyword_filtering_vmok/static/js/async/126.c9a90670.js was preloaded using link preload but not used within a few seconds from the window's load event. Please make sure it has an appropriate `as` value and it is preloaded intentionally. @ https://www.tiktok.com/setting?lang=es:0
[  425460ms] [WARNING] The resource https://lf16-tiktok-web.tiktokcdn-us.com/obj/tiktok-web-tx/tiktok/web/pns_fe_parental_control_vmok/static/js/async/lib-axios.56c5f961.js was preloaded using link preload but not used within a few seconds from the window's load event. Please make sure it has an appropriate `as` value and it is preloaded intentionally. @ https://www.tiktok.com/setting?lang=es:0
[  425460ms] [WARNING] The resource https://lf16-tiktok-web.tiktokcdn-us.com/obj/tiktok-web-tx/tiktok/web/pns_fe_keyword_filtering_vmok/static/js/async/606.7a63198e.js was preloaded using link preload but not used within a few seconds from the window's load event. Please make sure it has an appropriate `as` value and it is preloaded intentionally. @ https://www.tiktok.com/setting?lang=es:0
[  425460ms] [WARNING] The resource https://lf16-tiktok-web.tiktokcdn-us.com/obj/tiktok-web-tx/tiktok/web/pns_fe_keyword_filtering_vmok/static/css/async/__federation_expose_entry_react_bridge.569a7521.css was preloaded using link preload but not used within a few seconds from the window's load event. Please make sure it has an appropriate `as` value and it is preloaded intentionally. @ https://www.tiktok.com/setting?lang=es:0
[  425460ms] [WARNING] The resource https://lf16-tiktok-web.tiktokcdn-us.com/obj/tiktok-web-tx/tiktok/web/pns_fe_keyword_filtering_vmok/static/js/async/752.8dc09088.js was preloaded using link preload but not used within a few seconds from the window's load event. Please make sure it has an appropriate `as` value and it is preloaded intentionally. @ https://www.tiktok.com/setting?lang=es:0
[  425460ms] [WARNING] The resource https://lf16-tiktok-web.tiktokcdn-us.com/obj/tiktok-web-tx/tiktok/web/pns_fe_keyword_filtering_vmok/static/js/async/async-main.25610a11.js was preloaded using link preload but not used within a few seconds from the window's load event. Please make sure it has an appropriate `as` value and it is preloaded intentionally. @ https://www.tiktok.com/setting?lang=es:0
[  425460ms] [WARNING] The resource https://lf16-tiktok-web.tiktokcdn-us.com/obj/tiktok-web-tx/tiktok/web/pns_fe_keyword_filtering_vmok/static/js/async/lib-router.46d8bbc0.js was preloaded using link preload but not used within a few seconds from the window's load event. Please make sure it has an appropriate `as` value and it is preloaded intentionally. @ https://www.tiktok.com/setting?lang=es:0
[  425460ms] [WARNING] The resource https://lf16-tiktok-web.tiktokcdn-us.com/obj/tiktok-web-tx/tiktok/web/pns_fe_keyword_filtering_vmok/static/js/async/587.eafa5f92.js was preloaded using link preload but not used within a few seconds from the window's load event. Please make sure it has an appropriate `as` value and it is preloaded intentionally. @ https://www.tiktok.com/setting?lang=es:0
[  425460ms] [WARNING] The resource https://lf16-tiktok-web.tiktokcdn-us.com/obj/tiktok-web-tx/tiktok/web/pns_fe_keyword_filtering_vmok/static/js/async/593.f09ae1b5.js was preloaded using link preload but not used within a few seconds from the window's load event. Please make sure it has an appropriate `as` value and it is preloaded intentionally. @ https://www.tiktok.com/setting?lang=es:0
[  425460ms] [WARNING] The resource https://lf16-tiktok-web.tiktokcdn-us.com/obj/tiktok-web-tx/tiktok/web/pns_fe_parental_control_vmok/static/js/lib-polyfill.5e52839d.js was preloaded using link preload but not used within a few seconds from the window's load event. Please make sure it has an appropriate `as` value and it is preloaded intentionally. @ https://www.tiktok.com/setting?lang=es:0
[  425460ms] [WARNING] The resource https://lf16-tiktok-web.tiktokcdn-us.com/obj/tiktok-web-tx/tiktok/web/pns_fe_keyword_filtering_vmok/static/js/async/273.61871fe6.js was preloaded using link preload but not used within a few seconds from the window's load event. Please make sure it has an appropriate `as` value and it is preloaded intentionally. @ https://www.tiktok.com/setting?lang=es:0
[  425460ms] [WARNING] The resource https://lf16-tiktok-web.tiktokcdn-us.com/obj/tiktok-web-tx/tiktok/web/pns_fe_parental_control_vmok/static/js/async/9678.ae39123c.js was preloaded using link preload but not used within a few seconds from the window's load event. Please make sure it has an appropriate `as` value and it is preloaded intentionally. @ https://www.tiktok.com/setting?lang=es:0
[  425460ms] [WARNING] The resource https://lf16-tiktok-web.tiktokcdn-us.com/obj/tiktok-web-tx/tiktok/web/pns_fe_parental_control_vmok/static/js/async/__federation_expose_main.1a07efe8.js was preloaded using link preload but not used within a few seconds from the window's load event. Please make sure it has an appropriate `as` value and it is preloaded intentionally. @ https://www.tiktok.com/setting?lang=es:0
[  425460ms] [WARNING] The resource https://lf16-tiktok-web.tiktokcdn-us.com/obj/tiktok-web-tx/tiktok/web/pns_fe_keyword_filtering_vmok/static/js/async/__federation_expose_entry_react_bridge.247b132d.js was preloaded using link preload but not used within a few seconds from the window's load event. Please make sure it has an appropriate `as` value and it is preloaded intentionally. @ https://www.tiktok.com/setting?lang=es:0
[  425460ms] [WARNING] The resource https://lf16-tiktok-web.tiktokcdn-us.com/obj/tiktok-web-tx/tiktok/web/pns_fe_parental_control_vmok/static/js/async/lib-router.369091d5.js was preloaded using link preload but not used within a few seconds from the window's load event. Please make sure it has an appropriate `as` value and it is preloaded intentionally. @ https://www.tiktok.com/setting?lang=es:0
[  425460ms] [WARNING] The resource https://lf16-tiktok-web.tiktokcdn-us.com/obj/tiktok-web-tx/tiktok/web/pns_fe_keyword_filtering_vmok/static/js/async/argus-builder-strategy.a3264b45.js was preloaded using link preload but not used within a few seconds from the window's load event. Please make sure it has an appropriate `as` value and it is preloaded intentionally. @ https://www.tiktok.com/setting?lang=es:0
[  425460ms] [WARNING] The resource https://lf16-tiktok-web.tiktokcdn-us.com/obj/tiktok-web-tx/tiktok/web/pns_fe_keyword_filtering_vmok/static/js/async/lib-axios.8c284c11.js was preloaded using link preload but not used within a few seconds from the window's load event. Please make sure it has an appropriate `as` value and it is preloaded intentionally. @ https://www.tiktok.com/setting?lang=es:0
[  425460ms] [WARNING] The resource https://lf16-tiktok-web.tiktokcdn-us.com/obj/tiktok-web-tx/tiktok/web/pns_fe_keyword_filtering_vmok/static/js/lib-polyfill.2d9206bd.js was preloaded using link preload but not used within a few seconds from the window's load event. Please make sure it has an appropriate `as` value and it is preloaded intentionally. @ https://www.tiktok.com/setting?lang=es:0
[  425460ms] [WARNING] The resource https://lf16-tiktok-web.tiktokcdn-us.com/obj/tiktok-web-tx/tiktok/web/pns_fe_parental_control_vmok/static/css/async/3139.a5a9f032.css was preloaded using link preload but not used within a few seconds from the window's load event. Please make sure it has an appropriate `as` value and it is preloaded intentionally. @ https://www.tiktok.com/setting?lang=es:0
[  425460ms] [WARNING] The resource https://lf16-tiktok-web.tiktokcdn-us.com/obj/tiktok-web-tx/tiktok/web/pns_fe_parental_control_vmok/static/js/async/778.beddb8c0.js was preloaded using link preload but not used within a few seconds from the window's load event. Please make sure it has an appropriate `as` value and it is preloaded intentionally. @ https://www.tiktok.com/setting?lang=es:0
[  425460ms] [WARNING] The resource https://lf16-tiktok-web.tiktokcdn-us.com/obj/tiktok-web-tx/tiktok/web/pns_fe_parental_control_vmok/static/js/async/3139.dafaa0fc.js was preloaded using link preload but not used within a few seconds from the window's load event. Please make sure it has an appropriate `as` value and it is preloaded intentionally. @ https://www.tiktok.com/setting?lang=es:0
[  425460ms] [WARNING] The resource https://lf16-tiktok-web.tiktokcdn-us.com/obj/tiktok-web-tx/tiktok/web/pns_fe_keyword_filtering_vmok/static/css/async/126.f1acf961.css was preloaded using link preload but not used within a few seconds from the window's load event. Please make sure it has an appropriate `as` value and it is preloaded intentionally. @ https://www.tiktok.com/setting?lang=es:0
[  425460ms] [WARNING] The resource https://lf16-tiktok-web.tiktokcdn-us.com/obj/tiktok-web-tx/tiktok/web/pns_fe_parental_control_vmok/static/css/async/__federation_expose_main.abb44d39.css was preloaded using link preload but not used within a few seconds from the window's load event. Please make sure it has an appropriate `as` value and it is preloaded intentionally. @ https://www.tiktok.com/setting?lang=es:0
[  430301ms] [WARNING] The resource https://lf16-tiktok-web.tiktokcdn-us.com/obj/tiktok-web-tx/tiktok/web/pns_fe_keyword_filtering_vmok/static/js/async/126.c9a90670.js was preloaded using link preload but not used within a few seconds from the window's load event. Please make sure it has an appropriate `as` value and it is preloaded intentionally. @ https://www.tiktok.com/setting?lang=es:0
[  430301ms] [WARNING] The resource https://lf16-tiktok-web.tiktokcdn-us.com/obj/tiktok-web-tx/tiktok/web/pns_fe_parental_control_vmok/static/js/async/lib-axios.56c5f961.js was preloaded using link preload but not used within a few seconds from the window's load event. Please make sure it has an appropriate `as` value and it is preloaded intentionally. @ https://www.tiktok.com/setting?lang=es:0
[  430301ms] [WARNING] The resource https://lf16-tiktok-web.tiktokcdn-us.com/obj/tiktok-web-tx/tiktok/web/pns_fe_keyword_filtering_vmok/static/js/async/606.7a63198e.js was preloaded using link preload but not used within a few seconds from the window's load event. Please make sure it has an appropriate `as` value and it is preloaded intentionally. @ https://www.tiktok.com/setting?lang=es:0
[  430301ms] [WARNING] The resource https://lf16-tiktok-web.tiktokcdn-us.com/obj/tiktok-web-tx/tiktok/web/pns_fe_keyword_filtering_vmok/static/css/async/__federation_expose_entry_react_bridge.569a7521.css was preloaded using link preload but not used within a few seconds from the window's load event. Please make sure it has an appropriate `as` value and it is preloaded intentionally. @ https://www.tiktok.com/setting?lang=es:0
[  430301ms] [WARNING] The resource https://lf16-tiktok-web.tiktokcdn-us.com/obj/tiktok-web-tx/tiktok/web/pns_fe_keyword_filtering_vmok/static/js/async/752.8dc09088.js was preloaded using link preload but not used within a few seconds from the window's load event. Please make sure it has an appropriate `as` value and it is preloaded intentionally. @ https://www.tiktok.com/setting?lang=es:0
[  430301ms] [WARNING] The resource https://lf16-tiktok-web.tiktokcdn-us.com/obj/tiktok-web-tx/tiktok/web/pns_fe_keyword_filtering_vmok/static/js/async/async-main.25610a11.js was preloaded using link preload but not used within a few seconds from the window's load event. Please make sure it has an appropriate `as` value and it is preloaded intentionally. @ https://www.tiktok.com/setting?lang=es:0
[  430301ms] [WARNING] The resource https://lf16-tiktok-web.tiktokcdn-us.com/obj/tiktok-web-tx/tiktok/web/pns_fe_keyword_filtering_vmok/static/js/async/lib-router.46d8bbc0.js was preloaded using link preload but not used within a few seconds from the window's load event. Please make sure it has an appropriate `as` value and it is preloaded intentionally. @ https://www.tiktok.com/setting?lang=es:0
[  430301ms] [WARNING] The resource https://lf16-tiktok-web.tiktokcdn-us.com/obj/tiktok-web-tx/tiktok/web/pns_fe_keyword_filtering_vmok/static/js/async/587.eafa5f92.js was preloaded using link preload but not used within a few seconds from the window's load event. Please make sure it has an appropriate `as` value and it is preloaded intentionally. @ https://www.tiktok.com/setting?lang=es:0
[  430301ms] [WARNING] The resource https://lf16-tiktok-web.tiktokcdn-us.com/obj/tiktok-web-tx/tiktok/web/pns_fe_keyword_filtering_vmok/static/js/async/593.f09ae1b5.js was preloaded using link preload but not used within a few seconds from the window's load event. Please make sure it has an appropriate `as` value and it is preloaded intentionally. @ https://www.tiktok.com/setting?lang=es:0
[  430301ms] [WARNING] The resource https://lf16-tiktok-web.tiktokcdn-us.com/obj/tiktok-web-tx/tiktok/web/pns_fe_parental_control_vmok/static/js/lib-polyfill.5e52839d.js was preloaded using link preload but not used within a few seconds from the window's load event. Please make sure it has an appropriate `as` value and it is preloaded intentionally. @ https://www.tiktok.com/setting?lang=es:0
[  430301ms] [WARNING] The resource https://lf16-tiktok-web.tiktokcdn-us.com/obj/tiktok-web-tx/tiktok/web/pns_fe_keyword_filtering_vmok/static/js/async/273.61871fe6.js was preloaded using link preload but not used within a few seconds from the window's load event. Please make sure it has an appropriate `as` value and it is preloaded intentionally. @ https://www.tiktok.com/setting?lang=es:0
[  430301ms] [WARNING] The resource https://lf16-tiktok-web.tiktokcdn-us.com/obj/tiktok-web-tx/tiktok/web/pns_fe_parental_control_vmok/static/js/async/9678.ae39123c.js was preloaded using link preload but not used within a few seconds from the window's load event. Please make sure it has an appropriate `as` value and it is preloaded intentionally. @ https://www.tiktok.com/setting?lang=es:0
[  430301ms] [WARNING] The resource https://lf16-tiktok-web.tiktokcdn-us.com/obj/tiktok-web-tx/tiktok/web/pns_fe_parental_control_vmok/static/js/async/__federation_expose_main.1a07efe8.js was preloaded using link preload but not used within a few seconds from the window's load event. Please make sure it has an appropriate `as` value and it is preloaded intentionally. @ https://www.tiktok.com/setting?lang=es:0
[  430301ms] [WARNING] The resource https://lf16-tiktok-web.tiktokcdn-us.com/obj/tiktok-web-tx/tiktok/web/pns_fe_keyword_filtering_vmok/static/js/async/__federation_expose_entry_react_bridge.247b132d.js was preloaded using link preload but not used within a few seconds from the window's load event. Please make sure it has an appropriate `as` value and it is preloaded intentionally. @ https://www.tiktok.com/setting?lang=es:0
[  430301ms] [WARNING] The resource https://lf16-tiktok-web.tiktokcdn-us.com/obj/tiktok-web-tx/tiktok/web/pns_fe_parental_control_vmok/static/js/async/lib-router.369091d5.js was preloaded using link preload but not used within a few seconds from the window's load event. Please make sure it has an appropriate `as` value and it is preloaded intentionally. @ https://www.tiktok.com/setting?lang=es:0
[  430301ms] [WARNING] The resource https://lf16-tiktok-web.tiktokcdn-us.com/obj/tiktok-web-tx/tiktok/web/pns_fe_keyword_filtering_vmok/static/js/async/argus-builder-strategy.a3264b45.js was preloaded using link preload but not used within a few seconds from the window's load event. Please make sure it has an appropriate `as` value and it is preloaded intentionally. @ https://www.tiktok.com/setting?lang=es:0
[  430301ms] [WARNING] The resource https://lf16-tiktok-web.tiktokcdn-us.com/obj/tiktok-web-tx/tiktok/web/pns_fe_keyword_filtering_vmok/static/js/async/lib-axios.8c284c11.js was preloaded using link preload but not used within a few seconds from the window's load event. Please make sure it has an appropriate `as` value and it is preloaded intentionally. @ https://www.tiktok.com/setting?lang=es:0
[  430301ms] [WARNING] The resource https://lf16-tiktok-web.tiktokcdn-us.com/obj/tiktok-web-tx/tiktok/web/pns_fe_keyword_filtering_vmok/static/js/lib-polyfill.2d9206bd.js was preloaded using link preload but not used within a few seconds from the window's load event. Please make sure it has an appropriate `as` value and it is preloaded intentionally. @ https://www.tiktok.com/setting?lang=es:0
[  430302ms] [WARNING] The resource https://lf16-tiktok-web.tiktokcdn-us.com/obj/tiktok-web-tx/tiktok/web/pns_fe_parental_control_vmok/static/css/async/3139.a5a9f032.css was preloaded using link preload but not used within a few seconds from the window's load event. Please make sure it has an appropriate `as` value and it is preloaded intentionally. @ https://www.tiktok.com/setting?lang=es:0
[  430302ms] [WARNING] The resource https://lf16-tiktok-web.tiktokcdn-us.com/obj/tiktok-web-tx/tiktok/web/pns_fe_parental_control_vmok/static/js/async/778.beddb8c0.js was preloaded using link preload but not used within a few seconds from the window's load event. Please make sure it has an appropriate `as` value and it is preloaded intentionally. @ https://www.tiktok.com/setting?lang=es:0
[  430302ms] [WARNING] The resource https://lf16-tiktok-web.tiktokcdn-us.com/obj/tiktok-web-tx/tiktok/web/pns_fe_parental_control_vmok/static/js/async/3139.dafaa0fc.js was preloaded using link preload but not used within a few seconds from the window's load event. Please make sure it has an appropriate `as` value and it is preloaded intentionally. @ https://www.tiktok.com/setting?lang=es:0
[  430302ms] [WARNING] The resource https://lf16-tiktok-web.tiktokcdn-us.com/obj/tiktok-web-tx/tiktok/web/pns_fe_keyword_filtering_vmok/static/css/async/126.f1acf961.css was preloaded using link preload but not used within a few seconds from the window's load event. Please make sure it has an appropriate `as` value and it is preloaded intentionally. @ https://www.tiktok.com/setting?lang=es:0
[  430302ms] [WARNING] The resource https://lf16-tiktok-web.tiktokcdn-us.com/obj/tiktok-web-tx/tiktok/web/pns_fe_parental_control_vmok/static/css/async/__federation_expose_main.abb44d39.css was preloaded using link preload but not used within a few seconds from the window's load event. Please make sure it has an appropriate `as` value and it is preloaded intentionally. @ https://www.tiktok.com/setting?lang=es:0
[  441362ms] [WARNING] The resource https://lf16-tiktok-web.tiktokcdn-us.com/obj/tiktok-web-tx/tiktok/web/pns_fe_keyword_filtering_vmok/static/js/async/126.c9a90670.js was preloaded using link preload but not used within a few seconds from the window's load event. Please make sure it has an appropriate `as` value and it is preloaded intentionally. @ https://www.tiktok.com/setting?lang=es:0
[  441363ms] [WARNING] The resource https://lf16-tiktok-web.tiktokcdn-us.com/obj/tiktok-web-tx/tiktok/web/pns_fe_parental_control_vmok/static/js/async/lib-axios.56c5f961.js was preloaded using link preload but not used within a few seconds from the window's load event. Please make sure it has an appropriate `as` value and it is preloaded intentionally. @ https://www.tiktok.com/setting?lang=es:0
[  441363ms] [WARNING] The resource https://lf16-tiktok-web.tiktokcdn-us.com/obj/tiktok-web-tx/tiktok/web/pns_fe_keyword_filtering_vmok/static/js/async/606.7a63198e.js was preloaded using link preload but not used within a few seconds from the window's load event. Please make sure it has an appropriate `as` value and it is preloaded intentionally. @ https://www.tiktok.com/setting?lang=es:0
[  441363ms] [WARNING] The resource https://lf16-tiktok-web.tiktokcdn-us.com/obj/tiktok-web-tx/tiktok/web/pns_fe_keyword_filtering_vmok/static/css/async/__federation_expose_entry_react_bridge.569a7521.css was preloaded using link preload but not used within a few seconds from the window's load event. Please make sure it has an appropriate `as` value and it is preloaded intentionally. @ https://www.tiktok.com/setting?lang=es:0
[  441363ms] [WARNING] The resource https://lf16-tiktok-web.tiktokcdn-us.com/obj/tiktok-web-tx/tiktok/web/pns_fe_keyword_filtering_vmok/static/js/async/752.8dc09088.js was preloaded using link preload but not used within a few seconds from the window's load event. Please make sure it has an appropriate `as` value and it is preloaded intentionally. @ https://www.tiktok.com/setting?lang=es:0
[  441363ms] [WARNING] The resource https://lf16-tiktok-web.tiktokcdn-us.com/obj/tiktok-web-tx/tiktok/web/pns_fe_keyword_filtering_vmok/static/js/async/async-main.25610a11.js was preloaded using link preload but not used within a few seconds from the window's load event. Please make sure it has an appropriate `as` value and it is preloaded intentionally. @ https://www.tiktok.com/setting?lang=es:0
[  441363ms] [WARNING] The resource https://lf16-tiktok-web.tiktokcdn-us.com/obj/tiktok-web-tx/tiktok/web/pns_fe_keyword_filtering_vmok/static/js/async/lib-router.46d8bbc0.js was preloaded using link preload but not used within a few seconds from the window's load event. Please make sure it has an appropriate `as` value and it is preloaded intentionally. @ https://www.tiktok.com/setting?lang=es:0
[  441363ms] [WARNING] The resource https://lf16-tiktok-web.tiktokcdn-us.com/obj/tiktok-web-tx/tiktok/web/pns_fe_keyword_filtering_vmok/static/js/async/587.eafa5f92.js was preloaded using link preload but not used within a few seconds from the window's load event. Please make sure it has an appropriate `as` value and it is preloaded intentionally. @ https://www.tiktok.com/setting?lang=es:0
[  441363ms] [WARNING] The resource https://lf16-tiktok-web.tiktokcdn-us.com/obj/tiktok-web-tx/tiktok/web/pns_fe_keyword_filtering_vmok/static/js/async/593.f09ae1b5.js was preloaded using link preload but not used within a few seconds from the window's load event. Please make sure it has an appropriate `as` value and it is preloaded intentionally. @ https://www.tiktok.com/setting?lang=es:0
[  441363ms] [WARNING] The resource https://lf16-tiktok-web.tiktokcdn-us.com/obj/tiktok-web-tx/tiktok/web/pns_fe_parental_control_vmok/static/js/lib-polyfill.5e52839d.js was preloaded using link preload but not used within a few seconds from the window's load event. Please make sure it has an appropriate `as` value and it is preloaded intentionally. @ https://www.tiktok.com/setting?lang=es:0
[  441363ms] [WARNING] The resource https://lf16-tiktok-web.tiktokcdn-us.com/obj/tiktok-web-tx/tiktok/web/pns_fe_keyword_filtering_vmok/static/js/async/273.61871fe6.js was preloaded using link preload but not used within a few seconds from the window's load event. Please make sure it has an appropriate `as` value and it is preloaded intentionally. @ https://www.tiktok.com/setting?lang=es:0
[  441363ms] [WARNING] The resource https://lf16-tiktok-web.tiktokcdn-us.com/obj/tiktok-web-tx/tiktok/web/pns_fe_parental_control_vmok/static/js/async/9678.ae39123c.js was preloaded using link preload but not used within a few seconds from the window's load event. Please make sure it has an appropriate `as` value and it is preloaded intentionally. @ https://www.tiktok.com/setting?lang=es:0
[  441363ms] [WARNING] The resource https://lf16-tiktok-web.tiktokcdn-us.com/obj/tiktok-web-tx/tiktok/web/pns_fe_parental_control_vmok/static/js/async/__federation_expose_main.1a07efe8.js was preloaded using link preload but not used within a few seconds from the window's load event. Please make sure it has an appropriate `as` value and it is preloaded intentionally. @ https://www.tiktok.com/setting?lang=es:0
[  441363ms] [WARNING] The resource https://lf16-tiktok-web.tiktokcdn-us.com/obj/tiktok-web-tx/tiktok/web/pns_fe_keyword_filtering_vmok/static/js/async/__federation_expose_entry_react_bridge.247b132d.js was preloaded using link preload but not used within a few seconds from the window's load event. Please make sure it has an appropriate `as` value and it is preloaded intentionally. @ https://www.tiktok.com/setting?lang=es:0
[  441363ms] [WARNING] The resource https://lf16-tiktok-web.tiktokcdn-us.com/obj/tiktok-web-tx/tiktok/web/pns_fe_parental_control_vmok/static/js/async/lib-router.369091d5.js was preloaded using link preload but not used within a few seconds from the window's load event. Please make sure it has an appropriate `as` value and it is preloaded intentionally. @ https://www.tiktok.com/setting?lang=es:0
[  441363ms] [WARNING] The resource https://lf16-tiktok-web.tiktokcdn-us.com/obj/tiktok-web-tx/tiktok/web/pns_fe_keyword_filtering_vmok/static/js/async/argus-builder-strategy.a3264b45.js was preloaded using link preload but not used within a few seconds from the window's load event. Please make sure it has an appropriate `as` value and it is preloaded intentionally. @ https://www.tiktok.com/setting?lang=es:0
[  441363ms] [WARNING] The resource https://lf16-tiktok-web.tiktokcdn-us.com/obj/tiktok-web-tx/tiktok/web/pns_fe_keyword_filtering_vmok/static/js/async/lib-axios.8c284c11.js was preloaded using link preload but not used within a few seconds from the window's load event. Please make sure it has an appropriate `as` value and it is preloaded intentionally. @ https://www.tiktok.com/setting?lang=es:0
[  441363ms] [WARNING] The resource https://lf16-tiktok-web.tiktokcdn-us.com/obj/tiktok-web-tx/tiktok/web/pns_fe_keyword_filtering_vmok/static/js/lib-polyfill.2d9206bd.js was preloaded using link preload but not used within a few seconds from the window's load event. Please make sure it has an appropriate `as` value and it is preloaded intentionally. @ https://www.tiktok.com/setting?lang=es:0
[  441363ms] [WARNING] The resource https://lf16-tiktok-web.tiktokcdn-us.com/obj/tiktok-web-tx/tiktok/web/pns_fe_parental_control_vmok/static/css/async/3139.a5a9f032.css was preloaded using link preload but not used within a few seconds from the window's load event. Please make sure it has an appropriate `as` value and it is preloaded intentionally. @ https://www.tiktok.com/setting?lang=es:0
[  441363ms] [WARNING] The resource https://lf16-tiktok-web.tiktokcdn-us.com/obj/tiktok-web-tx/tiktok/web/pns_fe_parental_control_vmok/static/js/async/778.beddb8c0.js was preloaded using link preload but not used within a few seconds from the window's load event. Please make sure it has an appropriate `as` value and it is preloaded intentionally. @ https://www.tiktok.com/setting?lang=es:0
[  441363ms] [WARNING] The resource https://lf16-tiktok-web.tiktokcdn-us.com/obj/tiktok-web-tx/tiktok/web/pns_fe_parental_control_vmok/static/js/async/3139.dafaa0fc.js was preloaded using link preload but not used within a few seconds from the window's load event. Please make sure it has an appropriate `as` value and it is preloaded intentionally. @ https://www.tiktok.com/setting?lang=es:0
[  441364ms] [WARNING] The resource https://lf16-tiktok-web.tiktokcdn-us.com/obj/tiktok-web-tx/tiktok/web/pns_fe_keyword_filtering_vmok/static/css/async/126.f1acf961.css was preloaded using link preload but not used within a few seconds from the window's load event. Please make sure it has an appropriate `as` value and it is preloaded intentionally. @ https://www.tiktok.com/setting?lang=es:0
[  441364ms] [WARNING] The resource https://lf16-tiktok-web.tiktokcdn-us.com/obj/tiktok-web-tx/tiktok/web/pns_fe_parental_control_vmok/static/css/async/__federation_expose_main.abb44d39.css was preloaded using link preload but not used within a few seconds from the window's load event. Please make sure it has an appropriate `as` value and it is preloaded intentionally. @ https://www.tiktok.com/setting?lang=es:0
[  450910ms] [WARNING] The resource https://lf16-tiktok-web.tiktokcdn-us.com/obj/tiktok-web-tx/tiktok/web/pns_fe_keyword_filtering_vmok/static/js/async/126.c9a90670.js was preloaded using link preload but not used within a few seconds from the window's load event. Please make sure it has an appropriate `as` value and it is preloaded intentionally. @ https://www.tiktok.com/setting?lang=es:0
[  450911ms] [WARNING] The resource https://lf16-tiktok-web.tiktokcdn-us.com/obj/tiktok-web-tx/tiktok/web/pns_fe_parental_control_vmok/static/js/async/lib-axios.56c5f961.js was preloaded using link preload but not used within a few seconds from the window's load event. Please make sure it has an appropriate `as` value and it is preloaded intentionally. @ https://www.tiktok.com/setting?lang=es:0
[  450911ms] [WARNING] The resource https://lf16-tiktok-web.tiktokcdn-us.com/obj/tiktok-web-tx/tiktok/web/pns_fe_keyword_filtering_vmok/static/js/async/606.7a63198e.js was preloaded using link preload but not used within a few seconds from the window's load event. Please make sure it has an appropriate `as` value and it is preloaded intentionally. @ https://www.tiktok.com/setting?lang=es:0
[  450911ms] [WARNING] The resource https://lf16-tiktok-web.tiktokcdn-us.com/obj/tiktok-web-tx/tiktok/web/pns_fe_keyword_filtering_vmok/static/css/async/__federation_expose_entry_react_bridge.569a7521.css was preloaded using link preload but not used within a few seconds from the window's load event. Please make sure it has an appropriate `as` value and it is preloaded intentionally. @ https://www.tiktok.com/setting?lang=es:0
[  450911ms] [WARNING] The resource https://lf16-tiktok-web.tiktokcdn-us.com/obj/tiktok-web-tx/tiktok/web/pns_fe_keyword_filtering_vmok/static/js/async/752.8dc09088.js was preloaded using link preload but not used within a few seconds from the window's load event. Please make sure it has an appropriate `as` value and it is preloaded intentionally. @ https://www.tiktok.com/setting?lang=es:0
[  450911ms] [WARNING] The resource https://lf16-tiktok-web.tiktokcdn-us.com/obj/tiktok-web-tx/tiktok/web/pns_fe_keyword_filtering_vmok/static/js/async/async-main.25610a11.js was preloaded using link preload but not used within a few seconds from the window's load event. Please make sure it has an appropriate `as` value and it is preloaded intentionally. @ https://www.tiktok.com/setting?lang=es:0
[  450911ms] [WARNING] The resource https://lf16-tiktok-web.tiktokcdn-us.com/obj/tiktok-web-tx/tiktok/web/pns_fe_keyword_filtering_vmok/static/js/async/lib-router.46d8bbc0.js was preloaded using link preload but not used within a few seconds from the window's load event. Please make sure it has an appropriate `as` value and it is preloaded intentionally. @ https://www.tiktok.com/setting?lang=es:0
[  450911ms] [WARNING] The resource https://lf16-tiktok-web.tiktokcdn-us.com/obj/tiktok-web-tx/tiktok/web/pns_fe_keyword_filtering_vmok/static/js/async/587.eafa5f92.js was preloaded using link preload but not used within a few seconds from the window's load event. Please make sure it has an appropriate `as` value and it is preloaded intentionally. @ https://www.tiktok.com/setting?lang=es:0
[  450911ms] [WARNING] The resource https://lf16-tiktok-web.tiktokcdn-us.com/obj/tiktok-web-tx/tiktok/web/pns_fe_keyword_filtering_vmok/static/js/async/593.f09ae1b5.js was preloaded using link preload but not used within a few seconds from the window's load event. Please make sure it has an appropriate `as` value and it is preloaded intentionally. @ https://www.tiktok.com/setting?lang=es:0
[  450911ms] [WARNING] The resource https://lf16-tiktok-web.tiktokcdn-us.com/obj/tiktok-web-tx/tiktok/web/pns_fe_parental_control_vmok/static/js/lib-polyfill.5e52839d.js was preloaded using link preload but not used within a few seconds from the window's load event. Please make sure it has an appropriate `as` value and it is preloaded intentionally. @ https://www.tiktok.com/setting?lang=es:0
[  450911ms] [WARNING] The resource https://lf16-tiktok-web.tiktokcdn-us.com/obj/tiktok-web-tx/tiktok/web/pns_fe_keyword_filtering_vmok/static/js/async/273.61871fe6.js was preloaded using link preload but not used within a few seconds from the window's load event. Please make sure it has an appropriate `as` value and it is preloaded intentionally. @ https://www.tiktok.com/setting?lang=es:0
[  450911ms] [WARNING] The resource https://lf16-tiktok-web.tiktokcdn-us.com/obj/tiktok-web-tx/tiktok/web/pns_fe_parental_control_vmok/static/js/async/9678.ae39123c.js was preloaded using link preload but not used within a few seconds from the window's load event. Please make sure it has an appropriate `as` value and it is preloaded intentionally. @ https://www.tiktok.com/setting?lang=es:0
[  450911ms] [WARNING] The resource https://lf16-tiktok-web.tiktokcdn-us.com/obj/tiktok-web-tx/tiktok/web/pns_fe_parental_control_vmok/static/js/async/__federation_expose_main.1a07efe8.js was preloaded using link preload but not used within a few seconds from the window's load event. Please make sure it has an appropriate `as` value and it is preloaded intentionally. @ https://www.tiktok.com/setting?lang=es:0
[  450911ms] [WARNING] The resource https://lf16-tiktok-web.tiktokcdn-us.com/obj/tiktok-web-tx/tiktok/web/pns_fe_keyword_filtering_vmok/static/js/async/__federation_expose_entry_react_bridge.247b132d.js was preloaded using link preload but not used within a few seconds from the window's load event. Please make sure it has an appropriate `as` value and it is preloaded intentionally. @ https://www.tiktok.com/setting?lang=es:0
[  450911ms] [WARNING] The resource https://lf16-tiktok-web.tiktokcdn-us.com/obj/tiktok-web-tx/tiktok/web/pns_fe_parental_control_vmok/static/js/async/lib-router.369091d5.js was preloaded using link preload but not used within a few seconds from the window's load event. Please make sure it has an appropriate `as` value and it is preloaded intentionally. @ https://www.tiktok.com/setting?lang=es:0
[  450911ms] [WARNING] The resource https://lf16-tiktok-web.tiktokcdn-us.com/obj/tiktok-web-tx/tiktok/web/pns_fe_keyword_filtering_vmok/static/js/async/argus-builder-strategy.a3264b45.js was preloaded using link preload but not used within a few seconds from the window's load event. Please make sure it has an appropriate `as` value and it is preloaded intentionally. @ https://www.tiktok.com/setting?lang=es:0
[  450911ms] [WARNING] The resource https://lf16-tiktok-web.tiktokcdn-us.com/obj/tiktok-web-tx/tiktok/web/pns_fe_keyword_filtering_vmok/static/js/async/lib-axios.8c284c11.js was preloaded using link preload but not used within a few seconds from the window's load event. Please make sure it has an appropriate `as` value and it is preloaded intentionally. @ https://www.tiktok.com/setting?lang=es:0
[  450911ms] [WARNING] The resource https://lf16-tiktok-web.tiktokcdn-us.com/obj/tiktok-web-tx/tiktok/web/pns_fe_keyword_filtering_vmok/static/js/lib-polyfill.2d9206bd.js was preloaded using link preload but not used within a few seconds from the window's load event. Please make sure it has an appropriate `as` value and it is preloaded intentionally. @ https://www.tiktok.com/setting?lang=es:0
[  450911ms] [WARNING] The resource https://lf16-tiktok-web.tiktokcdn-us.com/obj/tiktok-web-tx/tiktok/web/pns_fe_parental_control_vmok/static/css/async/3139.a5a9f032.css was preloaded using link preload but not used within a few seconds from the window's load event. Please make sure it has an appropriate `as` value and it is preloaded intentionally. @ https://www.tiktok.com/setting?lang=es:0
[  450911ms] [WARNING] The resource https://lf16-tiktok-web.tiktokcdn-us.com/obj/tiktok-web-tx/tiktok/web/pns_fe_parental_control_vmok/static/js/async/778.beddb8c0.js was preloaded using link preload but not used within a few seconds from the window's load event. Please make sure it has an appropriate `as` value and it is preloaded intentionally. @ https://www.tiktok.com/setting?lang=es:0
[  450912ms] [WARNING] The resource https://lf16-tiktok-web.tiktokcdn-us.com/obj/tiktok-web-tx/tiktok/web/pns_fe_parental_control_vmok/static/js/async/3139.dafaa0fc.js was preloaded using link preload but not used within a few seconds from the window's load event. Please make sure it has an appropriate `as` value and it is preloaded intentionally. @ https://www.tiktok.com/setting?lang=es:0
[  450912ms] [WARNING] The resource https://lf16-tiktok-web.tiktokcdn-us.com/obj/tiktok-web-tx/tiktok/web/pns_fe_keyword_filtering_vmok/static/css/async/126.f1acf961.css was preloaded using link preload but not used within a few seconds from the window's load event. Please make sure it has an appropriate `as` value and it is preloaded intentionally. @ https://www.tiktok.com/setting?lang=es:0
[  450912ms] [WARNING] The resource https://lf16-tiktok-web.tiktokcdn-us.com/obj/tiktok-web-tx/tiktok/web/pns_fe_parental_control_vmok/static/css/async/__federation_expose_main.abb44d39.css was preloaded using link preload but not used within a few seconds from the window's load event. Please make sure it has an appropriate `as` value and it is preloaded intentionally. @ https://www.tiktok.com/setting?lang=es:0
[  461310ms] [WARNING] The resource https://lf16-tiktok-web.tiktokcdn-us.com/obj/tiktok-web-tx/tiktok/web/pns_fe_keyword_filtering_vmok/static/js/async/126.c9a90670.js was preloaded using link preload but not used within a few seconds from the window's load event. Please make sure it has an appropriate `as` value and it is preloaded intentionally. @ https://www.tiktok.com/setting?lang=es:0
[  461310ms] [WARNING] The resource https://lf16-tiktok-web.tiktokcdn-us.com/obj/tiktok-web-tx/tiktok/web/pns_fe_parental_control_vmok/static/js/async/lib-axios.56c5f961.js was preloaded using link preload but not used within a few seconds from the window's load event. Please make sure it has an appropriate `as` value and it is preloaded intentionally. @ https://www.tiktok.com/setting?lang=es:0
[  461310ms] [WARNING] The resource https://lf16-tiktok-web.tiktokcdn-us.com/obj/tiktok-web-tx/tiktok/web/pns_fe_keyword_filtering_vmok/static/js/async/606.7a63198e.js was preloaded using link preload but not used within a few seconds from the window's load event. Please make sure it has an appropriate `as` value and it is preloaded intentionally. @ https://www.tiktok.com/setting?lang=es:0
[  461310ms] [WARNING] The resource https://lf16-tiktok-web.tiktokcdn-us.com/obj/tiktok-web-tx/tiktok/web/pns_fe_keyword_filtering_vmok/static/css/async/__federation_expose_entry_react_bridge.569a7521.css was preloaded using link preload but not used within a few seconds from the window's load event. Please make sure it has an appropriate `as` value and it is preloaded intentionally. @ https://www.tiktok.com/setting?lang=es:0
[  461310ms] [WARNING] The resource https://lf16-tiktok-web.tiktokcdn-us.com/obj/tiktok-web-tx/tiktok/web/pns_fe_keyword_filtering_vmok/static/js/async/752.8dc09088.js was preloaded using link preload but not used within a few seconds from the window's load event. Please make sure it has an appropriate `as` value and it is preloaded intentionally. @ https://www.tiktok.com/setting?lang=es:0
[  461310ms] [WARNING] The resource https://lf16-tiktok-web.tiktokcdn-us.com/obj/tiktok-web-tx/tiktok/web/pns_fe_keyword_filtering_vmok/static/js/async/async-main.25610a11.js was preloaded using link preload but not used within a few seconds from the window's load event. Please make sure it has an appropriate `as` value and it is preloaded intentionally. @ https://www.tiktok.com/setting?lang=es:0
[  461310ms] [WARNING] The resource https://lf16-tiktok-web.tiktokcdn-us.com/obj/tiktok-web-tx/tiktok/web/pns_fe_keyword_filtering_vmok/static/js/async/lib-router.46d8bbc0.js was preloaded using link preload but not used within a few seconds from the window's load event. Please make sure it has an appropriate `as` value and it is preloaded intentionally. @ https://www.tiktok.com/setting?lang=es:0
[  461310ms] [WARNING] The resource https://lf16-tiktok-web.tiktokcdn-us.com/obj/tiktok-web-tx/tiktok/web/pns_fe_keyword_filtering_vmok/static/js/async/587.eafa5f92.js was preloaded using link preload but not used within a few seconds from the window's load event. Please make sure it has an appropriate `as` value and it is preloaded intentionally. @ https://www.tiktok.com/setting?lang=es:0
[  461310ms] [WARNING] The resource https://lf16-tiktok-web.tiktokcdn-us.com/obj/tiktok-web-tx/tiktok/web/pns_fe_keyword_filtering_vmok/static/js/async/593.f09ae1b5.js was preloaded using link preload but not used within a few seconds from the window's load event. Please make sure it has an appropriate `as` value and it is preloaded intentionally. @ https://www.tiktok.com/setting?lang=es:0
[  461310ms] [WARNING] The resource https://lf16-tiktok-web.tiktokcdn-us.com/obj/tiktok-web-tx/tiktok/web/pns_fe_parental_control_vmok/static/js/lib-polyfill.5e52839d.js was preloaded using link preload but not used within a few seconds from the window's load event. Please make sure it has an appropriate `as` value and it is preloaded intentionally. @ https://www.tiktok.com/setting?lang=es:0
[  461311ms] [WARNING] The resource https://lf16-tiktok-web.tiktokcdn-us.com/obj/tiktok-web-tx/tiktok/web/pns_fe_keyword_filtering_vmok/static/js/async/273.61871fe6.js was preloaded using link preload but not used within a few seconds from the window's load event. Please make sure it has an appropriate `as` value and it is preloaded intentionally. @ https://www.tiktok.com/setting?lang=es:0
[  461311ms] [WARNING] The resource https://lf16-tiktok-web.tiktokcdn-us.com/obj/tiktok-web-tx/tiktok/web/pns_fe_parental_control_vmok/static/js/async/9678.ae39123c.js was preloaded using link preload but not used within a few seconds from the window's load event. Please make sure it has an appropriate `as` value and it is preloaded intentionally. @ https://www.tiktok.com/setting?lang=es:0
[  461311ms] [WARNING] The resource https://lf16-tiktok-web.tiktokcdn-us.com/obj/tiktok-web-tx/tiktok/web/pns_fe_parental_control_vmok/static/js/async/__federation_expose_main.1a07efe8.js was preloaded using link preload but not used within a few seconds from the window's load event. Please make sure it has an appropriate `as` value and it is preloaded intentionally. @ https://www.tiktok.com/setting?lang=es:0
[  461311ms] [WARNING] The resource https://lf16-tiktok-web.tiktokcdn-us.com/obj/tiktok-web-tx/tiktok/web/pns_fe_keyword_filtering_vmok/static/js/async/__federation_expose_entry_react_bridge.247b132d.js was preloaded using link preload but not used within a few seconds from the window's load event. Please make sure it has an appropriate `as` value and it is preloaded intentionally. @ https://www.tiktok.com/setting?lang=es:0
[  461311ms] [WARNING] The resource https://lf16-tiktok-web.tiktokcdn-us.com/obj/tiktok-web-tx/tiktok/web/pns_fe_parental_control_vmok/static/js/async/lib-router.369091d5.js was preloaded using link preload but not used within a few seconds from the window's load event. Please make sure it has an appropriate `as` value and it is preloaded intentionally. @ https://www.tiktok.com/setting?lang=es:0
[  461311ms] [WARNING] The resource https://lf16-tiktok-web.tiktokcdn-us.com/obj/tiktok-web-tx/tiktok/web/pns_fe_keyword_filtering_vmok/static/js/async/argus-builder-strategy.a3264b45.js was preloaded using link preload but not used within a few seconds from the window's load event. Please make sure it has an appropriate `as` value and it is preloaded intentionally. @ https://www.tiktok.com/setting?lang=es:0
[  461311ms] [WARNING] The resource https://lf16-tiktok-web.tiktokcdn-us.com/obj/tiktok-web-tx/tiktok/web/pns_fe_keyword_filtering_vmok/static/js/async/lib-axios.8c284c11.js was preloaded using link preload but not used within a few seconds from the window's load event. Please make sure it has an appropriate `as` value and it is preloaded intentionally. @ https://www.tiktok.com/setting?lang=es:0
[  461311ms] [WARNING] The resource https://lf16-tiktok-web.tiktokcdn-us.com/obj/tiktok-web-tx/tiktok/web/pns_fe_keyword_filtering_vmok/static/js/lib-polyfill.2d9206bd.js was preloaded using link preload but not used within a few seconds from the window's load event. Please make sure it has an appropriate `as` value and it is preloaded intentionally. @ https://www.tiktok.com/setting?lang=es:0
[  461311ms] [WARNING] The resource https://lf16-tiktok-web.tiktokcdn-us.com/obj/tiktok-web-tx/tiktok/web/pns_fe_parental_control_vmok/static/css/async/3139.a5a9f032.css was preloaded using link preload but not used within a few seconds from the window's load event. Please make sure it has an appropriate `as` value and it is preloaded intentionally. @ https://www.tiktok.com/setting?lang=es:0
[  461311ms] [WARNING] The resource https://lf16-tiktok-web.tiktokcdn-us.com/obj/tiktok-web-tx/tiktok/web/pns_fe_parental_control_vmok/static/js/async/778.beddb8c0.js was preloaded using link preload but not used within a few seconds from the window's load event. Please make sure it has an appropriate `as` value and it is preloaded intentionally. @ https://www.tiktok.com/setting?lang=es:0
[  461311ms] [WARNING] The resource https://lf16-tiktok-web.tiktokcdn-us.com/obj/tiktok-web-tx/tiktok/web/pns_fe_parental_control_vmok/static/js/async/3139.dafaa0fc.js was preloaded using link preload but not used within a few seconds from the window's load event. Please make sure it has an appropriate `as` value and it is preloaded intentionally. @ https://www.tiktok.com/setting?lang=es:0
[  461311ms] [WARNING] The resource https://lf16-tiktok-web.tiktokcdn-us.com/obj/tiktok-web-tx/tiktok/web/pns_fe_keyword_filtering_vmok/static/css/async/126.f1acf961.css was preloaded using link preload but not used within a few seconds from the window's load event. Please make sure it has an appropriate `as` value and it is preloaded intentionally. @ https://www.tiktok.com/setting?lang=es:0
[  461311ms] [WARNING] The resource https://lf16-tiktok-web.tiktokcdn-us.com/obj/tiktok-web-tx/tiktok/web/pns_fe_parental_control_vmok/static/css/async/__federation_expose_main.abb44d39.css was preloaded using link preload but not used within a few seconds from the window's load event. Please make sure it has an appropriate `as` value and it is preloaded intentionally. @ https://www.tiktok.com/setting?lang=es:0
[  472741ms] [WARNING] The resource https://lf16-tiktok-web.tiktokcdn-us.com/obj/tiktok-web-tx/tiktok/web/pns_fe_keyword_filtering_vmok/static/js/async/126.c9a90670.js was preloaded using link preload but not used within a few seconds from the window's load event. Please make sure it has an appropriate `as` value and it is preloaded intentionally. @ https://www.tiktok.com/setting?lang=es:0
[  472741ms] [WARNING] The resource https://lf16-tiktok-web.tiktokcdn-us.com/obj/tiktok-web-tx/tiktok/web/pns_fe_parental_control_vmok/static/js/async/lib-axios.56c5f961.js was preloaded using link preload but not used within a few seconds from the window's load event. Please make sure it has an appropriate `as` value and it is preloaded intentionally. @ https://www.tiktok.com/setting?lang=es:0
[  472741ms] [WARNING] The resource https://lf16-tiktok-web.tiktokcdn-us.com/obj/tiktok-web-tx/tiktok/web/pns_fe_keyword_filtering_vmok/static/js/async/606.7a63198e.js was preloaded using link preload but not used within a few seconds from the window's load event. Please make sure it has an appropriate `as` value and it is preloaded intentionally. @ https://www.tiktok.com/setting?lang=es:0
[  472741ms] [WARNING] The resource https://lf16-tiktok-web.tiktokcdn-us.com/obj/tiktok-web-tx/tiktok/web/pns_fe_keyword_filtering_vmok/static/css/async/__federation_expose_entry_react_bridge.569a7521.css was preloaded using link preload but not used within a few seconds from the window's load event. Please make sure it has an appropriate `as` value and it is preloaded intentionally. @ https://www.tiktok.com/setting?lang=es:0
[  472742ms] [WARNING] The resource https://lf16-tiktok-web.tiktokcdn-us.com/obj/tiktok-web-tx/tiktok/web/pns_fe_keyword_filtering_vmok/static/js/async/752.8dc09088.js was preloaded using link preload but not used within a few seconds from the window's load event. Please make sure it has an appropriate `as` value and it is preloaded intentionally. @ https://www.tiktok.com/setting?lang=es:0
[  472742ms] [WARNING] The resource https://lf16-tiktok-web.tiktokcdn-us.com/obj/tiktok-web-tx/tiktok/web/pns_fe_keyword_filtering_vmok/static/js/async/async-main.25610a11.js was preloaded using link preload but not used within a few seconds from the window's load event. Please make sure it has an appropriate `as` value and it is preloaded intentionally. @ https://www.tiktok.com/setting?lang=es:0
[  472742ms] [WARNING] The resource https://lf16-tiktok-web.tiktokcdn-us.com/obj/tiktok-web-tx/tiktok/web/pns_fe_keyword_filtering_vmok/static/js/async/lib-router.46d8bbc0.js was preloaded using link preload but not used within a few seconds from the window's load event. Please make sure it has an appropriate `as` value and it is preloaded intentionally. @ https://www.tiktok.com/setting?lang=es:0
[  472742ms] [WARNING] The resource https://lf16-tiktok-web.tiktokcdn-us.com/obj/tiktok-web-tx/tiktok/web/pns_fe_keyword_filtering_vmok/static/js/async/587.eafa5f92.js was preloaded using link preload but not used within a few seconds from the window's load event. Please make sure it has an appropriate `as` value and it is preloaded intentionally. @ https://www.tiktok.com/setting?lang=es:0
[  472742ms] [WARNING] The resource https://lf16-tiktok-web.tiktokcdn-us.com/obj/tiktok-web-tx/tiktok/web/pns_fe_keyword_filtering_vmok/static/js/async/593.f09ae1b5.js was preloaded using link preload but not used within a few seconds from the window's load event. Please make sure it has an appropriate `as` value and it is preloaded intentionally. @ https://www.tiktok.com/setting?lang=es:0
[  472742ms] [WARNING] The resource https://lf16-tiktok-web.tiktokcdn-us.com/obj/tiktok-web-tx/tiktok/web/pns_fe_parental_control_vmok/static/js/lib-polyfill.5e52839d.js was preloaded using link preload but not used within a few seconds from the window's load event. Please make sure it has an appropriate `as` value and it is preloaded intentionally. @ https://www.tiktok.com/setting?lang=es:0
[  472742ms] [WARNING] The resource https://lf16-tiktok-web.tiktokcdn-us.com/obj/tiktok-web-tx/tiktok/web/pns_fe_keyword_filtering_vmok/static/js/async/273.61871fe6.js was preloaded using link preload but not used within a few seconds from the window's load event. Please make sure it has an appropriate `as` value and it is preloaded intentionally. @ https://www.tiktok.com/setting?lang=es:0
[  472742ms] [WARNING] The resource https://lf16-tiktok-web.tiktokcdn-us.com/obj/tiktok-web-tx/tiktok/web/pns_fe_parental_control_vmok/static/js/async/9678.ae39123c.js was preloaded using link preload but not used within a few seconds from the window's load event. Please make sure it has an appropriate `as` value and it is preloaded intentionally. @ https://www.tiktok.com/setting?lang=es:0
[  472742ms] [WARNING] The resource https://lf16-tiktok-web.tiktokcdn-us.com/obj/tiktok-web-tx/tiktok/web/pns_fe_parental_control_vmok/static/js/async/__federation_expose_main.1a07efe8.js was preloaded using link preload but not used within a few seconds from the window's load event. Please make sure it has an appropriate `as` value and it is preloaded intentionally. @ https://www.tiktok.com/setting?lang=es:0
[  472742ms] [WARNING] The resource https://lf16-tiktok-web.tiktokcdn-us.com/obj/tiktok-web-tx/tiktok/web/pns_fe_keyword_filtering_vmok/static/js/async/__federation_expose_entry_react_bridge.247b132d.js was preloaded using link preload but not used within a few seconds from the window's load event. Please make sure it has an appropriate `as` value and it is preloaded intentionally. @ https://www.tiktok.com/setting?lang=es:0
[  472742ms] [WARNING] The resource https://lf16-tiktok-web.tiktokcdn-us.com/obj/tiktok-web-tx/tiktok/web/pns_fe_parental_control_vmok/static/js/async/lib-router.369091d5.js was preloaded using link preload but not used within a few seconds from the window's load event. Please make sure it has an appropriate `as` value and it is preloaded intentionally. @ https://www.tiktok.com/setting?lang=es:0
[  472742ms] [WARNING] The resource https://lf16-tiktok-web.tiktokcdn-us.com/obj/tiktok-web-tx/tiktok/web/pns_fe_keyword_filtering_vmok/static/js/async/argus-builder-strategy.a3264b45.js was preloaded using link preload but not used within a few seconds from the window's load event. Please make sure it has an appropriate `as` value and it is preloaded intentionally. @ https://www.tiktok.com/setting?lang=es:0
[  472742ms] [WARNING] The resource https://lf16-tiktok-web.tiktokcdn-us.com/obj/tiktok-web-tx/tiktok/web/pns_fe_keyword_filtering_vmok/static/js/async/lib-axios.8c284c11.js was preloaded using link preload but not used within a few seconds from the window's load event. Please make sure it has an appropriate `as` value and it is preloaded intentionally. @ https://www.tiktok.com/setting?lang=es:0
[  472742ms] [WARNING] The resource https://lf16-tiktok-web.tiktokcdn-us.com/obj/tiktok-web-tx/tiktok/web/pns_fe_keyword_filtering_vmok/static/js/lib-polyfill.2d9206bd.js was preloaded using link preload but not used within a few seconds from the window's load event. Please make sure it has an appropriate `as` value and it is preloaded intentionally. @ https://www.tiktok.com/setting?lang=es:0
[  472742ms] [WARNING] The resource https://lf16-tiktok-web.tiktokcdn-us.com/obj/tiktok-web-tx/tiktok/web/pns_fe_parental_control_vmok/static/css/async/3139.a5a9f032.css was preloaded using link preload but not used within a few seconds from the window's load event. Please make sure it has an appropriate `as` value and it is preloaded intentionally. @ https://www.tiktok.com/setting?lang=es:0
[  472742ms] [WARNING] The resource https://lf16-tiktok-web.tiktokcdn-us.com/obj/tiktok-web-tx/tiktok/web/pns_fe_parental_control_vmok/static/js/async/778.beddb8c0.js was preloaded using link preload but not used within a few seconds from the window's load event. Please make sure it has an appropriate `as` value and it is preloaded intentionally. @ https://www.tiktok.com/setting?lang=es:0
[  472742ms] [WARNING] The resource https://lf16-tiktok-web.tiktokcdn-us.com/obj/tiktok-web-tx/tiktok/web/pns_fe_parental_control_vmok/static/js/async/3139.dafaa0fc.js was preloaded using link preload but not used within a few seconds from the window's load event. Please make sure it has an appropriate `as` value and it is preloaded intentionally. @ https://www.tiktok.com/setting?lang=es:0
[  472742ms] [WARNING] The resource https://lf16-tiktok-web.tiktokcdn-us.com/obj/tiktok-web-tx/tiktok/web/pns_fe_keyword_filtering_vmok/static/css/async/126.f1acf961.css was preloaded using link preload but not used within a few seconds from the window's load event. Please make sure it has an appropriate `as` value and it is preloaded intentionally. @ https://www.tiktok.com/setting?lang=es:0
[  472742ms] [WARNING] The resource https://lf16-tiktok-web.tiktokcdn-us.com/obj/tiktok-web-tx/tiktok/web/pns_fe_parental_control_vmok/static/css/async/__federation_expose_main.abb44d39.css was preloaded using link preload but not used within a few seconds from the window's load event. Please make sure it has an appropriate `as` value and it is preloaded intentionally. @ https://www.tiktok.com/setting?lang=es:0
[  482853ms] [WARNING] The resource https://lf16-tiktok-web.tiktokcdn-us.com/obj/tiktok-web-tx/tiktok/web/pns_fe_keyword_filtering_vmok/static/js/async/126.c9a90670.js was preloaded using link preload but not used within a few seconds from the window's load event. Please make sure it has an appropriate `as` value and it is preloaded intentionally. @ https://www.tiktok.com/setting?lang=es:0
[  482853ms] [WARNING] The resource https://lf16-tiktok-web.tiktokcdn-us.com/obj/tiktok-web-tx/tiktok/web/pns_fe_parental_control_vmok/static/js/async/lib-axios.56c5f961.js was preloaded using link preload but not used within a few seconds from the window's load event. Please make sure it has an appropriate `as` value and it is preloaded intentionally. @ https://www.tiktok.com/setting?lang=es:0
[  482853ms] [WARNING] The resource https://lf16-tiktok-web.tiktokcdn-us.com/obj/tiktok-web-tx/tiktok/web/pns_fe_keyword_filtering_vmok/static/js/async/606.7a63198e.js was preloaded using link preload but not used within a few seconds from the window's load event. Please make sure it has an appropriate `as` value and it is preloaded intentionally. @ https://www.tiktok.com/setting?lang=es:0
[  482853ms] [WARNING] The resource https://lf16-tiktok-web.tiktokcdn-us.com/obj/tiktok-web-tx/tiktok/web/pns_fe_keyword_filtering_vmok/static/css/async/__federation_expose_entry_react_bridge.569a7521.css was preloaded using link preload but not used within a few seconds from the window's load event. Please make sure it has an appropriate `as` value and it is preloaded intentionally. @ https://www.tiktok.com/setting?lang=es:0
[  482853ms] [WARNING] The resource https://lf16-tiktok-web.tiktokcdn-us.com/obj/tiktok-web-tx/tiktok/web/pns_fe_keyword_filtering_vmok/static/js/async/752.8dc09088.js was preloaded using link preload but not used within a few seconds from the window's load event. Please make sure it has an appropriate `as` value and it is preloaded intentionally. @ https://www.tiktok.com/setting?lang=es:0
[  482853ms] [WARNING] The resource https://lf16-tiktok-web.tiktokcdn-us.com/obj/tiktok-web-tx/tiktok/web/pns_fe_keyword_filtering_vmok/static/js/async/async-main.25610a11.js was preloaded using link preload but not used within a few seconds from the window's load event. Please make sure it has an appropriate `as` value and it is preloaded intentionally. @ https://www.tiktok.com/setting?lang=es:0
[  482853ms] [WARNING] The resource https://lf16-tiktok-web.tiktokcdn-us.com/obj/tiktok-web-tx/tiktok/web/pns_fe_keyword_filtering_vmok/static/js/async/lib-router.46d8bbc0.js was preloaded using link preload but not used within a few seconds from the window's load event. Please make sure it has an appropriate `as` value and it is preloaded intentionally. @ https://www.tiktok.com/setting?lang=es:0
[  482853ms] [WARNING] The resource https://lf16-tiktok-web.tiktokcdn-us.com/obj/tiktok-web-tx/tiktok/web/pns_fe_keyword_filtering_vmok/static/js/async/587.eafa5f92.js was preloaded using link preload but not used within a few seconds from the window's load event. Please make sure it has an appropriate `as` value and it is preloaded intentionally. @ https://www.tiktok.com/setting?lang=es:0
[  482853ms] [WARNING] The resource https://lf16-tiktok-web.tiktokcdn-us.com/obj/tiktok-web-tx/tiktok/web/pns_fe_keyword_filtering_vmok/static/js/async/593.f09ae1b5.js was preloaded using link preload but not used within a few seconds from the window's load event. Please make sure it has an appropriate `as` value and it is preloaded intentionally. @ https://www.tiktok.com/setting?lang=es:0
[  482853ms] [WARNING] The resource https://lf16-tiktok-web.tiktokcdn-us.com/obj/tiktok-web-tx/tiktok/web/pns_fe_parental_control_vmok/static/js/lib-polyfill.5e52839d.js was preloaded using link preload but not used within a few seconds from the window's load event. Please make sure it has an appropriate `as` value and it is preloaded intentionally. @ https://www.tiktok.com/setting?lang=es:0
[  482853ms] [WARNING] The resource https://lf16-tiktok-web.tiktokcdn-us.com/obj/tiktok-web-tx/tiktok/web/pns_fe_keyword_filtering_vmok/static/js/async/273.61871fe6.js was preloaded using link preload but not used within a few seconds from the window's load event. Please make sure it has an appropriate `as` value and it is preloaded intentionally. @ https://www.tiktok.com/setting?lang=es:0
[  482853ms] [WARNING] The resource https://lf16-tiktok-web.tiktokcdn-us.com/obj/tiktok-web-tx/tiktok/web/pns_fe_parental_control_vmok/static/js/async/9678.ae39123c.js was preloaded using link preload but not used within a few seconds from the window's load event. Please make sure it has an appropriate `as` value and it is preloaded intentionally. @ https://www.tiktok.com/setting?lang=es:0
[  482853ms] [WARNING] The resource https://lf16-tiktok-web.tiktokcdn-us.com/obj/tiktok-web-tx/tiktok/web/pns_fe_parental_control_vmok/static/js/async/__federation_expose_main.1a07efe8.js was preloaded using link preload but not used within a few seconds from the window's load event. Please make sure it has an appropriate `as` value and it is preloaded intentionally. @ https://www.tiktok.com/setting?lang=es:0
[  482853ms] [WARNING] The resource https://lf16-tiktok-web.tiktokcdn-us.com/obj/tiktok-web-tx/tiktok/web/pns_fe_keyword_filtering_vmok/static/js/async/__federation_expose_entry_react_bridge.247b132d.js was preloaded using link preload but not used within a few seconds from the window's load event. Please make sure it has an appropriate `as` value and it is preloaded intentionally. @ https://www.tiktok.com/setting?lang=es:0
[  482853ms] [WARNING] The resource https://lf16-tiktok-web.tiktokcdn-us.com/obj/tiktok-web-tx/tiktok/web/pns_fe_parental_control_vmok/static/js/async/lib-router.369091d5.js was preloaded using link preload but not used within a few seconds from the window's load event. Please make sure it has an appropriate `as` value and it is preloaded intentionally. @ https://www.tiktok.com/setting?lang=es:0
[  482854ms] [WARNING] The resource https://lf16-tiktok-web.tiktokcdn-us.com/obj/tiktok-web-tx/tiktok/web/pns_fe_keyword_filtering_vmok/static/js/async/argus-builder-strategy.a3264b45.js was preloaded using link preload but not used within a few seconds from the window's load event. Please make sure it has an appropriate `as` value and it is preloaded intentionally. @ https://www.tiktok.com/setting?lang=es:0
[  482854ms] [WARNING] The resource https://lf16-tiktok-web.tiktokcdn-us.com/obj/tiktok-web-tx/tiktok/web/pns_fe_keyword_filtering_vmok/static/js/async/lib-axios.8c284c11.js was preloaded using link preload but not used within a few seconds from the window's load event. Please make sure it has an appropriate `as` value and it is preloaded intentionally. @ https://www.tiktok.com/setting?lang=es:0
[  482854ms] [WARNING] The resource https://lf16-tiktok-web.tiktokcdn-us.com/obj/tiktok-web-tx/tiktok/web/pns_fe_keyword_filtering_vmok/static/js/lib-polyfill.2d9206bd.js was preloaded using link preload but not used within a few seconds from the window's load event. Please make sure it has an appropriate `as` value and it is preloaded intentionally. @ https://www.tiktok.com/setting?lang=es:0
[  482854ms] [WARNING] The resource https://lf16-tiktok-web.tiktokcdn-us.com/obj/tiktok-web-tx/tiktok/web/pns_fe_parental_control_vmok/static/css/async/3139.a5a9f032.css was preloaded using link preload but not used within a few seconds from the window's load event. Please make sure it has an appropriate `as` value and it is preloaded intentionally. @ https://www.tiktok.com/setting?lang=es:0
[  482854ms] [WARNING] The resource https://lf16-tiktok-web.tiktokcdn-us.com/obj/tiktok-web-tx/tiktok/web/pns_fe_parental_control_vmok/static/js/async/778.beddb8c0.js was preloaded using link preload but not used within a few seconds from the window's load event. Please make sure it has an appropriate `as` value and it is preloaded intentionally. @ https://www.tiktok.com/setting?lang=es:0
[  482854ms] [WARNING] The resource https://lf16-tiktok-web.tiktokcdn-us.com/obj/tiktok-web-tx/tiktok/web/pns_fe_parental_control_vmok/static/js/async/3139.dafaa0fc.js was preloaded using link preload but not used within a few seconds from the window's load event. Please make sure it has an appropriate `as` value and it is preloaded intentionally. @ https://www.tiktok.com/setting?lang=es:0
[  482854ms] [WARNING] The resource https://lf16-tiktok-web.tiktokcdn-us.com/obj/tiktok-web-tx/tiktok/web/pns_fe_keyword_filtering_vmok/static/css/async/126.f1acf961.css was preloaded using link preload but not used within a few seconds from the window's load event. Please make sure it has an appropriate `as` value and it is preloaded intentionally. @ https://www.tiktok.com/setting?lang=es:0
[  482854ms] [WARNING] The resource https://lf16-tiktok-web.tiktokcdn-us.com/obj/tiktok-web-tx/tiktok/web/pns_fe_parental_control_vmok/static/css/async/__federation_expose_main.abb44d39.css was preloaded using link preload but not used within a few seconds from the window's load event. Please make sure it has an appropriate `as` value and it is preloaded intentionally. @ https://www.tiktok.com/setting?lang=es:0
[  492426ms] [WARNING] The resource https://lf16-tiktok-web.tiktokcdn-us.com/obj/tiktok-web-tx/tiktok/web/pns_fe_keyword_filtering_vmok/static/js/async/126.c9a90670.js was preloaded using link preload but not used within a few seconds from the window's load event. Please make sure it has an appropriate `as` value and it is preloaded intentionally. @ https://www.tiktok.com/setting?lang=es:0
[  492427ms] [WARNING] The resource https://lf16-tiktok-web.tiktokcdn-us.com/obj/tiktok-web-tx/tiktok/web/pns_fe_parental_control_vmok/static/js/async/lib-axios.56c5f961.js was preloaded using link preload but not used within a few seconds from the window's load event. Please make sure it has an appropriate `as` value and it is preloaded intentionally. @ https://www.tiktok.com/setting?lang=es:0
[  492427ms] [WARNING] The resource https://lf16-tiktok-web.tiktokcdn-us.com/obj/tiktok-web-tx/tiktok/web/pns_fe_keyword_filtering_vmok/static/js/async/606.7a63198e.js was preloaded using link preload but not used within a few seconds from the window's load event. Please make sure it has an appropriate `as` value and it is preloaded intentionally. @ https://www.tiktok.com/setting?lang=es:0
[  492427ms] [WARNING] The resource https://lf16-tiktok-web.tiktokcdn-us.com/obj/tiktok-web-tx/tiktok/web/pns_fe_keyword_filtering_vmok/static/css/async/__federation_expose_entry_react_bridge.569a7521.css was preloaded using link preload but not used within a few seconds from the window's load event. Please make sure it has an appropriate `as` value and it is preloaded intentionally. @ https://www.tiktok.com/setting?lang=es:0
[  492427ms] [WARNING] The resource https://lf16-tiktok-web.tiktokcdn-us.com/obj/tiktok-web-tx/tiktok/web/pns_fe_keyword_filtering_vmok/static/js/async/752.8dc09088.js was preloaded using link preload but not used within a few seconds from the window's load event. Please make sure it has an appropriate `as` value and it is preloaded intentionally. @ https://www.tiktok.com/setting?lang=es:0
[  492427ms] [WARNING] The resource https://lf16-tiktok-web.tiktokcdn-us.com/obj/tiktok-web-tx/tiktok/web/pns_fe_keyword_filtering_vmok/static/js/async/async-main.25610a11.js was preloaded using link preload but not used within a few seconds from the window's load event. Please make sure it has an appropriate `as` value and it is preloaded intentionally. @ https://www.tiktok.com/setting?lang=es:0
[  492427ms] [WARNING] The resource https://lf16-tiktok-web.tiktokcdn-us.com/obj/tiktok-web-tx/tiktok/web/pns_fe_keyword_filtering_vmok/static/js/async/lib-router.46d8bbc0.js was preloaded using link preload but not used within a few seconds from the window's load event. Please make sure it has an appropriate `as` value and it is preloaded intentionally. @ https://www.tiktok.com/setting?lang=es:0
[  492427ms] [WARNING] The resource https://lf16-tiktok-web.tiktokcdn-us.com/obj/tiktok-web-tx/tiktok/web/pns_fe_keyword_filtering_vmok/static/js/async/587.eafa5f92.js was preloaded using link preload but not used within a few seconds from the window's load event. Please make sure it has an appropriate `as` value and it is preloaded intentionally. @ https://www.tiktok.com/setting?lang=es:0
[  492427ms] [WARNING] The resource https://lf16-tiktok-web.tiktokcdn-us.com/obj/tiktok-web-tx/tiktok/web/pns_fe_keyword_filtering_vmok/static/js/async/593.f09ae1b5.js was preloaded using link preload but not used within a few seconds from the window's load event. Please make sure it has an appropriate `as` value and it is preloaded intentionally. @ https://www.tiktok.com/setting?lang=es:0
[  492427ms] [WARNING] The resource https://lf16-tiktok-web.tiktokcdn-us.com/obj/tiktok-web-tx/tiktok/web/pns_fe_parental_control_vmok/static/js/lib-polyfill.5e52839d.js was preloaded using link preload but not used within a few seconds from the window's load event. Please make sure it has an appropriate `as` value and it is preloaded intentionally. @ https://www.tiktok.com/setting?lang=es:0
[  492427ms] [WARNING] The resource https://lf16-tiktok-web.tiktokcdn-us.com/obj/tiktok-web-tx/tiktok/web/pns_fe_keyword_filtering_vmok/static/js/async/273.61871fe6.js was preloaded using link preload but not used within a few seconds from the window's load event. Please make sure it has an appropriate `as` value and it is preloaded intentionally. @ https://www.tiktok.com/setting?lang=es:0
[  492427ms] [WARNING] The resource https://lf16-tiktok-web.tiktokcdn-us.com/obj/tiktok-web-tx/tiktok/web/pns_fe_parental_control_vmok/static/js/async/9678.ae39123c.js was preloaded using link preload but not used within a few seconds from the window's load event. Please make sure it has an appropriate `as` value and it is preloaded intentionally. @ https://www.tiktok.com/setting?lang=es:0
[  492427ms] [WARNING] The resource https://lf16-tiktok-web.tiktokcdn-us.com/obj/tiktok-web-tx/tiktok/web/pns_fe_parental_control_vmok/static/js/async/__federation_expose_main.1a07efe8.js was preloaded using link preload but not used within a few seconds from the window's load event. Please make sure it has an appropriate `as` value and it is preloaded intentionally. @ https://www.tiktok.com/setting?lang=es:0
[  492427ms] [WARNING] The resource https://lf16-tiktok-web.tiktokcdn-us.com/obj/tiktok-web-tx/tiktok/web/pns_fe_keyword_filtering_vmok/static/js/async/__federation_expose_entry_react_bridge.247b132d.js was preloaded using link preload but not used within a few seconds from the window's load event. Please make sure it has an appropriate `as` value and it is preloaded intentionally. @ https://www.tiktok.com/setting?lang=es:0
[  492427ms] [WARNING] The resource https://lf16-tiktok-web.tiktokcdn-us.com/obj/tiktok-web-tx/tiktok/web/pns_fe_parental_control_vmok/static/js/async/lib-router.369091d5.js was preloaded using link preload but not used within a few seconds from the window's load event. Please make sure it has an appropriate `as` value and it is preloaded intentionally. @ https://www.tiktok.com/setting?lang=es:0
[  492427ms] [WARNING] The resource https://lf16-tiktok-web.tiktokcdn-us.com/obj/tiktok-web-tx/tiktok/web/pns_fe_keyword_filtering_vmok/static/js/async/argus-builder-strategy.a3264b45.js was preloaded using link preload but not used within a few seconds from the window's load event. Please make sure it has an appropriate `as` value and it is preloaded intentionally. @ https://www.tiktok.com/setting?lang=es:0
[  492427ms] [WARNING] The resource https://lf16-tiktok-web.tiktokcdn-us.com/obj/tiktok-web-tx/tiktok/web/pns_fe_keyword_filtering_vmok/static/js/async/lib-axios.8c284c11.js was preloaded using link preload but not used within a few seconds from the window's load event. Please make sure it has an appropriate `as` value and it is preloaded intentionally. @ https://www.tiktok.com/setting?lang=es:0
[  492428ms] [WARNING] The resource https://lf16-tiktok-web.tiktokcdn-us.com/obj/tiktok-web-tx/tiktok/web/pns_fe_keyword_filtering_vmok/static/js/lib-polyfill.2d9206bd.js was preloaded using link preload but not used within a few seconds from the window's load event. Please make sure it has an appropriate `as` value and it is preloaded intentionally. @ https://www.tiktok.com/setting?lang=es:0
[  492428ms] [WARNING] The resource https://lf16-tiktok-web.tiktokcdn-us.com/obj/tiktok-web-tx/tiktok/web/pns_fe_parental_control_vmok/static/css/async/3139.a5a9f032.css was preloaded using link preload but not used within a few seconds from the window's load event. Please make sure it has an appropriate `as` value and it is preloaded intentionally. @ https://www.tiktok.com/setting?lang=es:0
[  492428ms] [WARNING] The resource https://lf16-tiktok-web.tiktokcdn-us.com/obj/tiktok-web-tx/tiktok/web/pns_fe_parental_control_vmok/static/js/async/778.beddb8c0.js was preloaded using link preload but not used within a few seconds from the window's load event. Please make sure it has an appropriate `as` value and it is preloaded intentionally. @ https://www.tiktok.com/setting?lang=es:0
[  492428ms] [WARNING] The resource https://lf16-tiktok-web.tiktokcdn-us.com/obj/tiktok-web-tx/tiktok/web/pns_fe_parental_control_vmok/static/js/async/3139.dafaa0fc.js was preloaded using link preload but not used within a few seconds from the window's load event. Please make sure it has an appropriate `as` value and it is preloaded intentionally. @ https://www.tiktok.com/setting?lang=es:0
[  492428ms] [WARNING] The resource https://lf16-tiktok-web.tiktokcdn-us.com/obj/tiktok-web-tx/tiktok/web/pns_fe_keyword_filtering_vmok/static/css/async/126.f1acf961.css was preloaded using link preload but not used within a few seconds from the window's load event. Please make sure it has an appropriate `as` value and it is preloaded intentionally. @ https://www.tiktok.com/setting?lang=es:0
[  492428ms] [WARNING] The resource https://lf16-tiktok-web.tiktokcdn-us.com/obj/tiktok-web-tx/tiktok/web/pns_fe_parental_control_vmok/static/css/async/__federation_expose_main.abb44d39.css was preloaded using link preload but not used within a few seconds from the window's load event. Please make sure it has an appropriate `as` value and it is preloaded intentionally. @ https://www.tiktok.com/setting?lang=es:0
[  502776ms] [WARNING] The resource https://lf16-tiktok-web.tiktokcdn-us.com/obj/tiktok-web-tx/tiktok/web/pns_fe_keyword_filtering_vmok/static/js/async/126.c9a90670.js was preloaded using link preload but not used within a few seconds from the window's load event. Please make sure it has an appropriate `as` value and it is preloaded intentionally. @ https://www.tiktok.com/setting?lang=es:0
[  502777ms] [WARNING] The resource https://lf16-tiktok-web.tiktokcdn-us.com/obj/tiktok-web-tx/tiktok/web/pns_fe_parental_control_vmok/static/js/async/lib-axios.56c5f961.js was preloaded using link preload but not used within a few seconds from the window's load event. Please make sure it has an appropriate `as` value and it is preloaded intentionally. @ https://www.tiktok.com/setting?lang=es:0
[  502777ms] [WARNING] The resource https://lf16-tiktok-web.tiktokcdn-us.com/obj/tiktok-web-tx/tiktok/web/pns_fe_keyword_filtering_vmok/static/js/async/606.7a63198e.js was preloaded using link preload but not used within a few seconds from the window's load event. Please make sure it has an appropriate `as` value and it is preloaded intentionally. @ https://www.tiktok.com/setting?lang=es:0
[  502777ms] [WARNING] The resource https://lf16-tiktok-web.tiktokcdn-us.com/obj/tiktok-web-tx/tiktok/web/pns_fe_keyword_filtering_vmok/static/css/async/__federation_expose_entry_react_bridge.569a7521.css was preloaded using link preload but not used within a few seconds from the window's load event. Please make sure it has an appropriate `as` value and it is preloaded intentionally. @ https://www.tiktok.com/setting?lang=es:0
[  502777ms] [WARNING] The resource https://lf16-tiktok-web.tiktokcdn-us.com/obj/tiktok-web-tx/tiktok/web/pns_fe_keyword_filtering_vmok/static/js/async/752.8dc09088.js was preloaded using link preload but not used within a few seconds from the window's load event. Please make sure it has an appropriate `as` value and it is preloaded intentionally. @ https://www.tiktok.com/setting?lang=es:0
[  502777ms] [WARNING] The resource https://lf16-tiktok-web.tiktokcdn-us.com/obj/tiktok-web-tx/tiktok/web/pns_fe_keyword_filtering_vmok/static/js/async/async-main.25610a11.js was preloaded using link preload but not used within a few seconds from the window's load event. Please make sure it has an appropriate `as` value and it is preloaded intentionally. @ https://www.tiktok.com/setting?lang=es:0
[  502777ms] [WARNING] The resource https://lf16-tiktok-web.tiktokcdn-us.com/obj/tiktok-web-tx/tiktok/web/pns_fe_keyword_filtering_vmok/static/js/async/lib-router.46d8bbc0.js was preloaded using link preload but not used within a few seconds from the window's load event. Please make sure it has an appropriate `as` value and it is preloaded intentionally. @ https://www.tiktok.com/setting?lang=es:0
[  502777ms] [WARNING] The resource https://lf16-tiktok-web.tiktokcdn-us.com/obj/tiktok-web-tx/tiktok/web/pns_fe_keyword_filtering_vmok/static/js/async/587.eafa5f92.js was preloaded using link preload but not used within a few seconds from the window's load event. Please make sure it has an appropriate `as` value and it is preloaded intentionally. @ https://www.tiktok.com/setting?lang=es:0
[  502777ms] [WARNING] The resource https://lf16-tiktok-web.tiktokcdn-us.com/obj/tiktok-web-tx/tiktok/web/pns_fe_keyword_filtering_vmok/static/js/async/593.f09ae1b5.js was preloaded using link preload but not used within a few seconds from the window's load event. Please make sure it has an appropriate `as` value and it is preloaded intentionally. @ https://www.tiktok.com/setting?lang=es:0
[  502777ms] [WARNING] The resource https://lf16-tiktok-web.tiktokcdn-us.com/obj/tiktok-web-tx/tiktok/web/pns_fe_parental_control_vmok/static/js/lib-polyfill.5e52839d.js was preloaded using link preload but not used within a few seconds from the window's load event. Please make sure it has an appropriate `as` value and it is preloaded intentionally. @ https://www.tiktok.com/setting?lang=es:0
[  502777ms] [WARNING] The resource https://lf16-tiktok-web.tiktokcdn-us.com/obj/tiktok-web-tx/tiktok/web/pns_fe_keyword_filtering_vmok/static/js/async/273.61871fe6.js was preloaded using link preload but not used within a few seconds from the window's load event. Please make sure it has an appropriate `as` value and it is preloaded intentionally. @ https://www.tiktok.com/setting?lang=es:0
[  502777ms] [WARNING] The resource https://lf16-tiktok-web.tiktokcdn-us.com/obj/tiktok-web-tx/tiktok/web/pns_fe_parental_control_vmok/static/js/async/9678.ae39123c.js was preloaded using link preload but not used within a few seconds from the window's load event. Please make sure it has an appropriate `as` value and it is preloaded intentionally. @ https://www.tiktok.com/setting?lang=es:0
[  502777ms] [WARNING] The resource https://lf16-tiktok-web.tiktokcdn-us.com/obj/tiktok-web-tx/tiktok/web/pns_fe_parental_control_vmok/static/js/async/__federation_expose_main.1a07efe8.js was preloaded using link preload but not used within a few seconds from the window's load event. Please make sure it has an appropriate `as` value and it is preloaded intentionally. @ https://www.tiktok.com/setting?lang=es:0
[  502777ms] [WARNING] The resource https://lf16-tiktok-web.tiktokcdn-us.com/obj/tiktok-web-tx/tiktok/web/pns_fe_keyword_filtering_vmok/static/js/async/__federation_expose_entry_react_bridge.247b132d.js was preloaded using link preload but not used within a few seconds from the window's load event. Please make sure it has an appropriate `as` value and it is preloaded intentionally. @ https://www.tiktok.com/setting?lang=es:0
[  502777ms] [WARNING] The resource https://lf16-tiktok-web.tiktokcdn-us.com/obj/tiktok-web-tx/tiktok/web/pns_fe_parental_control_vmok/static/js/async/lib-router.369091d5.js was preloaded using link preload but not used within a few seconds from the window's load event. Please make sure it has an appropriate `as` value and it is preloaded intentionally. @ https://www.tiktok.com/setting?lang=es:0
[  502777ms] [WARNING] The resource https://lf16-tiktok-web.tiktokcdn-us.com/obj/tiktok-web-tx/tiktok/web/pns_fe_keyword_filtering_vmok/static/js/async/argus-builder-strategy.a3264b45.js was preloaded using link preload but not used within a few seconds from the window's load event. Please make sure it has an appropriate `as` value and it is preloaded intentionally. @ https://www.tiktok.com/setting?lang=es:0
[  502777ms] [WARNING] The resource https://lf16-tiktok-web.tiktokcdn-us.com/obj/tiktok-web-tx/tiktok/web/pns_fe_keyword_filtering_vmok/static/js/async/lib-axios.8c284c11.js was preloaded using link preload but not used within a few seconds from the window's load event. Please make sure it has an appropriate `as` value and it is preloaded intentionally. @ https://www.tiktok.com/setting?lang=es:0
[  502777ms] [WARNING] The resource https://lf16-tiktok-web.tiktokcdn-us.com/obj/tiktok-web-tx/tiktok/web/pns_fe_keyword_filtering_vmok/static/js/lib-polyfill.2d9206bd.js was preloaded using link preload but not used within a few seconds from the window's load event. Please make sure it has an appropriate `as` value and it is preloaded intentionally. @ https://www.tiktok.com/setting?lang=es:0
[  502777ms] [WARNING] The resource https://lf16-tiktok-web.tiktokcdn-us.com/obj/tiktok-web-tx/tiktok/web/pns_fe_parental_control_vmok/static/css/async/3139.a5a9f032.css was preloaded using link preload but not used within a few seconds from the window's load event. Please make sure it has an appropriate `as` value and it is preloaded intentionally. @ https://www.tiktok.com/setting?lang=es:0
[  502777ms] [WARNING] The resource https://lf16-tiktok-web.tiktokcdn-us.com/obj/tiktok-web-tx/tiktok/web/pns_fe_parental_control_vmok/static/js/async/778.beddb8c0.js was preloaded using link preload but not used within a few seconds from the window's load event. Please make sure it has an appropriate `as` value and it is preloaded intentionally. @ https://www.tiktok.com/setting?lang=es:0
[  502777ms] [WARNING] The resource https://lf16-tiktok-web.tiktokcdn-us.com/obj/tiktok-web-tx/tiktok/web/pns_fe_parental_control_vmok/static/js/async/3139.dafaa0fc.js was preloaded using link preload but not used within a few seconds from the window's load event. Please make sure it has an appropriate `as` value and it is preloaded intentionally. @ https://www.tiktok.com/setting?lang=es:0
[  502777ms] [WARNING] The resource https://lf16-tiktok-web.tiktokcdn-us.com/obj/tiktok-web-tx/tiktok/web/pns_fe_keyword_filtering_vmok/static/css/async/126.f1acf961.css was preloaded using link preload but not used within a few seconds from the window's load event. Please make sure it has an appropriate `as` value and it is preloaded intentionally. @ https://www.tiktok.com/setting?lang=es:0
[  502778ms] [WARNING] The resource https://lf16-tiktok-web.tiktokcdn-us.com/obj/tiktok-web-tx/tiktok/web/pns_fe_parental_control_vmok/static/css/async/__federation_expose_main.abb44d39.css was preloaded using link preload but not used within a few seconds from the window's load event. Please make sure it has an appropriate `as` value and it is preloaded intentionally. @ https://www.tiktok.com/setting?lang=es:0
[  513865ms] [WARNING] The resource https://lf16-tiktok-web.tiktokcdn-us.com/obj/tiktok-web-tx/tiktok/web/pns_fe_keyword_filtering_vmok/static/js/async/126.c9a90670.js was preloaded using link preload but not used within a few seconds from the window's load event. Please make sure it has an appropriate `as` value and it is preloaded intentionally. @ https://www.tiktok.com/setting?lang=es:0
[  513865ms] [WARNING] The resource https://lf16-tiktok-web.tiktokcdn-us.com/obj/tiktok-web-tx/tiktok/web/pns_fe_parental_control_vmok/static/js/async/lib-axios.56c5f961.js was preloaded using link preload but not used within a few seconds from the window's load event. Please make sure it has an appropriate `as` value and it is preloaded intentionally. @ https://www.tiktok.com/setting?lang=es:0
[  513865ms] [WARNING] The resource https://lf16-tiktok-web.tiktokcdn-us.com/obj/tiktok-web-tx/tiktok/web/pns_fe_keyword_filtering_vmok/static/js/async/606.7a63198e.js was preloaded using link preload but not used within a few seconds from the window's load event. Please make sure it has an appropriate `as` value and it is preloaded intentionally. @ https://www.tiktok.com/setting?lang=es:0
[  513865ms] [WARNING] The resource https://lf16-tiktok-web.tiktokcdn-us.com/obj/tiktok-web-tx/tiktok/web/pns_fe_keyword_filtering_vmok/static/css/async/__federation_expose_entry_react_bridge.569a7521.css was preloaded using link preload but not used within a few seconds from the window's load event. Please make sure it has an appropriate `as` value and it is preloaded intentionally. @ https://www.tiktok.com/setting?lang=es:0
[  513865ms] [WARNING] The resource https://lf16-tiktok-web.tiktokcdn-us.com/obj/tiktok-web-tx/tiktok/web/pns_fe_keyword_filtering_vmok/static/js/async/752.8dc09088.js was preloaded using link preload but not used within a few seconds from the window's load event. Please make sure it has an appropriate `as` value and it is preloaded intentionally. @ https://www.tiktok.com/setting?lang=es:0
[  513865ms] [WARNING] The resource https://lf16-tiktok-web.tiktokcdn-us.com/obj/tiktok-web-tx/tiktok/web/pns_fe_keyword_filtering_vmok/static/js/async/async-main.25610a11.js was preloaded using link preload but not used within a few seconds from the window's load event. Please make sure it has an appropriate `as` value and it is preloaded intentionally. @ https://www.tiktok.com/setting?lang=es:0
[  513865ms] [WARNING] The resource https://lf16-tiktok-web.tiktokcdn-us.com/obj/tiktok-web-tx/tiktok/web/pns_fe_keyword_filtering_vmok/static/js/async/lib-router.46d8bbc0.js was preloaded using link preload but not used within a few seconds from the window's load event. Please make sure it has an appropriate `as` value and it is preloaded intentionally. @ https://www.tiktok.com/setting?lang=es:0
[  513865ms] [WARNING] The resource https://lf16-tiktok-web.tiktokcdn-us.com/obj/tiktok-web-tx/tiktok/web/pns_fe_keyword_filtering_vmok/static/js/async/587.eafa5f92.js was preloaded using link preload but not used within a few seconds from the window's load event. Please make sure it has an appropriate `as` value and it is preloaded intentionally. @ https://www.tiktok.com/setting?lang=es:0
[  513865ms] [WARNING] The resource https://lf16-tiktok-web.tiktokcdn-us.com/obj/tiktok-web-tx/tiktok/web/pns_fe_keyword_filtering_vmok/static/js/async/593.f09ae1b5.js was preloaded using link preload but not used within a few seconds from the window's load event. Please make sure it has an appropriate `as` value and it is preloaded intentionally. @ https://www.tiktok.com/setting?lang=es:0
[  513865ms] [WARNING] The resource https://lf16-tiktok-web.tiktokcdn-us.com/obj/tiktok-web-tx/tiktok/web/pns_fe_parental_control_vmok/static/js/lib-polyfill.5e52839d.js was preloaded using link preload but not used within a few seconds from the window's load event. Please make sure it has an appropriate `as` value and it is preloaded intentionally. @ https://www.tiktok.com/setting?lang=es:0
[  513865ms] [WARNING] The resource https://lf16-tiktok-web.tiktokcdn-us.com/obj/tiktok-web-tx/tiktok/web/pns_fe_keyword_filtering_vmok/static/js/async/273.61871fe6.js was preloaded using link preload but not used within a few seconds from the window's load event. Please make sure it has an appropriate `as` value and it is preloaded intentionally. @ https://www.tiktok.com/setting?lang=es:0
[  513865ms] [WARNING] The resource https://lf16-tiktok-web.tiktokcdn-us.com/obj/tiktok-web-tx/tiktok/web/pns_fe_parental_control_vmok/static/js/async/9678.ae39123c.js was preloaded using link preload but not used within a few seconds from the window's load event. Please make sure it has an appropriate `as` value and it is preloaded intentionally. @ https://www.tiktok.com/setting?lang=es:0
[  513865ms] [WARNING] The resource https://lf16-tiktok-web.tiktokcdn-us.com/obj/tiktok-web-tx/tiktok/web/pns_fe_parental_control_vmok/static/js/async/__federation_expose_main.1a07efe8.js was preloaded using link preload but not used within a few seconds from the window's load event. Please make sure it has an appropriate `as` value and it is preloaded intentionally. @ https://www.tiktok.com/setting?lang=es:0
[  513865ms] [WARNING] The resource https://lf16-tiktok-web.tiktokcdn-us.com/obj/tiktok-web-tx/tiktok/web/pns_fe_keyword_filtering_vmok/static/js/async/__federation_expose_entry_react_bridge.247b132d.js was preloaded using link preload but not used within a few seconds from the window's load event. Please make sure it has an appropriate `as` value and it is preloaded intentionally. @ https://www.tiktok.com/setting?lang=es:0
[  513865ms] [WARNING] The resource https://lf16-tiktok-web.tiktokcdn-us.com/obj/tiktok-web-tx/tiktok/web/pns_fe_parental_control_vmok/static/js/async/lib-router.369091d5.js was preloaded using link preload but not used within a few seconds from the window's load event. Please make sure it has an appropriate `as` value and it is preloaded intentionally. @ https://www.tiktok.com/setting?lang=es:0
[  513865ms] [WARNING] The resource https://lf16-tiktok-web.tiktokcdn-us.com/obj/tiktok-web-tx/tiktok/web/pns_fe_keyword_filtering_vmok/static/js/async/argus-builder-strategy.a3264b45.js was preloaded using link preload but not used within a few seconds from the window's load event. Please make sure it has an appropriate `as` value and it is preloaded intentionally. @ https://www.tiktok.com/setting?lang=es:0
[  513865ms] [WARNING] The resource https://lf16-tiktok-web.tiktokcdn-us.com/obj/tiktok-web-tx/tiktok/web/pns_fe_keyword_filtering_vmok/static/js/async/lib-axios.8c284c11.js was preloaded using link preload but not used within a few seconds from the window's load event. Please make sure it has an appropriate `as` value and it is preloaded intentionally. @ https://www.tiktok.com/setting?lang=es:0
[  513865ms] [WARNING] The resource https://lf16-tiktok-web.tiktokcdn-us.com/obj/tiktok-web-tx/tiktok/web/pns_fe_keyword_filtering_vmok/static/js/lib-polyfill.2d9206bd.js was preloaded using link preload but not used within a few seconds from the window's load event. Please make sure it has an appropriate `as` value and it is preloaded intentionally. @ https://www.tiktok.com/setting?lang=es:0
[  513865ms] [WARNING] The resource https://lf16-tiktok-web.tiktokcdn-us.com/obj/tiktok-web-tx/tiktok/web/pns_fe_parental_control_vmok/static/css/async/3139.a5a9f032.css was preloaded using link preload but not used within a few seconds from the window's load event. Please make sure it has an appropriate `as` value and it is preloaded intentionally. @ https://www.tiktok.com/setting?lang=es:0
[  513866ms] [WARNING] The resource https://lf16-tiktok-web.tiktokcdn-us.com/obj/tiktok-web-tx/tiktok/web/pns_fe_parental_control_vmok/static/js/async/778.beddb8c0.js was preloaded using link preload but not used within a few seconds from the window's load event. Please make sure it has an appropriate `as` value and it is preloaded intentionally. @ https://www.tiktok.com/setting?lang=es:0
[  513866ms] [WARNING] The resource https://lf16-tiktok-web.tiktokcdn-us.com/obj/tiktok-web-tx/tiktok/web/pns_fe_parental_control_vmok/static/js/async/3139.dafaa0fc.js was preloaded using link preload but not used within a few seconds from the window's load event. Please make sure it has an appropriate `as` value and it is preloaded intentionally. @ https://www.tiktok.com/setting?lang=es:0
[  513866ms] [WARNING] The resource https://lf16-tiktok-web.tiktokcdn-us.com/obj/tiktok-web-tx/tiktok/web/pns_fe_keyword_filtering_vmok/static/css/async/126.f1acf961.css was preloaded using link preload but not used within a few seconds from the window's load event. Please make sure it has an appropriate `as` value and it is preloaded intentionally. @ https://www.tiktok.com/setting?lang=es:0
[  513866ms] [WARNING] The resource https://lf16-tiktok-web.tiktokcdn-us.com/obj/tiktok-web-tx/tiktok/web/pns_fe_parental_control_vmok/static/css/async/__federation_expose_main.abb44d39.css was preloaded using link preload but not used within a few seconds from the window's load event. Please make sure it has an appropriate `as` value and it is preloaded intentionally. @ https://www.tiktok.com/setting?lang=es:0
[  523468ms] [WARNING] The resource https://lf16-tiktok-web.tiktokcdn-us.com/obj/tiktok-web-tx/tiktok/web/pns_fe_keyword_filtering_vmok/static/js/async/126.c9a90670.js was preloaded using link preload but not used within a few seconds from the window's load event. Please make sure it has an appropriate `as` value and it is preloaded intentionally. @ https://www.tiktok.com/setting?lang=es:0
[  523469ms] [WARNING] The resource https://lf16-tiktok-web.tiktokcdn-us.com/obj/tiktok-web-tx/tiktok/web/pns_fe_parental_control_vmok/static/js/async/lib-axios.56c5f961.js was preloaded using link preload but not used within a few seconds from the window's load event. Please make sure it has an appropriate `as` value and it is preloaded intentionally. @ https://www.tiktok.com/setting?lang=es:0
[  523469ms] [WARNING] The resource https://lf16-tiktok-web.tiktokcdn-us.com/obj/tiktok-web-tx/tiktok/web/pns_fe_keyword_filtering_vmok/static/js/async/606.7a63198e.js was preloaded using link preload but not used within a few seconds from the window's load event. Please make sure it has an appropriate `as` value and it is preloaded intentionally. @ https://www.tiktok.com/setting?lang=es:0
[  523469ms] [WARNING] The resource https://lf16-tiktok-web.tiktokcdn-us.com/obj/tiktok-web-tx/tiktok/web/pns_fe_keyword_filtering_vmok/static/css/async/__federation_expose_entry_react_bridge.569a7521.css was preloaded using link preload but not used within a few seconds from the window's load event. Please make sure it has an appropriate `as` value and it is preloaded intentionally. @ https://www.tiktok.com/setting?lang=es:0
[  523469ms] [WARNING] The resource https://lf16-tiktok-web.tiktokcdn-us.com/obj/tiktok-web-tx/tiktok/web/pns_fe_keyword_filtering_vmok/static/js/async/752.8dc09088.js was preloaded using link preload but not used within a few seconds from the window's load event. Please make sure it has an appropriate `as` value and it is preloaded intentionally. @ https://www.tiktok.com/setting?lang=es:0
[  523469ms] [WARNING] The resource https://lf16-tiktok-web.tiktokcdn-us.com/obj/tiktok-web-tx/tiktok/web/pns_fe_keyword_filtering_vmok/static/js/async/async-main.25610a11.js was preloaded using link preload but not used within a few seconds from the window's load event. Please make sure it has an appropriate `as` value and it is preloaded intentionally. @ https://www.tiktok.com/setting?lang=es:0
[  523469ms] [WARNING] The resource https://lf16-tiktok-web.tiktokcdn-us.com/obj/tiktok-web-tx/tiktok/web/pns_fe_keyword_filtering_vmok/static/js/async/lib-router.46d8bbc0.js was preloaded using link preload but not used within a few seconds from the window's load event. Please make sure it has an appropriate `as` value and it is preloaded intentionally. @ https://www.tiktok.com/setting?lang=es:0
[  523469ms] [WARNING] The resource https://lf16-tiktok-web.tiktokcdn-us.com/obj/tiktok-web-tx/tiktok/web/pns_fe_keyword_filtering_vmok/static/js/async/587.eafa5f92.js was preloaded using link preload but not used within a few seconds from the window's load event. Please make sure it has an appropriate `as` value and it is preloaded intentionally. @ https://www.tiktok.com/setting?lang=es:0
[  523469ms] [WARNING] The resource https://lf16-tiktok-web.tiktokcdn-us.com/obj/tiktok-web-tx/tiktok/web/pns_fe_keyword_filtering_vmok/static/js/async/593.f09ae1b5.js was preloaded using link preload but not used within a few seconds from the window's load event. Please make sure it has an appropriate `as` value and it is preloaded intentionally. @ https://www.tiktok.com/setting?lang=es:0
[  523469ms] [WARNING] The resource https://lf16-tiktok-web.tiktokcdn-us.com/obj/tiktok-web-tx/tiktok/web/pns_fe_parental_control_vmok/static/js/lib-polyfill.5e52839d.js was preloaded using link preload but not used within a few seconds from the window's load event. Please make sure it has an appropriate `as` value and it is preloaded intentionally. @ https://www.tiktok.com/setting?lang=es:0
[  523469ms] [WARNING] The resource https://lf16-tiktok-web.tiktokcdn-us.com/obj/tiktok-web-tx/tiktok/web/pns_fe_keyword_filtering_vmok/static/js/async/273.61871fe6.js was preloaded using link preload but not used within a few seconds from the window's load event. Please make sure it has an appropriate `as` value and it is preloaded intentionally. @ https://www.tiktok.com/setting?lang=es:0
[  523469ms] [WARNING] The resource https://lf16-tiktok-web.tiktokcdn-us.com/obj/tiktok-web-tx/tiktok/web/pns_fe_parental_control_vmok/static/js/async/9678.ae39123c.js was preloaded using link preload but not used within a few seconds from the window's load event. Please make sure it has an appropriate `as` value and it is preloaded intentionally. @ https://www.tiktok.com/setting?lang=es:0
[  523469ms] [WARNING] The resource https://lf16-tiktok-web.tiktokcdn-us.com/obj/tiktok-web-tx/tiktok/web/pns_fe_parental_control_vmok/static/js/async/__federation_expose_main.1a07efe8.js was preloaded using link preload but not used within a few seconds from the window's load event. Please make sure it has an appropriate `as` value and it is preloaded intentionally. @ https://www.tiktok.com/setting?lang=es:0
[  523469ms] [WARNING] The resource https://lf16-tiktok-web.tiktokcdn-us.com/obj/tiktok-web-tx/tiktok/web/pns_fe_keyword_filtering_vmok/static/js/async/__federation_expose_entry_react_bridge.247b132d.js was preloaded using link preload but not used within a few seconds from the window's load event. Please make sure it has an appropriate `as` value and it is preloaded intentionally. @ https://www.tiktok.com/setting?lang=es:0
[  523469ms] [WARNING] The resource https://lf16-tiktok-web.tiktokcdn-us.com/obj/tiktok-web-tx/tiktok/web/pns_fe_parental_control_vmok/static/js/async/lib-router.369091d5.js was preloaded using link preload but not used within a few seconds from the window's load event. Please make sure it has an appropriate `as` value and it is preloaded intentionally. @ https://www.tiktok.com/setting?lang=es:0
[  523469ms] [WARNING] The resource https://lf16-tiktok-web.tiktokcdn-us.com/obj/tiktok-web-tx/tiktok/web/pns_fe_keyword_filtering_vmok/static/js/async/argus-builder-strategy.a3264b45.js was preloaded using link preload but not used within a few seconds from the window's load event. Please make sure it has an appropriate `as` value and it is preloaded intentionally. @ https://www.tiktok.com/setting?lang=es:0
[  523469ms] [WARNING] The resource https://lf16-tiktok-web.tiktokcdn-us.com/obj/tiktok-web-tx/tiktok/web/pns_fe_keyword_filtering_vmok/static/js/async/lib-axios.8c284c11.js was preloaded using link preload but not used within a few seconds from the window's load event. Please make sure it has an appropriate `as` value and it is preloaded intentionally. @ https://www.tiktok.com/setting?lang=es:0
[  523470ms] [WARNING] The resource https://lf16-tiktok-web.tiktokcdn-us.com/obj/tiktok-web-tx/tiktok/web/pns_fe_keyword_filtering_vmok/static/js/lib-polyfill.2d9206bd.js was preloaded using link preload but not used within a few seconds from the window's load event. Please make sure it has an appropriate `as` value and it is preloaded intentionally. @ https://www.tiktok.com/setting?lang=es:0
[  523470ms] [WARNING] The resource https://lf16-tiktok-web.tiktokcdn-us.com/obj/tiktok-web-tx/tiktok/web/pns_fe_parental_control_vmok/static/css/async/3139.a5a9f032.css was preloaded using link preload but not used within a few seconds from the window's load event. Please make sure it has an appropriate `as` value and it is preloaded intentionally. @ https://www.tiktok.com/setting?lang=es:0
[  523470ms] [WARNING] The resource https://lf16-tiktok-web.tiktokcdn-us.com/obj/tiktok-web-tx/tiktok/web/pns_fe_parental_control_vmok/static/js/async/778.beddb8c0.js was preloaded using link preload but not used within a few seconds from the window's load event. Please make sure it has an appropriate `as` value and it is preloaded intentionally. @ https://www.tiktok.com/setting?lang=es:0
[  523470ms] [WARNING] The resource https://lf16-tiktok-web.tiktokcdn-us.com/obj/tiktok-web-tx/tiktok/web/pns_fe_parental_control_vmok/static/js/async/3139.dafaa0fc.js was preloaded using link preload but not used within a few seconds from the window's load event. Please make sure it has an appropriate `as` value and it is preloaded intentionally. @ https://www.tiktok.com/setting?lang=es:0
[  523470ms] [WARNING] The resource https://lf16-tiktok-web.tiktokcdn-us.com/obj/tiktok-web-tx/tiktok/web/pns_fe_keyword_filtering_vmok/static/css/async/126.f1acf961.css was preloaded using link preload but not used within a few seconds from the window's load event. Please make sure it has an appropriate `as` value and it is preloaded intentionally. @ https://www.tiktok.com/setting?lang=es:0
[  523470ms] [WARNING] The resource https://lf16-tiktok-web.tiktokcdn-us.com/obj/tiktok-web-tx/tiktok/web/pns_fe_parental_control_vmok/static/css/async/__federation_expose_main.abb44d39.css was preloaded using link preload but not used within a few seconds from the window's load event. Please make sure it has an appropriate `as` value and it is preloaded intentionally. @ https://www.tiktok.com/setting?lang=es:0
[  533830ms] [WARNING] The resource https://lf16-tiktok-web.tiktokcdn-us.com/obj/tiktok-web-tx/tiktok/web/pns_fe_keyword_filtering_vmok/static/js/async/126.c9a90670.js was preloaded using link preload but not used within a few seconds from the window's load event. Please make sure it has an appropriate `as` value and it is preloaded intentionally. @ https://www.tiktok.com/setting?lang=es:0
[  533830ms] [WARNING] The resource https://lf16-tiktok-web.tiktokcdn-us.com/obj/tiktok-web-tx/tiktok/web/pns_fe_parental_control_vmok/static/js/async/lib-axios.56c5f961.js was preloaded using link preload but not used within a few seconds from the window's load event. Please make sure it has an appropriate `as` value and it is preloaded intentionally. @ https://www.tiktok.com/setting?lang=es:0
[  533830ms] [WARNING] The resource https://lf16-tiktok-web.tiktokcdn-us.com/obj/tiktok-web-tx/tiktok/web/pns_fe_keyword_filtering_vmok/static/js/async/606.7a63198e.js was preloaded using link preload but not used within a few seconds from the window's load event. Please make sure it has an appropriate `as` value and it is preloaded intentionally. @ https://www.tiktok.com/setting?lang=es:0
[  533830ms] [WARNING] The resource https://lf16-tiktok-web.tiktokcdn-us.com/obj/tiktok-web-tx/tiktok/web/pns_fe_keyword_filtering_vmok/static/css/async/__federation_expose_entry_react_bridge.569a7521.css was preloaded using link preload but not used within a few seconds from the window's load event. Please make sure it has an appropriate `as` value and it is preloaded intentionally. @ https://www.tiktok.com/setting?lang=es:0
[  533830ms] [WARNING] The resource https://lf16-tiktok-web.tiktokcdn-us.com/obj/tiktok-web-tx/tiktok/web/pns_fe_keyword_filtering_vmok/static/js/async/752.8dc09088.js was preloaded using link preload but not used within a few seconds from the window's load event. Please make sure it has an appropriate `as` value and it is preloaded intentionally. @ https://www.tiktok.com/setting?lang=es:0
[  533830ms] [WARNING] The resource https://lf16-tiktok-web.tiktokcdn-us.com/obj/tiktok-web-tx/tiktok/web/pns_fe_keyword_filtering_vmok/static/js/async/async-main.25610a11.js was preloaded using link preload but not used within a few seconds from the window's load event. Please make sure it has an appropriate `as` value and it is preloaded intentionally. @ https://www.tiktok.com/setting?lang=es:0
[  533830ms] [WARNING] The resource https://lf16-tiktok-web.tiktokcdn-us.com/obj/tiktok-web-tx/tiktok/web/pns_fe_keyword_filtering_vmok/static/js/async/lib-router.46d8bbc0.js was preloaded using link preload but not used within a few seconds from the window's load event. Please make sure it has an appropriate `as` value and it is preloaded intentionally. @ https://www.tiktok.com/setting?lang=es:0
[  533830ms] [WARNING] The resource https://lf16-tiktok-web.tiktokcdn-us.com/obj/tiktok-web-tx/tiktok/web/pns_fe_keyword_filtering_vmok/static/js/async/587.eafa5f92.js was preloaded using link preload but not used within a few seconds from the window's load event. Please make sure it has an appropriate `as` value and it is preloaded intentionally. @ https://www.tiktok.com/setting?lang=es:0
[  533830ms] [WARNING] The resource https://lf16-tiktok-web.tiktokcdn-us.com/obj/tiktok-web-tx/tiktok/web/pns_fe_keyword_filtering_vmok/static/js/async/593.f09ae1b5.js was preloaded using link preload but not used within a few seconds from the window's load event. Please make sure it has an appropriate `as` value and it is preloaded intentionally. @ https://www.tiktok.com/setting?lang=es:0
[  533830ms] [WARNING] The resource https://lf16-tiktok-web.tiktokcdn-us.com/obj/tiktok-web-tx/tiktok/web/pns_fe_parental_control_vmok/static/js/lib-polyfill.5e52839d.js was preloaded using link preload but not used within a few seconds from the window's load event. Please make sure it has an appropriate `as` value and it is preloaded intentionally. @ https://www.tiktok.com/setting?lang=es:0
[  533830ms] [WARNING] The resource https://lf16-tiktok-web.tiktokcdn-us.com/obj/tiktok-web-tx/tiktok/web/pns_fe_keyword_filtering_vmok/static/js/async/273.61871fe6.js was preloaded using link preload but not used within a few seconds from the window's load event. Please make sure it has an appropriate `as` value and it is preloaded intentionally. @ https://www.tiktok.com/setting?lang=es:0
[  533830ms] [WARNING] The resource https://lf16-tiktok-web.tiktokcdn-us.com/obj/tiktok-web-tx/tiktok/web/pns_fe_parental_control_vmok/static/js/async/9678.ae39123c.js was preloaded using link preload but not used within a few seconds from the window's load event. Please make sure it has an appropriate `as` value and it is preloaded intentionally. @ https://www.tiktok.com/setting?lang=es:0
[  533830ms] [WARNING] The resource https://lf16-tiktok-web.tiktokcdn-us.com/obj/tiktok-web-tx/tiktok/web/pns_fe_parental_control_vmok/static/js/async/__federation_expose_main.1a07efe8.js was preloaded using link preload but not used within a few seconds from the window's load event. Please make sure it has an appropriate `as` value and it is preloaded intentionally. @ https://www.tiktok.com/setting?lang=es:0
[  533830ms] [WARNING] The resource https://lf16-tiktok-web.tiktokcdn-us.com/obj/tiktok-web-tx/tiktok/web/pns_fe_keyword_filtering_vmok/static/js/async/__federation_expose_entry_react_bridge.247b132d.js was preloaded using link preload but not used within a few seconds from the window's load event. Please make sure it has an appropriate `as` value and it is preloaded intentionally. @ https://www.tiktok.com/setting?lang=es:0
[  533830ms] [WARNING] The resource https://lf16-tiktok-web.tiktokcdn-us.com/obj/tiktok-web-tx/tiktok/web/pns_fe_parental_control_vmok/static/js/async/lib-router.369091d5.js was preloaded using link preload but not used within a few seconds from the window's load event. Please make sure it has an appropriate `as` value and it is preloaded intentionally. @ https://www.tiktok.com/setting?lang=es:0
[  533830ms] [WARNING] The resource https://lf16-tiktok-web.tiktokcdn-us.com/obj/tiktok-web-tx/tiktok/web/pns_fe_keyword_filtering_vmok/static/js/async/argus-builder-strategy.a3264b45.js was preloaded using link preload but not used within a few seconds from the window's load event. Please make sure it has an appropriate `as` value and it is preloaded intentionally. @ https://www.tiktok.com/setting?lang=es:0
[  533830ms] [WARNING] The resource https://lf16-tiktok-web.tiktokcdn-us.com/obj/tiktok-web-tx/tiktok/web/pns_fe_keyword_filtering_vmok/static/js/async/lib-axios.8c284c11.js was preloaded using link preload but not used within a few seconds from the window's load event. Please make sure it has an appropriate `as` value and it is preloaded intentionally. @ https://www.tiktok.com/setting?lang=es:0
[  533831ms] [WARNING] The resource https://lf16-tiktok-web.tiktokcdn-us.com/obj/tiktok-web-tx/tiktok/web/pns_fe_keyword_filtering_vmok/static/js/lib-polyfill.2d9206bd.js was preloaded using link preload but not used within a few seconds from the window's load event. Please make sure it has an appropriate `as` value and it is preloaded intentionally. @ https://www.tiktok.com/setting?lang=es:0
[  533831ms] [WARNING] The resource https://lf16-tiktok-web.tiktokcdn-us.com/obj/tiktok-web-tx/tiktok/web/pns_fe_parental_control_vmok/static/css/async/3139.a5a9f032.css was preloaded using link preload but not used within a few seconds from the window's load event. Please make sure it has an appropriate `as` value and it is preloaded intentionally. @ https://www.tiktok.com/setting?lang=es:0
[  533831ms] [WARNING] The resource https://lf16-tiktok-web.tiktokcdn-us.com/obj/tiktok-web-tx/tiktok/web/pns_fe_parental_control_vmok/static/js/async/778.beddb8c0.js was preloaded using link preload but not used within a few seconds from the window's load event. Please make sure it has an appropriate `as` value and it is preloaded intentionally. @ https://www.tiktok.com/setting?lang=es:0
[  533831ms] [WARNING] The resource https://lf16-tiktok-web.tiktokcdn-us.com/obj/tiktok-web-tx/tiktok/web/pns_fe_parental_control_vmok/static/js/async/3139.dafaa0fc.js was preloaded using link preload but not used within a few seconds from the window's load event. Please make sure it has an appropriate `as` value and it is preloaded intentionally. @ https://www.tiktok.com/setting?lang=es:0
[  533831ms] [WARNING] The resource https://lf16-tiktok-web.tiktokcdn-us.com/obj/tiktok-web-tx/tiktok/web/pns_fe_keyword_filtering_vmok/static/css/async/126.f1acf961.css was preloaded using link preload but not used within a few seconds from the window's load event. Please make sure it has an appropriate `as` value and it is preloaded intentionally. @ https://www.tiktok.com/setting?lang=es:0
[  533831ms] [WARNING] The resource https://lf16-tiktok-web.tiktokcdn-us.com/obj/tiktok-web-tx/tiktok/web/pns_fe_parental_control_vmok/static/css/async/__federation_expose_main.abb44d39.css was preloaded using link preload but not used within a few seconds from the window's load event. Please make sure it has an appropriate `as` value and it is preloaded intentionally. @ https://www.tiktok.com/setting?lang=es:0
[  548226ms] [WARNING] The resource https://lf16-tiktok-web.tiktokcdn-us.com/obj/tiktok-web-tx/tiktok/web/pns_fe_keyword_filtering_vmok/static/js/async/126.c9a90670.js was preloaded using link preload but not used within a few seconds from the window's load event. Please make sure it has an appropriate `as` value and it is preloaded intentionally. @ https://www.tiktok.com/setting?lang=es:0
[  548226ms] [WARNING] The resource https://lf16-tiktok-web.tiktokcdn-us.com/obj/tiktok-web-tx/tiktok/web/pns_fe_parental_control_vmok/static/js/async/lib-axios.56c5f961.js was preloaded using link preload but not used within a few seconds from the window's load event. Please make sure it has an appropriate `as` value and it is preloaded intentionally. @ https://www.tiktok.com/setting?lang=es:0
[  548226ms] [WARNING] The resource https://lf16-tiktok-web.tiktokcdn-us.com/obj/tiktok-web-tx/tiktok/web/pns_fe_keyword_filtering_vmok/static/js/async/606.7a63198e.js was preloaded using link preload but not used within a few seconds from the window's load event. Please make sure it has an appropriate `as` value and it is preloaded intentionally. @ https://www.tiktok.com/setting?lang=es:0
[  548226ms] [WARNING] The resource https://lf16-tiktok-web.tiktokcdn-us.com/obj/tiktok-web-tx/tiktok/web/pns_fe_keyword_filtering_vmok/static/css/async/__federation_expose_entry_react_bridge.569a7521.css was preloaded using link preload but not used within a few seconds from the window's load event. Please make sure it has an appropriate `as` value and it is preloaded intentionally. @ https://www.tiktok.com/setting?lang=es:0
[  548226ms] [WARNING] The resource https://lf16-tiktok-web.tiktokcdn-us.com/obj/tiktok-web-tx/tiktok/web/pns_fe_keyword_filtering_vmok/static/js/async/752.8dc09088.js was preloaded using link preload but not used within a few seconds from the window's load event. Please make sure it has an appropriate `as` value and it is preloaded intentionally. @ https://www.tiktok.com/setting?lang=es:0
[  548226ms] [WARNING] The resource https://lf16-tiktok-web.tiktokcdn-us.com/obj/tiktok-web-tx/tiktok/web/pns_fe_keyword_filtering_vmok/static/js/async/async-main.25610a11.js was preloaded using link preload but not used within a few seconds from the window's load event. Please make sure it has an appropriate `as` value and it is preloaded intentionally. @ https://www.tiktok.com/setting?lang=es:0
[  548226ms] [WARNING] The resource https://lf16-tiktok-web.tiktokcdn-us.com/obj/tiktok-web-tx/tiktok/web/pns_fe_keyword_filtering_vmok/static/js/async/lib-router.46d8bbc0.js was preloaded using link preload but not used within a few seconds from the window's load event. Please make sure it has an appropriate `as` value and it is preloaded intentionally. @ https://www.tiktok.com/setting?lang=es:0
[  548226ms] [WARNING] The resource https://lf16-tiktok-web.tiktokcdn-us.com/obj/tiktok-web-tx/tiktok/web/pns_fe_keyword_filtering_vmok/static/js/async/587.eafa5f92.js was preloaded using link preload but not used within a few seconds from the window's load event. Please make sure it has an appropriate `as` value and it is preloaded intentionally. @ https://www.tiktok.com/setting?lang=es:0
[  548226ms] [WARNING] The resource https://lf16-tiktok-web.tiktokcdn-us.com/obj/tiktok-web-tx/tiktok/web/pns_fe_keyword_filtering_vmok/static/js/async/593.f09ae1b5.js was preloaded using link preload but not used within a few seconds from the window's load event. Please make sure it has an appropriate `as` value and it is preloaded intentionally. @ https://www.tiktok.com/setting?lang=es:0
[  548226ms] [WARNING] The resource https://lf16-tiktok-web.tiktokcdn-us.com/obj/tiktok-web-tx/tiktok/web/pns_fe_parental_control_vmok/static/js/lib-polyfill.5e52839d.js was preloaded using link preload but not used within a few seconds from the window's load event. Please make sure it has an appropriate `as` value and it is preloaded intentionally. @ https://www.tiktok.com/setting?lang=es:0
[  548226ms] [WARNING] The resource https://lf16-tiktok-web.tiktokcdn-us.com/obj/tiktok-web-tx/tiktok/web/pns_fe_keyword_filtering_vmok/static/js/async/273.61871fe6.js was preloaded using link preload but not used within a few seconds from the window's load event. Please make sure it has an appropriate `as` value and it is preloaded intentionally. @ https://www.tiktok.com/setting?lang=es:0
[  548226ms] [WARNING] The resource https://lf16-tiktok-web.tiktokcdn-us.com/obj/tiktok-web-tx/tiktok/web/pns_fe_parental_control_vmok/static/js/async/9678.ae39123c.js was preloaded using link preload but not used within a few seconds from the window's load event. Please make sure it has an appropriate `as` value and it is preloaded intentionally. @ https://www.tiktok.com/setting?lang=es:0
[  548226ms] [WARNING] The resource https://lf16-tiktok-web.tiktokcdn-us.com/obj/tiktok-web-tx/tiktok/web/pns_fe_parental_control_vmok/static/js/async/__federation_expose_main.1a07efe8.js was preloaded using link preload but not used within a few seconds from the window's load event. Please make sure it has an appropriate `as` value and it is preloaded intentionally. @ https://www.tiktok.com/setting?lang=es:0
[  548226ms] [WARNING] The resource https://lf16-tiktok-web.tiktokcdn-us.com/obj/tiktok-web-tx/tiktok/web/pns_fe_keyword_filtering_vmok/static/js/async/__federation_expose_entry_react_bridge.247b132d.js was preloaded using link preload but not used within a few seconds from the window's load event. Please make sure it has an appropriate `as` value and it is preloaded intentionally. @ https://www.tiktok.com/setting?lang=es:0
[  548227ms] [WARNING] The resource https://lf16-tiktok-web.tiktokcdn-us.com/obj/tiktok-web-tx/tiktok/web/pns_fe_parental_control_vmok/static/js/async/lib-router.369091d5.js was preloaded using link preload but not used within a few seconds from the window's load event. Please make sure it has an appropriate `as` value and it is preloaded intentionally. @ https://www.tiktok.com/setting?lang=es:0
[  548227ms] [WARNING] The resource https://lf16-tiktok-web.tiktokcdn-us.com/obj/tiktok-web-tx/tiktok/web/pns_fe_keyword_filtering_vmok/static/js/async/argus-builder-strategy.a3264b45.js was preloaded using link preload but not used within a few seconds from the window's load event. Please make sure it has an appropriate `as` value and it is preloaded intentionally. @ https://www.tiktok.com/setting?lang=es:0
[  548227ms] [WARNING] The resource https://lf16-tiktok-web.tiktokcdn-us.com/obj/tiktok-web-tx/tiktok/web/pns_fe_keyword_filtering_vmok/static/js/async/lib-axios.8c284c11.js was preloaded using link preload but not used within a few seconds from the window's load event. Please make sure it has an appropriate `as` value and it is preloaded intentionally. @ https://www.tiktok.com/setting?lang=es:0
[  548227ms] [WARNING] The resource https://lf16-tiktok-web.tiktokcdn-us.com/obj/tiktok-web-tx/tiktok/web/pns_fe_keyword_filtering_vmok/static/js/lib-polyfill.2d9206bd.js was preloaded using link preload but not used within a few seconds from the window's load event. Please make sure it has an appropriate `as` value and it is preloaded intentionally. @ https://www.tiktok.com/setting?lang=es:0
[  548227ms] [WARNING] The resource https://lf16-tiktok-web.tiktokcdn-us.com/obj/tiktok-web-tx/tiktok/web/pns_fe_parental_control_vmok/static/css/async/3139.a5a9f032.css was preloaded using link preload but not used within a few seconds from the window's load event. Please make sure it has an appropriate `as` value and it is preloaded intentionally. @ https://www.tiktok.com/setting?lang=es:0
[  548227ms] [WARNING] The resource https://lf16-tiktok-web.tiktokcdn-us.com/obj/tiktok-web-tx/tiktok/web/pns_fe_parental_control_vmok/static/js/async/778.beddb8c0.js was preloaded using link preload but not used within a few seconds from the window's load event. Please make sure it has an appropriate `as` value and it is preloaded intentionally. @ https://www.tiktok.com/setting?lang=es:0
[  548227ms] [WARNING] The resource https://lf16-tiktok-web.tiktokcdn-us.com/obj/tiktok-web-tx/tiktok/web/pns_fe_parental_control_vmok/static/js/async/3139.dafaa0fc.js was preloaded using link preload but not used within a few seconds from the window's load event. Please make sure it has an appropriate `as` value and it is preloaded intentionally. @ https://www.tiktok.com/setting?lang=es:0
[  548227ms] [WARNING] The resource https://lf16-tiktok-web.tiktokcdn-us.com/obj/tiktok-web-tx/tiktok/web/pns_fe_keyword_filtering_vmok/static/css/async/126.f1acf961.css was preloaded using link preload but not used within a few seconds from the window's load event. Please make sure it has an appropriate `as` value and it is preloaded intentionally. @ https://www.tiktok.com/setting?lang=es:0
[  548227ms] [WARNING] The resource https://lf16-tiktok-web.tiktokcdn-us.com/obj/tiktok-web-tx/tiktok/web/pns_fe_parental_control_vmok/static/css/async/__federation_expose_main.abb44d39.css was preloaded using link preload but not used within a few seconds from the window's load event. Please make sure it has an appropriate `as` value and it is preloaded intentionally. @ https://www.tiktok.com/setting?lang=es:0
[  554564ms] [WARNING] The resource https://lf16-tiktok-web.tiktokcdn-us.com/obj/tiktok-web-tx/tiktok/web/pns_fe_keyword_filtering_vmok/static/js/async/126.c9a90670.js was preloaded using link preload but not used within a few seconds from the window's load event. Please make sure it has an appropriate `as` value and it is preloaded intentionally. @ https://www.tiktok.com/setting?lang=es:0
[  554564ms] [WARNING] The resource https://lf16-tiktok-web.tiktokcdn-us.com/obj/tiktok-web-tx/tiktok/web/pns_fe_parental_control_vmok/static/js/async/lib-axios.56c5f961.js was preloaded using link preload but not used within a few seconds from the window's load event. Please make sure it has an appropriate `as` value and it is preloaded intentionally. @ https://www.tiktok.com/setting?lang=es:0
[  554564ms] [WARNING] The resource https://lf16-tiktok-web.tiktokcdn-us.com/obj/tiktok-web-tx/tiktok/web/pns_fe_keyword_filtering_vmok/static/js/async/606.7a63198e.js was preloaded using link preload but not used within a few seconds from the window's load event. Please make sure it has an appropriate `as` value and it is preloaded intentionally. @ https://www.tiktok.com/setting?lang=es:0
[  554564ms] [WARNING] The resource https://lf16-tiktok-web.tiktokcdn-us.com/obj/tiktok-web-tx/tiktok/web/pns_fe_keyword_filtering_vmok/static/css/async/__federation_expose_entry_react_bridge.569a7521.css was preloaded using link preload but not used within a few seconds from the window's load event. Please make sure it has an appropriate `as` value and it is preloaded intentionally. @ https://www.tiktok.com/setting?lang=es:0
[  554565ms] [WARNING] The resource https://lf16-tiktok-web.tiktokcdn-us.com/obj/tiktok-web-tx/tiktok/web/pns_fe_keyword_filtering_vmok/static/js/async/752.8dc09088.js was preloaded using link preload but not used within a few seconds from the window's load event. Please make sure it has an appropriate `as` value and it is preloaded intentionally. @ https://www.tiktok.com/setting?lang=es:0
[  554565ms] [WARNING] The resource https://lf16-tiktok-web.tiktokcdn-us.com/obj/tiktok-web-tx/tiktok/web/pns_fe_keyword_filtering_vmok/static/js/async/async-main.25610a11.js was preloaded using link preload but not used within a few seconds from the window's load event. Please make sure it has an appropriate `as` value and it is preloaded intentionally. @ https://www.tiktok.com/setting?lang=es:0
[  554565ms] [WARNING] The resource https://lf16-tiktok-web.tiktokcdn-us.com/obj/tiktok-web-tx/tiktok/web/pns_fe_keyword_filtering_vmok/static/js/async/lib-router.46d8bbc0.js was preloaded using link preload but not used within a few seconds from the window's load event. Please make sure it has an appropriate `as` value and it is preloaded intentionally. @ https://www.tiktok.com/setting?lang=es:0
[  554565ms] [WARNING] The resource https://lf16-tiktok-web.tiktokcdn-us.com/obj/tiktok-web-tx/tiktok/web/pns_fe_keyword_filtering_vmok/static/js/async/587.eafa5f92.js was preloaded using link preload but not used within a few seconds from the window's load event. Please make sure it has an appropriate `as` value and it is preloaded intentionally. @ https://www.tiktok.com/setting?lang=es:0
[  554565ms] [WARNING] The resource https://lf16-tiktok-web.tiktokcdn-us.com/obj/tiktok-web-tx/tiktok/web/pns_fe_keyword_filtering_vmok/static/js/async/593.f09ae1b5.js was preloaded using link preload but not used within a few seconds from the window's load event. Please make sure it has an appropriate `as` value and it is preloaded intentionally. @ https://www.tiktok.com/setting?lang=es:0
[  554565ms] [WARNING] The resource https://lf16-tiktok-web.tiktokcdn-us.com/obj/tiktok-web-tx/tiktok/web/pns_fe_parental_control_vmok/static/js/lib-polyfill.5e52839d.js was preloaded using link preload but not used within a few seconds from the window's load event. Please make sure it has an appropriate `as` value and it is preloaded intentionally. @ https://www.tiktok.com/setting?lang=es:0
[  554565ms] [WARNING] The resource https://lf16-tiktok-web.tiktokcdn-us.com/obj/tiktok-web-tx/tiktok/web/pns_fe_keyword_filtering_vmok/static/js/async/273.61871fe6.js was preloaded using link preload but not used within a few seconds from the window's load event. Please make sure it has an appropriate `as` value and it is preloaded intentionally. @ https://www.tiktok.com/setting?lang=es:0
[  554565ms] [WARNING] The resource https://lf16-tiktok-web.tiktokcdn-us.com/obj/tiktok-web-tx/tiktok/web/pns_fe_parental_control_vmok/static/js/async/9678.ae39123c.js was preloaded using link preload but not used within a few seconds from the window's load event. Please make sure it has an appropriate `as` value and it is preloaded intentionally. @ https://www.tiktok.com/setting?lang=es:0
[  554565ms] [WARNING] The resource https://lf16-tiktok-web.tiktokcdn-us.com/obj/tiktok-web-tx/tiktok/web/pns_fe_parental_control_vmok/static/js/async/__federation_expose_main.1a07efe8.js was preloaded using link preload but not used within a few seconds from the window's load event. Please make sure it has an appropriate `as` value and it is preloaded intentionally. @ https://www.tiktok.com/setting?lang=es:0
[  554565ms] [WARNING] The resource https://lf16-tiktok-web.tiktokcdn-us.com/obj/tiktok-web-tx/tiktok/web/pns_fe_keyword_filtering_vmok/static/js/async/__federation_expose_entry_react_bridge.247b132d.js was preloaded using link preload but not used within a few seconds from the window's load event. Please make sure it has an appropriate `as` value and it is preloaded intentionally. @ https://www.tiktok.com/setting?lang=es:0
[  554565ms] [WARNING] The resource https://lf16-tiktok-web.tiktokcdn-us.com/obj/tiktok-web-tx/tiktok/web/pns_fe_parental_control_vmok/static/js/async/lib-router.369091d5.js was preloaded using link preload but not used within a few seconds from the window's load event. Please make sure it has an appropriate `as` value and it is preloaded intentionally. @ https://www.tiktok.com/setting?lang=es:0
[  554565ms] [WARNING] The resource https://lf16-tiktok-web.tiktokcdn-us.com/obj/tiktok-web-tx/tiktok/web/pns_fe_keyword_filtering_vmok/static/js/async/argus-builder-strategy.a3264b45.js was preloaded using link preload but not used within a few seconds from the window's load event. Please make sure it has an appropriate `as` value and it is preloaded intentionally. @ https://www.tiktok.com/setting?lang=es:0
[  554565ms] [WARNING] The resource https://lf16-tiktok-web.tiktokcdn-us.com/obj/tiktok-web-tx/tiktok/web/pns_fe_keyword_filtering_vmok/static/js/async/lib-axios.8c284c11.js was preloaded using link preload but not used within a few seconds from the window's load event. Please make sure it has an appropriate `as` value and it is preloaded intentionally. @ https://www.tiktok.com/setting?lang=es:0
[  554565ms] [WARNING] The resource https://lf16-tiktok-web.tiktokcdn-us.com/obj/tiktok-web-tx/tiktok/web/pns_fe_keyword_filtering_vmok/static/js/lib-polyfill.2d9206bd.js was preloaded using link preload but not used within a few seconds from the window's load event. Please make sure it has an appropriate `as` value and it is preloaded intentionally. @ https://www.tiktok.com/setting?lang=es:0
[  554565ms] [WARNING] The resource https://lf16-tiktok-web.tiktokcdn-us.com/obj/tiktok-web-tx/tiktok/web/pns_fe_parental_control_vmok/static/css/async/3139.a5a9f032.css was preloaded using link preload but not used within a few seconds from the window's load event. Please make sure it has an appropriate `as` value and it is preloaded intentionally. @ https://www.tiktok.com/setting?lang=es:0
[  554565ms] [WARNING] The resource https://lf16-tiktok-web.tiktokcdn-us.com/obj/tiktok-web-tx/tiktok/web/pns_fe_parental_control_vmok/static/js/async/778.beddb8c0.js was preloaded using link preload but not used within a few seconds from the window's load event. Please make sure it has an appropriate `as` value and it is preloaded intentionally. @ https://www.tiktok.com/setting?lang=es:0
[  554565ms] [WARNING] The resource https://lf16-tiktok-web.tiktokcdn-us.com/obj/tiktok-web-tx/tiktok/web/pns_fe_parental_control_vmok/static/js/async/3139.dafaa0fc.js was preloaded using link preload but not used within a few seconds from the window's load event. Please make sure it has an appropriate `as` value and it is preloaded intentionally. @ https://www.tiktok.com/setting?lang=es:0
[  554565ms] [WARNING] The resource https://lf16-tiktok-web.tiktokcdn-us.com/obj/tiktok-web-tx/tiktok/web/pns_fe_keyword_filtering_vmok/static/css/async/126.f1acf961.css was preloaded using link preload but not used within a few seconds from the window's load event. Please make sure it has an appropriate `as` value and it is preloaded intentionally. @ https://www.tiktok.com/setting?lang=es:0
[  554565ms] [WARNING] The resource https://lf16-tiktok-web.tiktokcdn-us.com/obj/tiktok-web-tx/tiktok/web/pns_fe_parental_control_vmok/static/css/async/__federation_expose_main.abb44d39.css was preloaded using link preload but not used within a few seconds from the window's load event. Please make sure it has an appropriate `as` value and it is preloaded intentionally. @ https://www.tiktok.com/setting?lang=es:0
[  558098ms] [WARNING] The resource https://lf16-tiktok-web.tiktokcdn-us.com/obj/tiktok-web-tx/tiktok/web/pns_fe_keyword_filtering_vmok/static/js/async/126.c9a90670.js was preloaded using link preload but not used within a few seconds from the window's load event. Please make sure it has an appropriate `as` value and it is preloaded intentionally. @ https://www.tiktok.com/setting?lang=es:0
[  558098ms] [WARNING] The resource https://lf16-tiktok-web.tiktokcdn-us.com/obj/tiktok-web-tx/tiktok/web/pns_fe_parental_control_vmok/static/js/async/lib-axios.56c5f961.js was preloaded using link preload but not used within a few seconds from the window's load event. Please make sure it has an appropriate `as` value and it is preloaded intentionally. @ https://www.tiktok.com/setting?lang=es:0
[  558098ms] [WARNING] The resource https://lf16-tiktok-web.tiktokcdn-us.com/obj/tiktok-web-tx/tiktok/web/pns_fe_keyword_filtering_vmok/static/js/async/606.7a63198e.js was preloaded using link preload but not used within a few seconds from the window's load event. Please make sure it has an appropriate `as` value and it is preloaded intentionally. @ https://www.tiktok.com/setting?lang=es:0
[  558098ms] [WARNING] The resource https://lf16-tiktok-web.tiktokcdn-us.com/obj/tiktok-web-tx/tiktok/web/pns_fe_keyword_filtering_vmok/static/css/async/__federation_expose_entry_react_bridge.569a7521.css was preloaded using link preload but not used within a few seconds from the window's load event. Please make sure it has an appropriate `as` value and it is preloaded intentionally. @ https://www.tiktok.com/setting?lang=es:0
[  558098ms] [WARNING] The resource https://lf16-tiktok-web.tiktokcdn-us.com/obj/tiktok-web-tx/tiktok/web/pns_fe_keyword_filtering_vmok/static/js/async/752.8dc09088.js was preloaded using link preload but not used within a few seconds from the window's load event. Please make sure it has an appropriate `as` value and it is preloaded intentionally. @ https://www.tiktok.com/setting?lang=es:0
[  558098ms] [WARNING] The resource https://lf16-tiktok-web.tiktokcdn-us.com/obj/tiktok-web-tx/tiktok/web/pns_fe_keyword_filtering_vmok/static/js/async/async-main.25610a11.js was preloaded using link preload but not used within a few seconds from the window's load event. Please make sure it has an appropriate `as` value and it is preloaded intentionally. @ https://www.tiktok.com/setting?lang=es:0
[  558098ms] [WARNING] The resource https://lf16-tiktok-web.tiktokcdn-us.com/obj/tiktok-web-tx/tiktok/web/pns_fe_keyword_filtering_vmok/static/js/async/lib-router.46d8bbc0.js was preloaded using link preload but not used within a few seconds from the window's load event. Please make sure it has an appropriate `as` value and it is preloaded intentionally. @ https://www.tiktok.com/setting?lang=es:0
[  558098ms] [WARNING] The resource https://lf16-tiktok-web.tiktokcdn-us.com/obj/tiktok-web-tx/tiktok/web/pns_fe_keyword_filtering_vmok/static/js/async/587.eafa5f92.js was preloaded using link preload but not used within a few seconds from the window's load event. Please make sure it has an appropriate `as` value and it is preloaded intentionally. @ https://www.tiktok.com/setting?lang=es:0
[  558098ms] [WARNING] The resource https://lf16-tiktok-web.tiktokcdn-us.com/obj/tiktok-web-tx/tiktok/web/pns_fe_keyword_filtering_vmok/static/js/async/593.f09ae1b5.js was preloaded using link preload but not used within a few seconds from the window's load event. Please make sure it has an appropriate `as` value and it is preloaded intentionally. @ https://www.tiktok.com/setting?lang=es:0
[  558098ms] [WARNING] The resource https://lf16-tiktok-web.tiktokcdn-us.com/obj/tiktok-web-tx/tiktok/web/pns_fe_parental_control_vmok/static/js/lib-polyfill.5e52839d.js was preloaded using link preload but not used within a few seconds from the window's load event. Please make sure it has an appropriate `as` value and it is preloaded intentionally. @ https://www.tiktok.com/setting?lang=es:0
[  558098ms] [WARNING] The resource https://lf16-tiktok-web.tiktokcdn-us.com/obj/tiktok-web-tx/tiktok/web/pns_fe_keyword_filtering_vmok/static/js/async/273.61871fe6.js was preloaded using link preload but not used within a few seconds from the window's load event. Please make sure it has an appropriate `as` value and it is preloaded intentionally. @ https://www.tiktok.com/setting?lang=es:0
[  558098ms] [WARNING] The resource https://lf16-tiktok-web.tiktokcdn-us.com/obj/tiktok-web-tx/tiktok/web/pns_fe_parental_control_vmok/static/js/async/9678.ae39123c.js was preloaded using link preload but not used within a few seconds from the window's load event. Please make sure it has an appropriate `as` value and it is preloaded intentionally. @ https://www.tiktok.com/setting?lang=es:0
[  558098ms] [WARNING] The resource https://lf16-tiktok-web.tiktokcdn-us.com/obj/tiktok-web-tx/tiktok/web/pns_fe_parental_control_vmok/static/js/async/__federation_expose_main.1a07efe8.js was preloaded using link preload but not used within a few seconds from the window's load event. Please make sure it has an appropriate `as` value and it is preloaded intentionally. @ https://www.tiktok.com/setting?lang=es:0
[  558098ms] [WARNING] The resource https://lf16-tiktok-web.tiktokcdn-us.com/obj/tiktok-web-tx/tiktok/web/pns_fe_keyword_filtering_vmok/static/js/async/__federation_expose_entry_react_bridge.247b132d.js was preloaded using link preload but not used within a few seconds from the window's load event. Please make sure it has an appropriate `as` value and it is preloaded intentionally. @ https://www.tiktok.com/setting?lang=es:0
[  558098ms] [WARNING] The resource https://lf16-tiktok-web.tiktokcdn-us.com/obj/tiktok-web-tx/tiktok/web/pns_fe_parental_control_vmok/static/js/async/lib-router.369091d5.js was preloaded using link preload but not used within a few seconds from the window's load event. Please make sure it has an appropriate `as` value and it is preloaded intentionally. @ https://www.tiktok.com/setting?lang=es:0
[  558098ms] [WARNING] The resource https://lf16-tiktok-web.tiktokcdn-us.com/obj/tiktok-web-tx/tiktok/web/pns_fe_keyword_filtering_vmok/static/js/async/argus-builder-strategy.a3264b45.js was preloaded using link preload but not used within a few seconds from the window's load event. Please make sure it has an appropriate `as` value and it is preloaded intentionally. @ https://www.tiktok.com/setting?lang=es:0
[  558098ms] [WARNING] The resource https://lf16-tiktok-web.tiktokcdn-us.com/obj/tiktok-web-tx/tiktok/web/pns_fe_keyword_filtering_vmok/static/js/async/lib-axios.8c284c11.js was preloaded using link preload but not used within a few seconds from the window's load event. Please make sure it has an appropriate `as` value and it is preloaded intentionally. @ https://www.tiktok.com/setting?lang=es:0
[  558098ms] [WARNING] The resource https://lf16-tiktok-web.tiktokcdn-us.com/obj/tiktok-web-tx/tiktok/web/pns_fe_keyword_filtering_vmok/static/js/lib-polyfill.2d9206bd.js was preloaded using link preload but not used within a few seconds from the window's load event. Please make sure it has an appropriate `as` value and it is preloaded intentionally. @ https://www.tiktok.com/setting?lang=es:0
[  558098ms] [WARNING] The resource https://lf16-tiktok-web.tiktokcdn-us.com/obj/tiktok-web-tx/tiktok/web/pns_fe_parental_control_vmok/static/css/async/3139.a5a9f032.css was preloaded using link preload but not used within a few seconds from the window's load event. Please make sure it has an appropriate `as` value and it is preloaded intentionally. @ https://www.tiktok.com/setting?lang=es:0
[  558098ms] [WARNING] The resource https://lf16-tiktok-web.tiktokcdn-us.com/obj/tiktok-web-tx/tiktok/web/pns_fe_parental_control_vmok/static/js/async/778.beddb8c0.js was preloaded using link preload but not used within a few seconds from the window's load event. Please make sure it has an appropriate `as` value and it is preloaded intentionally. @ https://www.tiktok.com/setting?lang=es:0
[  558098ms] [WARNING] The resource https://lf16-tiktok-web.tiktokcdn-us.com/obj/tiktok-web-tx/tiktok/web/pns_fe_parental_control_vmok/static/js/async/3139.dafaa0fc.js was preloaded using link preload but not used within a few seconds from the window's load event. Please make sure it has an appropriate `as` value and it is preloaded intentionally. @ https://www.tiktok.com/setting?lang=es:0
[  558098ms] [WARNING] The resource https://lf16-tiktok-web.tiktokcdn-us.com/obj/tiktok-web-tx/tiktok/web/pns_fe_keyword_filtering_vmok/static/css/async/126.f1acf961.css was preloaded using link preload but not used within a few seconds from the window's load event. Please make sure it has an appropriate `as` value and it is preloaded intentionally. @ https://www.tiktok.com/setting?lang=es:0
[  558098ms] [WARNING] The resource https://lf16-tiktok-web.tiktokcdn-us.com/obj/tiktok-web-tx/tiktok/web/pns_fe_parental_control_vmok/static/css/async/__federation_expose_main.abb44d39.css was preloaded using link preload but not used within a few seconds from the window's load event. Please make sure it has an appropriate `as` value and it is preloaded intentionally. @ https://www.tiktok.com/setting?lang=es:0
[  564875ms] [WARNING] The resource https://lf16-tiktok-web.tiktokcdn-us.com/obj/tiktok-web-tx/tiktok/web/pns_fe_keyword_filtering_vmok/static/js/async/126.c9a90670.js was preloaded using link preload but not used within a few seconds from the window's load event. Please make sure it has an appropriate `as` value and it is preloaded intentionally. @ https://www.tiktok.com/setting?lang=es:0
[  564875ms] [WARNING] The resource https://lf16-tiktok-web.tiktokcdn-us.com/obj/tiktok-web-tx/tiktok/web/pns_fe_parental_control_vmok/static/js/async/lib-axios.56c5f961.js was preloaded using link preload but not used within a few seconds from the window's load event. Please make sure it has an appropriate `as` value and it is preloaded intentionally. @ https://www.tiktok.com/setting?lang=es:0
[  564875ms] [WARNING] The resource https://lf16-tiktok-web.tiktokcdn-us.com/obj/tiktok-web-tx/tiktok/web/pns_fe_keyword_filtering_vmok/static/js/async/606.7a63198e.js was preloaded using link preload but not used within a few seconds from the window's load event. Please make sure it has an appropriate `as` value and it is preloaded intentionally. @ https://www.tiktok.com/setting?lang=es:0
[  564875ms] [WARNING] The resource https://lf16-tiktok-web.tiktokcdn-us.com/obj/tiktok-web-tx/tiktok/web/pns_fe_keyword_filtering_vmok/static/css/async/__federation_expose_entry_react_bridge.569a7521.css was preloaded using link preload but not used within a few seconds from the window's load event. Please make sure it has an appropriate `as` value and it is preloaded intentionally. @ https://www.tiktok.com/setting?lang=es:0
[  564875ms] [WARNING] The resource https://lf16-tiktok-web.tiktokcdn-us.com/obj/tiktok-web-tx/tiktok/web/pns_fe_keyword_filtering_vmok/static/js/async/752.8dc09088.js was preloaded using link preload but not used within a few seconds from the window's load event. Please make sure it has an appropriate `as` value and it is preloaded intentionally. @ https://www.tiktok.com/setting?lang=es:0
[  564875ms] [WARNING] The resource https://lf16-tiktok-web.tiktokcdn-us.com/obj/tiktok-web-tx/tiktok/web/pns_fe_keyword_filtering_vmok/static/js/async/async-main.25610a11.js was preloaded using link preload but not used within a few seconds from the window's load event. Please make sure it has an appropriate `as` value and it is preloaded intentionally. @ https://www.tiktok.com/setting?lang=es:0
[  564875ms] [WARNING] The resource https://lf16-tiktok-web.tiktokcdn-us.com/obj/tiktok-web-tx/tiktok/web/pns_fe_keyword_filtering_vmok/static/js/async/lib-router.46d8bbc0.js was preloaded using link preload but not used within a few seconds from the window's load event. Please make sure it has an appropriate `as` value and it is preloaded intentionally. @ https://www.tiktok.com/setting?lang=es:0
[  564875ms] [WARNING] The resource https://lf16-tiktok-web.tiktokcdn-us.com/obj/tiktok-web-tx/tiktok/web/pns_fe_keyword_filtering_vmok/static/js/async/587.eafa5f92.js was preloaded using link preload but not used within a few seconds from the window's load event. Please make sure it has an appropriate `as` value and it is preloaded intentionally. @ https://www.tiktok.com/setting?lang=es:0
[  564875ms] [WARNING] The resource https://lf16-tiktok-web.tiktokcdn-us.com/obj/tiktok-web-tx/tiktok/web/pns_fe_keyword_filtering_vmok/static/js/async/593.f09ae1b5.js was preloaded using link preload but not used within a few seconds from the window's load event. Please make sure it has an appropriate `as` value and it is preloaded intentionally. @ https://www.tiktok.com/setting?lang=es:0
[  564875ms] [WARNING] The resource https://lf16-tiktok-web.tiktokcdn-us.com/obj/tiktok-web-tx/tiktok/web/pns_fe_parental_control_vmok/static/js/lib-polyfill.5e52839d.js was preloaded using link preload but not used within a few seconds from the window's load event. Please make sure it has an appropriate `as` value and it is preloaded intentionally. @ https://www.tiktok.com/setting?lang=es:0
[  564875ms] [WARNING] The resource https://lf16-tiktok-web.tiktokcdn-us.com/obj/tiktok-web-tx/tiktok/web/pns_fe_keyword_filtering_vmok/static/js/async/273.61871fe6.js was preloaded using link preload but not used within a few seconds from the window's load event. Please make sure it has an appropriate `as` value and it is preloaded intentionally. @ https://www.tiktok.com/setting?lang=es:0
[  564875ms] [WARNING] The resource https://lf16-tiktok-web.tiktokcdn-us.com/obj/tiktok-web-tx/tiktok/web/pns_fe_parental_control_vmok/static/js/async/9678.ae39123c.js was preloaded using link preload but not used within a few seconds from the window's load event. Please make sure it has an appropriate `as` value and it is preloaded intentionally. @ https://www.tiktok.com/setting?lang=es:0
[  564875ms] [WARNING] The resource https://lf16-tiktok-web.tiktokcdn-us.com/obj/tiktok-web-tx/tiktok/web/pns_fe_parental_control_vmok/static/js/async/__federation_expose_main.1a07efe8.js was preloaded using link preload but not used within a few seconds from the window's load event. Please make sure it has an appropriate `as` value and it is preloaded intentionally. @ https://www.tiktok.com/setting?lang=es:0
[  564875ms] [WARNING] The resource https://lf16-tiktok-web.tiktokcdn-us.com/obj/tiktok-web-tx/tiktok/web/pns_fe_keyword_filtering_vmok/static/js/async/__federation_expose_entry_react_bridge.247b132d.js was preloaded using link preload but not used within a few seconds from the window's load event. Please make sure it has an appropriate `as` value and it is preloaded intentionally. @ https://www.tiktok.com/setting?lang=es:0
[  564875ms] [WARNING] The resource https://lf16-tiktok-web.tiktokcdn-us.com/obj/tiktok-web-tx/tiktok/web/pns_fe_parental_control_vmok/static/js/async/lib-router.369091d5.js was preloaded using link preload but not used within a few seconds from the window's load event. Please make sure it has an appropriate `as` value and it is preloaded intentionally. @ https://www.tiktok.com/setting?lang=es:0
[  564875ms] [WARNING] The resource https://lf16-tiktok-web.tiktokcdn-us.com/obj/tiktok-web-tx/tiktok/web/pns_fe_keyword_filtering_vmok/static/js/async/argus-builder-strategy.a3264b45.js was preloaded using link preload but not used within a few seconds from the window's load event. Please make sure it has an appropriate `as` value and it is preloaded intentionally. @ https://www.tiktok.com/setting?lang=es:0
[  564876ms] [WARNING] The resource https://lf16-tiktok-web.tiktokcdn-us.com/obj/tiktok-web-tx/tiktok/web/pns_fe_keyword_filtering_vmok/static/js/async/lib-axios.8c284c11.js was preloaded using link preload but not used within a few seconds from the window's load event. Please make sure it has an appropriate `as` value and it is preloaded intentionally. @ https://www.tiktok.com/setting?lang=es:0
[  564876ms] [WARNING] The resource https://lf16-tiktok-web.tiktokcdn-us.com/obj/tiktok-web-tx/tiktok/web/pns_fe_keyword_filtering_vmok/static/js/lib-polyfill.2d9206bd.js was preloaded using link preload but not used within a few seconds from the window's load event. Please make sure it has an appropriate `as` value and it is preloaded intentionally. @ https://www.tiktok.com/setting?lang=es:0
[  564876ms] [WARNING] The resource https://lf16-tiktok-web.tiktokcdn-us.com/obj/tiktok-web-tx/tiktok/web/pns_fe_parental_control_vmok/static/css/async/3139.a5a9f032.css was preloaded using link preload but not used within a few seconds from the window's load event. Please make sure it has an appropriate `as` value and it is preloaded intentionally. @ https://www.tiktok.com/setting?lang=es:0
[  564876ms] [WARNING] The resource https://lf16-tiktok-web.tiktokcdn-us.com/obj/tiktok-web-tx/tiktok/web/pns_fe_parental_control_vmok/static/js/async/778.beddb8c0.js was preloaded using link preload but not used within a few seconds from the window's load event. Please make sure it has an appropriate `as` value and it is preloaded intentionally. @ https://www.tiktok.com/setting?lang=es:0
[  564876ms] [WARNING] The resource https://lf16-tiktok-web.tiktokcdn-us.com/obj/tiktok-web-tx/tiktok/web/pns_fe_parental_control_vmok/static/js/async/3139.dafaa0fc.js was preloaded using link preload but not used within a few seconds from the window's load event. Please make sure it has an appropriate `as` value and it is preloaded intentionally. @ https://www.tiktok.com/setting?lang=es:0
[  564876ms] [WARNING] The resource https://lf16-tiktok-web.tiktokcdn-us.com/obj/tiktok-web-tx/tiktok/web/pns_fe_keyword_filtering_vmok/static/css/async/126.f1acf961.css was preloaded using link preload but not used within a few seconds from the window's load event. Please make sure it has an appropriate `as` value and it is preloaded intentionally. @ https://www.tiktok.com/setting?lang=es:0
[  564876ms] [WARNING] The resource https://lf16-tiktok-web.tiktokcdn-us.com/obj/tiktok-web-tx/tiktok/web/pns_fe_parental_control_vmok/static/css/async/__federation_expose_main.abb44d39.css was preloaded using link preload but not used within a few seconds from the window's load event. Please make sure it has an appropriate `as` value and it is preloaded intentionally. @ https://www.tiktok.com/setting?lang=es:0
[  568320ms] [WARNING] The resource https://lf16-tiktok-web.tiktokcdn-us.com/obj/tiktok-web-tx/tiktok/web/pns_fe_keyword_filtering_vmok/static/js/async/126.c9a90670.js was preloaded using link preload but not used within a few seconds from the window's load event. Please make sure it has an appropriate `as` value and it is preloaded intentionally. @ https://www.tiktok.com/setting?lang=es:0
[  568320ms] [WARNING] The resource https://lf16-tiktok-web.tiktokcdn-us.com/obj/tiktok-web-tx/tiktok/web/pns_fe_parental_control_vmok/static/js/async/lib-axios.56c5f961.js was preloaded using link preload but not used within a few seconds from the window's load event. Please make sure it has an appropriate `as` value and it is preloaded intentionally. @ https://www.tiktok.com/setting?lang=es:0
[  568321ms] [WARNING] The resource https://lf16-tiktok-web.tiktokcdn-us.com/obj/tiktok-web-tx/tiktok/web/pns_fe_keyword_filtering_vmok/static/js/async/606.7a63198e.js was preloaded using link preload but not used within a few seconds from the window's load event. Please make sure it has an appropriate `as` value and it is preloaded intentionally. @ https://www.tiktok.com/setting?lang=es:0
[  568321ms] [WARNING] The resource https://lf16-tiktok-web.tiktokcdn-us.com/obj/tiktok-web-tx/tiktok/web/pns_fe_keyword_filtering_vmok/static/css/async/__federation_expose_entry_react_bridge.569a7521.css was preloaded using link preload but not used within a few seconds from the window's load event. Please make sure it has an appropriate `as` value and it is preloaded intentionally. @ https://www.tiktok.com/setting?lang=es:0
[  568321ms] [WARNING] The resource https://lf16-tiktok-web.tiktokcdn-us.com/obj/tiktok-web-tx/tiktok/web/pns_fe_keyword_filtering_vmok/static/js/async/752.8dc09088.js was preloaded using link preload but not used within a few seconds from the window's load event. Please make sure it has an appropriate `as` value and it is preloaded intentionally. @ https://www.tiktok.com/setting?lang=es:0
[  568321ms] [WARNING] The resource https://lf16-tiktok-web.tiktokcdn-us.com/obj/tiktok-web-tx/tiktok/web/pns_fe_keyword_filtering_vmok/static/js/async/async-main.25610a11.js was preloaded using link preload but not used within a few seconds from the window's load event. Please make sure it has an appropriate `as` value and it is preloaded intentionally. @ https://www.tiktok.com/setting?lang=es:0
[  568321ms] [WARNING] The resource https://lf16-tiktok-web.tiktokcdn-us.com/obj/tiktok-web-tx/tiktok/web/pns_fe_keyword_filtering_vmok/static/js/async/lib-router.46d8bbc0.js was preloaded using link preload but not used within a few seconds from the window's load event. Please make sure it has an appropriate `as` value and it is preloaded intentionally. @ https://www.tiktok.com/setting?lang=es:0
[  568321ms] [WARNING] The resource https://lf16-tiktok-web.tiktokcdn-us.com/obj/tiktok-web-tx/tiktok/web/pns_fe_keyword_filtering_vmok/static/js/async/587.eafa5f92.js was preloaded using link preload but not used within a few seconds from the window's load event. Please make sure it has an appropriate `as` value and it is preloaded intentionally. @ https://www.tiktok.com/setting?lang=es:0
[  568321ms] [WARNING] The resource https://lf16-tiktok-web.tiktokcdn-us.com/obj/tiktok-web-tx/tiktok/web/pns_fe_keyword_filtering_vmok/static/js/async/593.f09ae1b5.js was preloaded using link preload but not used within a few seconds from the window's load event. Please make sure it has an appropriate `as` value and it is preloaded intentionally. @ https://www.tiktok.com/setting?lang=es:0
[  568321ms] [WARNING] The resource https://lf16-tiktok-web.tiktokcdn-us.com/obj/tiktok-web-tx/tiktok/web/pns_fe_parental_control_vmok/static/js/lib-polyfill.5e52839d.js was preloaded using link preload but not used within a few seconds from the window's load event. Please make sure it has an appropriate `as` value and it is preloaded intentionally. @ https://www.tiktok.com/setting?lang=es:0
[  568321ms] [WARNING] The resource https://lf16-tiktok-web.tiktokcdn-us.com/obj/tiktok-web-tx/tiktok/web/pns_fe_keyword_filtering_vmok/static/js/async/273.61871fe6.js was preloaded using link preload but not used within a few seconds from the window's load event. Please make sure it has an appropriate `as` value and it is preloaded intentionally. @ https://www.tiktok.com/setting?lang=es:0
[  568321ms] [WARNING] The resource https://lf16-tiktok-web.tiktokcdn-us.com/obj/tiktok-web-tx/tiktok/web/pns_fe_parental_control_vmok/static/js/async/9678.ae39123c.js was preloaded using link preload but not used within a few seconds from the window's load event. Please make sure it has an appropriate `as` value and it is preloaded intentionally. @ https://www.tiktok.com/setting?lang=es:0
[  568321ms] [WARNING] The resource https://lf16-tiktok-web.tiktokcdn-us.com/obj/tiktok-web-tx/tiktok/web/pns_fe_parental_control_vmok/static/js/async/__federation_expose_main.1a07efe8.js was preloaded using link preload but not used within a few seconds from the window's load event. Please make sure it has an appropriate `as` value and it is preloaded intentionally. @ https://www.tiktok.com/setting?lang=es:0
[  568321ms] [WARNING] The resource https://lf16-tiktok-web.tiktokcdn-us.com/obj/tiktok-web-tx/tiktok/web/pns_fe_keyword_filtering_vmok/static/js/async/__federation_expose_entry_react_bridge.247b132d.js was preloaded using link preload but not used within a few seconds from the window's load event. Please make sure it has an appropriate `as` value and it is preloaded intentionally. @ https://www.tiktok.com/setting?lang=es:0
[  568321ms] [WARNING] The resource https://lf16-tiktok-web.tiktokcdn-us.com/obj/tiktok-web-tx/tiktok/web/pns_fe_parental_control_vmok/static/js/async/lib-router.369091d5.js was preloaded using link preload but not used within a few seconds from the window's load event. Please make sure it has an appropriate `as` value and it is preloaded intentionally. @ https://www.tiktok.com/setting?lang=es:0
[  568321ms] [WARNING] The resource https://lf16-tiktok-web.tiktokcdn-us.com/obj/tiktok-web-tx/tiktok/web/pns_fe_keyword_filtering_vmok/static/js/async/argus-builder-strategy.a3264b45.js was preloaded using link preload but not used within a few seconds from the window's load event. Please make sure it has an appropriate `as` value and it is preloaded intentionally. @ https://www.tiktok.com/setting?lang=es:0
[  568321ms] [WARNING] The resource https://lf16-tiktok-web.tiktokcdn-us.com/obj/tiktok-web-tx/tiktok/web/pns_fe_keyword_filtering_vmok/static/js/async/lib-axios.8c284c11.js was preloaded using link preload but not used within a few seconds from the window's load event. Please make sure it has an appropriate `as` value and it is preloaded intentionally. @ https://www.tiktok.com/setting?lang=es:0
[  568321ms] [WARNING] The resource https://lf16-tiktok-web.tiktokcdn-us.com/obj/tiktok-web-tx/tiktok/web/pns_fe_keyword_filtering_vmok/static/js/lib-polyfill.2d9206bd.js was preloaded using link preload but not used within a few seconds from the window's load event. Please make sure it has an appropriate `as` value and it is preloaded intentionally. @ https://www.tiktok.com/setting?lang=es:0
[  568321ms] [WARNING] The resource https://lf16-tiktok-web.tiktokcdn-us.com/obj/tiktok-web-tx/tiktok/web/pns_fe_parental_control_vmok/static/css/async/3139.a5a9f032.css was preloaded using link preload but not used within a few seconds from the window's load event. Please make sure it has an appropriate `as` value and it is preloaded intentionally. @ https://www.tiktok.com/setting?lang=es:0
[  568321ms] [WARNING] The resource https://lf16-tiktok-web.tiktokcdn-us.com/obj/tiktok-web-tx/tiktok/web/pns_fe_parental_control_vmok/static/js/async/778.beddb8c0.js was preloaded using link preload but not used within a few seconds from the window's load event. Please make sure it has an appropriate `as` value and it is preloaded intentionally. @ https://www.tiktok.com/setting?lang=es:0
[  568321ms] [WARNING] The resource https://lf16-tiktok-web.tiktokcdn-us.com/obj/tiktok-web-tx/tiktok/web/pns_fe_parental_control_vmok/static/js/async/3139.dafaa0fc.js was preloaded using link preload but not used within a few seconds from the window's load event. Please make sure it has an appropriate `as` value and it is preloaded intentionally. @ https://www.tiktok.com/setting?lang=es:0
[  568321ms] [WARNING] The resource https://lf16-tiktok-web.tiktokcdn-us.com/obj/tiktok-web-tx/tiktok/web/pns_fe_keyword_filtering_vmok/static/css/async/126.f1acf961.css was preloaded using link preload but not used within a few seconds from the window's load event. Please make sure it has an appropriate `as` value and it is preloaded intentionally. @ https://www.tiktok.com/setting?lang=es:0
[  568321ms] [WARNING] The resource https://lf16-tiktok-web.tiktokcdn-us.com/obj/tiktok-web-tx/tiktok/web/pns_fe_parental_control_vmok/static/css/async/__federation_expose_main.abb44d39.css was preloaded using link preload but not used within a few seconds from the window's load event. Please make sure it has an appropriate `as` value and it is preloaded intentionally. @ https://www.tiktok.com/setting?lang=es:0
[  575082ms] [WARNING] The resource https://lf16-tiktok-web.tiktokcdn-us.com/obj/tiktok-web-tx/tiktok/web/pns_fe_keyword_filtering_vmok/static/js/async/126.c9a90670.js was preloaded using link preload but not used within a few seconds from the window's load event. Please make sure it has an appropriate `as` value and it is preloaded intentionally. @ https://www.tiktok.com/setting?lang=es:0
[  575082ms] [WARNING] The resource https://lf16-tiktok-web.tiktokcdn-us.com/obj/tiktok-web-tx/tiktok/web/pns_fe_parental_control_vmok/static/js/async/lib-axios.56c5f961.js was preloaded using link preload but not used within a few seconds from the window's load event. Please make sure it has an appropriate `as` value and it is preloaded intentionally. @ https://www.tiktok.com/setting?lang=es:0
[  575082ms] [WARNING] The resource https://lf16-tiktok-web.tiktokcdn-us.com/obj/tiktok-web-tx/tiktok/web/pns_fe_keyword_filtering_vmok/static/js/async/606.7a63198e.js was preloaded using link preload but not used within a few seconds from the window's load event. Please make sure it has an appropriate `as` value and it is preloaded intentionally. @ https://www.tiktok.com/setting?lang=es:0
[  575082ms] [WARNING] The resource https://lf16-tiktok-web.tiktokcdn-us.com/obj/tiktok-web-tx/tiktok/web/pns_fe_keyword_filtering_vmok/static/css/async/__federation_expose_entry_react_bridge.569a7521.css was preloaded using link preload but not used within a few seconds from the window's load event. Please make sure it has an appropriate `as` value and it is preloaded intentionally. @ https://www.tiktok.com/setting?lang=es:0
[  575082ms] [WARNING] The resource https://lf16-tiktok-web.tiktokcdn-us.com/obj/tiktok-web-tx/tiktok/web/pns_fe_keyword_filtering_vmok/static/js/async/752.8dc09088.js was preloaded using link preload but not used within a few seconds from the window's load event. Please make sure it has an appropriate `as` value and it is preloaded intentionally. @ https://www.tiktok.com/setting?lang=es:0
[  575082ms] [WARNING] The resource https://lf16-tiktok-web.tiktokcdn-us.com/obj/tiktok-web-tx/tiktok/web/pns_fe_keyword_filtering_vmok/static/js/async/async-main.25610a11.js was preloaded using link preload but not used within a few seconds from the window's load event. Please make sure it has an appropriate `as` value and it is preloaded intentionally. @ https://www.tiktok.com/setting?lang=es:0
[  575082ms] [WARNING] The resource https://lf16-tiktok-web.tiktokcdn-us.com/obj/tiktok-web-tx/tiktok/web/pns_fe_keyword_filtering_vmok/static/js/async/lib-router.46d8bbc0.js was preloaded using link preload but not used within a few seconds from the window's load event. Please make sure it has an appropriate `as` value and it is preloaded intentionally. @ https://www.tiktok.com/setting?lang=es:0
[  575082ms] [WARNING] The resource https://lf16-tiktok-web.tiktokcdn-us.com/obj/tiktok-web-tx/tiktok/web/pns_fe_keyword_filtering_vmok/static/js/async/587.eafa5f92.js was preloaded using link preload but not used within a few seconds from the window's load event. Please make sure it has an appropriate `as` value and it is preloaded intentionally. @ https://www.tiktok.com/setting?lang=es:0
[  575082ms] [WARNING] The resource https://lf16-tiktok-web.tiktokcdn-us.com/obj/tiktok-web-tx/tiktok/web/pns_fe_keyword_filtering_vmok/static/js/async/593.f09ae1b5.js was preloaded using link preload but not used within a few seconds from the window's load event. Please make sure it has an appropriate `as` value and it is preloaded intentionally. @ https://www.tiktok.com/setting?lang=es:0
[  575082ms] [WARNING] The resource https://lf16-tiktok-web.tiktokcdn-us.com/obj/tiktok-web-tx/tiktok/web/pns_fe_parental_control_vmok/static/js/lib-polyfill.5e52839d.js was preloaded using link preload but not used within a few seconds from the window's load event. Please make sure it has an appropriate `as` value and it is preloaded intentionally. @ https://www.tiktok.com/setting?lang=es:0
[  575082ms] [WARNING] The resource https://lf16-tiktok-web.tiktokcdn-us.com/obj/tiktok-web-tx/tiktok/web/pns_fe_keyword_filtering_vmok/static/js/async/273.61871fe6.js was preloaded using link preload but not used within a few seconds from the window's load event. Please make sure it has an appropriate `as` value and it is preloaded intentionally. @ https://www.tiktok.com/setting?lang=es:0
[  575082ms] [WARNING] The resource https://lf16-tiktok-web.tiktokcdn-us.com/obj/tiktok-web-tx/tiktok/web/pns_fe_parental_control_vmok/static/js/async/9678.ae39123c.js was preloaded using link preload but not used within a few seconds from the window's load event. Please make sure it has an appropriate `as` value and it is preloaded intentionally. @ https://www.tiktok.com/setting?lang=es:0
[  575082ms] [WARNING] The resource https://lf16-tiktok-web.tiktokcdn-us.com/obj/tiktok-web-tx/tiktok/web/pns_fe_parental_control_vmok/static/js/async/__federation_expose_main.1a07efe8.js was preloaded using link preload but not used within a few seconds from the window's load event. Please make sure it has an appropriate `as` value and it is preloaded intentionally. @ https://www.tiktok.com/setting?lang=es:0
[  575082ms] [WARNING] The resource https://lf16-tiktok-web.tiktokcdn-us.com/obj/tiktok-web-tx/tiktok/web/pns_fe_keyword_filtering_vmok/static/js/async/__federation_expose_entry_react_bridge.247b132d.js was preloaded using link preload but not used within a few seconds from the window's load event. Please make sure it has an appropriate `as` value and it is preloaded intentionally. @ https://www.tiktok.com/setting?lang=es:0
[  575082ms] [WARNING] The resource https://lf16-tiktok-web.tiktokcdn-us.com/obj/tiktok-web-tx/tiktok/web/pns_fe_parental_control_vmok/static/js/async/lib-router.369091d5.js was preloaded using link preload but not used within a few seconds from the window's load event. Please make sure it has an appropriate `as` value and it is preloaded intentionally. @ https://www.tiktok.com/setting?lang=es:0
[  575082ms] [WARNING] The resource https://lf16-tiktok-web.tiktokcdn-us.com/obj/tiktok-web-tx/tiktok/web/pns_fe_keyword_filtering_vmok/static/js/async/argus-builder-strategy.a3264b45.js was preloaded using link preload but not used within a few seconds from the window's load event. Please make sure it has an appropriate `as` value and it is preloaded intentionally. @ https://www.tiktok.com/setting?lang=es:0
[  575082ms] [WARNING] The resource https://lf16-tiktok-web.tiktokcdn-us.com/obj/tiktok-web-tx/tiktok/web/pns_fe_keyword_filtering_vmok/static/js/async/lib-axios.8c284c11.js was preloaded using link preload but not used within a few seconds from the window's load event. Please make sure it has an appropriate `as` value and it is preloaded intentionally. @ https://www.tiktok.com/setting?lang=es:0
[  575083ms] [WARNING] The resource https://lf16-tiktok-web.tiktokcdn-us.com/obj/tiktok-web-tx/tiktok/web/pns_fe_keyword_filtering_vmok/static/js/lib-polyfill.2d9206bd.js was preloaded using link preload but not used within a few seconds from the window's load event. Please make sure it has an appropriate `as` value and it is preloaded intentionally. @ https://www.tiktok.com/setting?lang=es:0
[  575083ms] [WARNING] The resource https://lf16-tiktok-web.tiktokcdn-us.com/obj/tiktok-web-tx/tiktok/web/pns_fe_parental_control_vmok/static/css/async/3139.a5a9f032.css was preloaded using link preload but not used within a few seconds from the window's load event. Please make sure it has an appropriate `as` value and it is preloaded intentionally. @ https://www.tiktok.com/setting?lang=es:0
[  575083ms] [WARNING] The resource https://lf16-tiktok-web.tiktokcdn-us.com/obj/tiktok-web-tx/tiktok/web/pns_fe_parental_control_vmok/static/js/async/778.beddb8c0.js was preloaded using link preload but not used within a few seconds from the window's load event. Please make sure it has an appropriate `as` value and it is preloaded intentionally. @ https://www.tiktok.com/setting?lang=es:0
[  575083ms] [WARNING] The resource https://lf16-tiktok-web.tiktokcdn-us.com/obj/tiktok-web-tx/tiktok/web/pns_fe_parental_control_vmok/static/js/async/3139.dafaa0fc.js was preloaded using link preload but not used within a few seconds from the window's load event. Please make sure it has an appropriate `as` value and it is preloaded intentionally. @ https://www.tiktok.com/setting?lang=es:0
[  575083ms] [WARNING] The resource https://lf16-tiktok-web.tiktokcdn-us.com/obj/tiktok-web-tx/tiktok/web/pns_fe_keyword_filtering_vmok/static/css/async/126.f1acf961.css was preloaded using link preload but not used within a few seconds from the window's load event. Please make sure it has an appropriate `as` value and it is preloaded intentionally. @ https://www.tiktok.com/setting?lang=es:0
[  575083ms] [WARNING] The resource https://lf16-tiktok-web.tiktokcdn-us.com/obj/tiktok-web-tx/tiktok/web/pns_fe_parental_control_vmok/static/css/async/__federation_expose_main.abb44d39.css was preloaded using link preload but not used within a few seconds from the window's load event. Please make sure it has an appropriate `as` value and it is preloaded intentionally. @ https://www.tiktok.com/setting?lang=es:0
[  585613ms] [WARNING] The resource https://lf16-tiktok-web.tiktokcdn-us.com/obj/tiktok-web-tx/tiktok/web/pns_fe_keyword_filtering_vmok/static/js/async/126.c9a90670.js was preloaded using link preload but not used within a few seconds from the window's load event. Please make sure it has an appropriate `as` value and it is preloaded intentionally. @ https://www.tiktok.com/setting?lang=es:0
[  585613ms] [WARNING] The resource https://lf16-tiktok-web.tiktokcdn-us.com/obj/tiktok-web-tx/tiktok/web/pns_fe_parental_control_vmok/static/js/async/lib-axios.56c5f961.js was preloaded using link preload but not used within a few seconds from the window's load event. Please make sure it has an appropriate `as` value and it is preloaded intentionally. @ https://www.tiktok.com/setting?lang=es:0
[  585613ms] [WARNING] The resource https://lf16-tiktok-web.tiktokcdn-us.com/obj/tiktok-web-tx/tiktok/web/pns_fe_keyword_filtering_vmok/static/js/async/606.7a63198e.js was preloaded using link preload but not used within a few seconds from the window's load event. Please make sure it has an appropriate `as` value and it is preloaded intentionally. @ https://www.tiktok.com/setting?lang=es:0
[  585613ms] [WARNING] The resource https://lf16-tiktok-web.tiktokcdn-us.com/obj/tiktok-web-tx/tiktok/web/pns_fe_keyword_filtering_vmok/static/css/async/__federation_expose_entry_react_bridge.569a7521.css was preloaded using link preload but not used within a few seconds from the window's load event. Please make sure it has an appropriate `as` value and it is preloaded intentionally. @ https://www.tiktok.com/setting?lang=es:0
[  585613ms] [WARNING] The resource https://lf16-tiktok-web.tiktokcdn-us.com/obj/tiktok-web-tx/tiktok/web/pns_fe_keyword_filtering_vmok/static/js/async/752.8dc09088.js was preloaded using link preload but not used within a few seconds from the window's load event. Please make sure it has an appropriate `as` value and it is preloaded intentionally. @ https://www.tiktok.com/setting?lang=es:0
[  585613ms] [WARNING] The resource https://lf16-tiktok-web.tiktokcdn-us.com/obj/tiktok-web-tx/tiktok/web/pns_fe_keyword_filtering_vmok/static/js/async/async-main.25610a11.js was preloaded using link preload but not used within a few seconds from the window's load event. Please make sure it has an appropriate `as` value and it is preloaded intentionally. @ https://www.tiktok.com/setting?lang=es:0
[  585613ms] [WARNING] The resource https://lf16-tiktok-web.tiktokcdn-us.com/obj/tiktok-web-tx/tiktok/web/pns_fe_keyword_filtering_vmok/static/js/async/lib-router.46d8bbc0.js was preloaded using link preload but not used within a few seconds from the window's load event. Please make sure it has an appropriate `as` value and it is preloaded intentionally. @ https://www.tiktok.com/setting?lang=es:0
[  585613ms] [WARNING] The resource https://lf16-tiktok-web.tiktokcdn-us.com/obj/tiktok-web-tx/tiktok/web/pns_fe_keyword_filtering_vmok/static/js/async/587.eafa5f92.js was preloaded using link preload but not used within a few seconds from the window's load event. Please make sure it has an appropriate `as` value and it is preloaded intentionally. @ https://www.tiktok.com/setting?lang=es:0
[  585613ms] [WARNING] The resource https://lf16-tiktok-web.tiktokcdn-us.com/obj/tiktok-web-tx/tiktok/web/pns_fe_keyword_filtering_vmok/static/js/async/593.f09ae1b5.js was preloaded using link preload but not used within a few seconds from the window's load event. Please make sure it has an appropriate `as` value and it is preloaded intentionally. @ https://www.tiktok.com/setting?lang=es:0
[  585613ms] [WARNING] The resource https://lf16-tiktok-web.tiktokcdn-us.com/obj/tiktok-web-tx/tiktok/web/pns_fe_parental_control_vmok/static/js/lib-polyfill.5e52839d.js was preloaded using link preload but not used within a few seconds from the window's load event. Please make sure it has an appropriate `as` value and it is preloaded intentionally. @ https://www.tiktok.com/setting?lang=es:0
[  585613ms] [WARNING] The resource https://lf16-tiktok-web.tiktokcdn-us.com/obj/tiktok-web-tx/tiktok/web/pns_fe_keyword_filtering_vmok/static/js/async/273.61871fe6.js was preloaded using link preload but not used within a few seconds from the window's load event. Please make sure it has an appropriate `as` value and it is preloaded intentionally. @ https://www.tiktok.com/setting?lang=es:0
[  585613ms] [WARNING] The resource https://lf16-tiktok-web.tiktokcdn-us.com/obj/tiktok-web-tx/tiktok/web/pns_fe_parental_control_vmok/static/js/async/9678.ae39123c.js was preloaded using link preload but not used within a few seconds from the window's load event. Please make sure it has an appropriate `as` value and it is preloaded intentionally. @ https://www.tiktok.com/setting?lang=es:0
[  585613ms] [WARNING] The resource https://lf16-tiktok-web.tiktokcdn-us.com/obj/tiktok-web-tx/tiktok/web/pns_fe_parental_control_vmok/static/js/async/__federation_expose_main.1a07efe8.js was preloaded using link preload but not used within a few seconds from the window's load event. Please make sure it has an appropriate `as` value and it is preloaded intentionally. @ https://www.tiktok.com/setting?lang=es:0
[  585613ms] [WARNING] The resource https://lf16-tiktok-web.tiktokcdn-us.com/obj/tiktok-web-tx/tiktok/web/pns_fe_keyword_filtering_vmok/static/js/async/__federation_expose_entry_react_bridge.247b132d.js was preloaded using link preload but not used within a few seconds from the window's load event. Please make sure it has an appropriate `as` value and it is preloaded intentionally. @ https://www.tiktok.com/setting?lang=es:0
[  585613ms] [WARNING] The resource https://lf16-tiktok-web.tiktokcdn-us.com/obj/tiktok-web-tx/tiktok/web/pns_fe_parental_control_vmok/static/js/async/lib-router.369091d5.js was preloaded using link preload but not used within a few seconds from the window's load event. Please make sure it has an appropriate `as` value and it is preloaded intentionally. @ https://www.tiktok.com/setting?lang=es:0
[  585613ms] [WARNING] The resource https://lf16-tiktok-web.tiktokcdn-us.com/obj/tiktok-web-tx/tiktok/web/pns_fe_keyword_filtering_vmok/static/js/async/argus-builder-strategy.a3264b45.js was preloaded using link preload but not used within a few seconds from the window's load event. Please make sure it has an appropriate `as` value and it is preloaded intentionally. @ https://www.tiktok.com/setting?lang=es:0
[  585613ms] [WARNING] The resource https://lf16-tiktok-web.tiktokcdn-us.com/obj/tiktok-web-tx/tiktok/web/pns_fe_keyword_filtering_vmok/static/js/async/lib-axios.8c284c11.js was preloaded using link preload but not used within a few seconds from the window's load event. Please make sure it has an appropriate `as` value and it is preloaded intentionally. @ https://www.tiktok.com/setting?lang=es:0
[  585613ms] [WARNING] The resource https://lf16-tiktok-web.tiktokcdn-us.com/obj/tiktok-web-tx/tiktok/web/pns_fe_keyword_filtering_vmok/static/js/lib-polyfill.2d9206bd.js was preloaded using link preload but not used within a few seconds from the window's load event. Please make sure it has an appropriate `as` value and it is preloaded intentionally. @ https://www.tiktok.com/setting?lang=es:0
[  585613ms] [WARNING] The resource https://lf16-tiktok-web.tiktokcdn-us.com/obj/tiktok-web-tx/tiktok/web/pns_fe_parental_control_vmok/static/css/async/3139.a5a9f032.css was preloaded using link preload but not used within a few seconds from the window's load event. Please make sure it has an appropriate `as` value and it is preloaded intentionally. @ https://www.tiktok.com/setting?lang=es:0
[  585613ms] [WARNING] The resource https://lf16-tiktok-web.tiktokcdn-us.com/obj/tiktok-web-tx/tiktok/web/pns_fe_parental_control_vmok/static/js/async/778.beddb8c0.js was preloaded using link preload but not used within a few seconds from the window's load event. Please make sure it has an appropriate `as` value and it is preloaded intentionally. @ https://www.tiktok.com/setting?lang=es:0
[  585613ms] [WARNING] The resource https://lf16-tiktok-web.tiktokcdn-us.com/obj/tiktok-web-tx/tiktok/web/pns_fe_parental_control_vmok/static/js/async/3139.dafaa0fc.js was preloaded using link preload but not used within a few seconds from the window's load event. Please make sure it has an appropriate `as` value and it is preloaded intentionally. @ https://www.tiktok.com/setting?lang=es:0
[  585613ms] [WARNING] The resource https://lf16-tiktok-web.tiktokcdn-us.com/obj/tiktok-web-tx/tiktok/web/pns_fe_keyword_filtering_vmok/static/css/async/126.f1acf961.css was preloaded using link preload but not used within a few seconds from the window's load event. Please make sure it has an appropriate `as` value and it is preloaded intentionally. @ https://www.tiktok.com/setting?lang=es:0
[  585613ms] [WARNING] The resource https://lf16-tiktok-web.tiktokcdn-us.com/obj/tiktok-web-tx/tiktok/web/pns_fe_parental_control_vmok/static/css/async/__federation_expose_main.abb44d39.css was preloaded using link preload but not used within a few seconds from the window's load event. Please make sure it has an appropriate `as` value and it is preloaded intentionally. @ https://www.tiktok.com/setting?lang=es:0
[  595791ms] [INFO] . @ https://lf16-tiktok-web.tiktokcdn-us.com/obj/tiktok-web-tx/webmssdk/2.0.0.412/webmssdk.js:0
[  595867ms] [WARNING] [DEPRECATED] Default export is deprecated. Instead use `import { create } from 'zustand'`. @ https://lf16-tiktok-web.tiktokcdn-us.com/obj/tiktok-web-tx/ies/creator-center-web/static/js/3261.230490cc.js:1
[  595868ms] [WARNING] [DEPRECATED] Default export is deprecated. Instead use `import { create } from 'zustand'`. @ https://lf16-tiktok-web.tiktokcdn-us.com/obj/tiktok-web-tx/ies/creator-center-web/static/js/3261.230490cc.js:1
[  595890ms] [WARNING] [DEPRECATED] Default export is deprecated. Instead use `import { create } from 'zustand'`. @ https://lf16-tiktok-web.tiktokcdn-us.com/obj/tiktok-web-tx/ies/creator-center-web/static/js/3261.230490cc.js:1
[  595944ms] [WARNING] <meta name="apple-mobile-web-app-capable" content="yes"> is deprecated. Please include <meta name="mobile-web-app-capable" content="yes"> @ https://www.tiktok.com/tiktokstudio?lang=es:0
[  595964ms] [LOG] [useSWAPIResultSync] start listen: L2S_PROJECT_LIST @ https://lf16-tiktok-web.tiktokcdn-us.com/obj/tiktok-web-tx/ies/creator-center-web/static/js/main.5b757742.js:133
[  595965ms] [LOG] [useSWAPIResultSync] start listen: L2S_ICON_INFO @ https://lf16-tiktok-web.tiktokcdn-us.com/obj/tiktok-web-tx/ies/creator-center-web/static/js/main.5b757742.js:133
[  596097ms] [WARNING] [ttastra-runtime][warning]: importing getVGeo from '@ttastra/core/runtime' is deprecated, please update import path to '@ttastra/core/regions'. for example: import { getVGeo } from '@ttastra/core/runtime/regions';
 @ https://lf16-tiktok-web.tiktokcdn-us.com/obj/tiktok-web-tx/ies/creator-center-web/static/js/3261.230490cc.js:1
[  621812ms] [LOG] [ Federation Runtime ] Version 1.6.5 from @pgc-web/creator-studio of shared singleton module @ttastra/core/runtime/slardar does not satisfy the requirement of @pgc-web/monetization-web which needs ^1.16.5) @ https://lf16-tiktok-web.tiktokcdn-us.com/obj/tiktok-web-tx/tiktok/web/tiktok_studio_monetization_web/vmok-remote-entry.c275017a.js:6
[  671832ms] [WARNING] Reflect is already polyfilled. @ https://lf16-tiktok-web.tiktokcdn-us.com/obj/tiktok-web-tx/tiktok/webapp/main/react-v18/webapp-desktop/static/js/webapp-desktop.c59939ee.js:0
[  671857ms] [WARNING] AppContext will be overwritten @ https://lf16-tiktok-web.tiktokcdn-us.com/obj/tiktok-web-tx/tiktok/webapp/main/react-v18/webapp-desktop/static/js/webapp-desktop.c59939ee.js:0
[  671857ms] [WARNING] AppContext will be overwritten @ https://lf16-tiktok-web.tiktokcdn-us.com/obj/tiktok-web-tx/tiktok/webapp/main/react-v18/webapp-desktop/static/js/webapp-desktop.c59939ee.js:0
[  671857ms] [WARNING] AppContext will be overwritten @ https://lf16-tiktok-web.tiktokcdn-us.com/obj/tiktok-web-tx/tiktok/webapp/main/react-v18/webapp-desktop/static/js/webapp-desktop.c59939ee.js:0
[  671857ms] [WARNING] AppContext will be overwritten @ https://lf16-tiktok-web.tiktokcdn-us.com/obj/tiktok-web-tx/tiktok/webapp/main/react-v18/webapp-desktop/static/js/webapp-desktop.c59939ee.js:0
[  671857ms] [WARNING] AppContext will be overwritten @ https://lf16-tiktok-web.tiktokcdn-us.com/obj/tiktok-web-tx/tiktok/webapp/main/react-v18/webapp-desktop/static/js/webapp-desktop.c59939ee.js:0
[  671858ms] [WARNING] AppContext will be overwritten @ https://lf16-tiktok-web.tiktokcdn-us.com/obj/tiktok-web-tx/tiktok/webapp/main/react-v18/webapp-desktop/static/js/webapp-desktop.c59939ee.js:0
[  671869ms] [WARNING] AppContext will be overwritten @ https://lf16-tiktok-web.tiktokcdn-us.com/obj/tiktok-web-tx/tiktok/webapp/main/react-v18/webapp-desktop/static/js/webapp-desktop.c59939ee.js:0
[  671870ms] [WARNING] AppContext will be overwritten @ https://lf16-tiktok-web.tiktokcdn-us.com/obj/tiktok-web-tx/tiktok/webapp/main/react-v18/webapp-desktop/static/js/webapp-desktop.c59939ee.js:0
[  671870ms] [WARNING] loadable: `loadableReady()` requires state, please use `getScriptTags` or `getScriptElements` server-side @ https://lf16-tiktok-web.tiktokcdn-us.com/obj/tiktok-web-tx/tiktok/webapp/main/react-v18/webapp-desktop/static/js/50683.c510d297.js:1
[  671878ms] [INFO] [slardar] pluginPathPrefix fallback to SlardarPluginPathPrefixVGeoMap.us: https://lf16-cdn-tos.tiktokcdn-us.com/obj/static-tx/slardar/fe/sdk-web/plugins @ https://lf16-tiktok-web.tiktokcdn-us.com/obj/tiktok-web-tx/tiktok/webapp/main/react-v18/webapp-desktop/static/js/biz.shared.kernel.init.aa8023c3.js:0
[  671883ms] [LOG] %c %s color: yellow; background-color: black; [instance: default] appid: 1988, userInfo:{"user_unique_id":"7670772143512684045","user_type":12,"user_id":"7670773370384303117","user_is_login":true,"device_id":"7670772143512684045"} @ https://lf16-tiktok-web.tiktokcdn-us.com/obj/tiktok-web-tx/tiktok/webapp/main/react-v18/webapp-desktop/static/js/npm-dp-byted-tea-sdk-oversea.f4e273c4.js:0
[  671883ms] [LOG] %c %s color: yellow; background-color: black; [instance: default] appid: 1988, sdk is ready, version is 5.3.17, you can report now !!! @ https://lf16-tiktok-web.tiktokcdn-us.com/obj/tiktok-web-tx/tiktok/webapp/main/react-v18/webapp-desktop/static/js/npm-dp-byted-tea-sdk-oversea.f4e273c4.js:0
[  671940ms] [WARNING] AppContext will be overwritten @ https://lf16-tiktok-web.tiktokcdn-us.com/obj/tiktok-web-tx/tiktok/webapp/main/react-v18/webapp-desktop/static/js/webapp-desktop.c59939ee.js:0
[  671940ms] [WARNING] AppContext will be overwritten @ https://lf16-tiktok-web.tiktokcdn-us.com/obj/tiktok-web-tx/tiktok/webapp/main/react-v18/webapp-desktop/static/js/webapp-desktop.c59939ee.js:0
[  671940ms] [WARNING] AppContext will be overwritten @ https://lf16-tiktok-web.tiktokcdn-us.com/obj/tiktok-web-tx/tiktok/webapp/main/react-v18/webapp-desktop/static/js/webapp-desktop.c59939ee.js:0
[  671940ms] [WARNING] AppContext will be overwritten @ https://lf16-tiktok-web.tiktokcdn-us.com/obj/tiktok-web-tx/tiktok/webapp/main/react-v18/webapp-desktop/static/js/webapp-desktop.c59939ee.js:0
[  671940ms] [WARNING] AppContext will be overwritten @ https://lf16-tiktok-web.tiktokcdn-us.com/obj/tiktok-web-tx/tiktok/webapp/main/react-v18/webapp-desktop/static/js/webapp-desktop.c59939ee.js:0
[  671940ms] [WARNING] AppContext will be overwritten @ https://lf16-tiktok-web.tiktokcdn-us.com/obj/tiktok-web-tx/tiktok/webapp/main/react-v18/webapp-desktop/static/js/webapp-desktop.c59939ee.js:0
[  671940ms] [WARNING] AppContext will be overwritten @ https://lf16-tiktok-web.tiktokcdn-us.com/obj/tiktok-web-tx/tiktok/webapp/main/react-v18/webapp-desktop/static/js/webapp-desktop.c59939ee.js:0
[  671940ms] [WARNING] AppContext will be overwritten @ https://lf16-tiktok-web.tiktokcdn-us.com/obj/tiktok-web-tx/tiktok/webapp/main/react-v18/webapp-desktop/static/js/webapp-desktop.c59939ee.js:0
[  671940ms] [WARNING] AppContext will be overwritten @ https://lf16-tiktok-web.tiktokcdn-us.com/obj/tiktok-web-tx/tiktok/webapp/main/react-v18/webapp-desktop/static/js/webapp-desktop.c59939ee.js:0
[  671940ms] [WARNING] AppContext will be overwritten @ https://lf16-tiktok-web.tiktokcdn-us.com/obj/tiktok-web-tx/tiktok/webapp/main/react-v18/webapp-desktop/static/js/webapp-desktop.c59939ee.js:0
[  672029ms] [INFO] . @ https://lf16-tiktok-web.tiktokcdn-us.com/obj/tiktok-web-tx/webmssdk/2.0.0.514/webmssdk.js:0
[  672032ms] [ERROR] Failed to load resource: the server responded with a status of 404 () @ https://www.tiktok.com/webapp-desktop/static/worker/multiple.worker-0.4.13.js:0
[  672074ms] [WARNING] filter merge event: sibyl_sdk_collector_init_result error, pls check Converting circular structure to JSON
    --> starting at object with constructor 'e'
    |     property 'pluginInstances' -> object with constructor 'Array'
    |     index 0 -> object with constructor 'e'
    --- property 'collect' closes the circle @ https://lf16-tiktok-web.tiktokcdn-us.com/obj/tiktok-web-tx/tiktok/webapp/main/react-v18/webapp-desktop/static/js/npm-dp-byted-tea-sdk-oversea.f4e273c4.js:0
[  672074ms] [LOG] %c %s color: yellow; background-color: black; [instance: sibylSdkTea] appid: 594856, userInfo:{"user_unique_id":"7670773519835678221","web_id":"7670773519835678221"} @ https://lf16-tiktok-web.tiktokcdn-us.com/obj/tiktok-web-tx/webmssdk/2.0.0.514/webmssdk.js:0
[  672074ms] [LOG] %c %s color: yellow; background-color: black; [instance: sibylSdkTea] appid: 594856, sdk is ready, version is 5.3.17, you can report now !!! @ https://lf16-tiktok-web.tiktokcdn-us.com/obj/tiktok-web-tx/webmssdk/2.0.0.514/webmssdk.js:0
[  672263ms] [INFO] Banner not shown: beforeinstallpromptevent.preventDefault() called. The page must call beforeinstallpromptevent.prompt() to show the banner. @ https://www.tiktok.com/:0
[  672287ms] [WARNING] [TikTok desktop app SDK Monitor]:   WARN:[printFirstFeedShow]The current environment is not inside the client. @ https://lf16-tiktok-web.tiktokcdn-us.com/obj/tiktok-web-tx/tiktok/webapp/main/react-v18/webapp-desktop/static/js/webapp-desktop.c59939ee.js:0
[  672508ms] [LOG] ws.opened @ https://lf16-tiktok-web.tiktokcdn-us.com/obj/tiktok-web-tx/webmssdk/2.0.0.514/webmssdk.js:0
[  672511ms] Uncaught (in promise) TypeError: a.init is not a function
    at <anonymous> (https://lf16-tiktok-web.tiktokcdn-us.com/obj/tiktok-web-tx/tiktok/webapp/main/react-v18/webapp-desktop/static/js/async/64887.91e0025f.js:1:544240)
    at l (https://lf16-tiktok-web.tiktokcdn-us.com/obj/tiktok-web-tx/tiktok/webapp/main/react-v18/webapp-desktop/static/js/async/64887.91e0025f.js:1:537334)
    at <anonymous> (https://lf16-tiktok-web.tiktokcdn-us.com/obj/tiktok-web-tx/tiktok/webapp/main/react-v18/webapp-desktop/static/js/async/64887.91e0025f.js:1:538691)
    at <anonymous> (https://lf16-tiktok-web.tiktokcdn-us.com/obj/tiktok-web-tx/tiktok/webapp/main/react-v18/webapp-desktop/static/js/async/64887.91e0025f.js:1:537727)
    at <anonymous> (https://lf16-tiktok-web.tiktokcdn-us.com/obj/tiktok-web-tx/tiktok/webapp/main/react-v18/webapp-desktop/static/js/50683.c510d297.js:4:166863)
    at p (https://lf16-tiktok-web.tiktokcdn-us.com/obj/tiktok-web-tx/tiktok/webapp/main/react-v18/webapp-desktop/static/js/50683.c510d297.js:4:166660)
    at value (https://lf16-tiktok-web.tiktokcdn-us.com/obj/tiktok-web-tx/tiktok/webapp/main/react-v18/webapp-desktop/static/js/async/64887.91e0025f.js:1:543780)
    at value (https://lf16-tiktok-web.tiktokcdn-us.com/obj/tiktok-web-tx/tiktok/webapp/main/react-v18/webapp-desktop/static/js/async/64887.91e0025f.js:1:543659)
    at <anonymous> (https://lf16-tiktok-web.tiktokcdn-us.com/obj/tiktok-web-tx/tiktok/webapp/main/react-v18/webapp-desktop/static/js/async/64887.91e0025f.js:1:616448)
    at l (https://lf16-tiktok-web.tiktokcdn-us.com/obj/tiktok-web-tx/tiktok/webapp/main/react-v18/webapp-desktop/static/js/async/64887.91e0025f.js:1:608637)
    at <anonymous> (https://lf16-tiktok-web.tiktokcdn-us.com/obj/tiktok-web-tx/tiktok/webapp/main/react-v18/webapp-desktop/static/js/async/64887.91e0025f.js:1:609994)
    at <anonymous> (https://lf16-tiktok-web.tiktokcdn-us.com/obj/tiktok-web-tx/tiktok/webapp/main/react-v18/webapp-desktop/static/js/async/64887.91e0025f.js:1:609030)
    at a (https://lf16-tiktok-web.tiktokcdn-us.com/obj/tiktok-web-tx/tiktok/webapp/main/react-v18/webapp-desktop/static/js/50683.c510d297.js:4:166716)
[  672817ms] [LOG] %c %s color: yellow; background-color: black; [instance: cookie_banner_tea_sdk] appid: 345918, userInfo:{"user_unique_id":"7670772147211716110","web_id":"7670772147211716110"} @ https://lf16-tiktok-web.tiktokcdn-us.com/obj/tiktok-web-tx/webmssdk/2.0.0.514/webmssdk.js:0
[  672817ms] [LOG] %c %s color: yellow; background-color: black; [instance: cookie_banner_tea_sdk] appid: 345918, sdk is ready, version is 5.3.17, you can report now !!! @ https://lf16-tiktok-web.tiktokcdn-us.com/obj/tiktok-web-tx/webmssdk/2.0.0.514/webmssdk.js:0
[  672839ms] [WARNING] [i18n] missing key [en] Webapp Close_button Close_button @ https://lf16-tiktok-web.tiktokcdn-us.com/obj/tiktok-web-tx/tiktok/webapp/main/react-v18/webapp-desktop/static/js/biz.common.lib.19990328.js:0
[  672839ms] [WARNING] The 'deprecatedStyle' prop is deprecated. Please use the associated style props instead (e.g. "marginInline", "flex") @ https://lf16-tiktok-web.tiktokcdn-us.com/obj/tiktok-web-tx/tiktok/webapp/main/react-v18/webapp-desktop/static/js/async/16119.4be2579f.js:0
[  672853ms] [WARNING] The 'deprecatedStyle' prop is deprecated. Please use the associated style props instead (e.g. "marginInline", "flex") @ https://lf16-tiktok-web.tiktokcdn-us.com/obj/tiktok-web-tx/tiktok/webapp/main/react-v18/webapp-desktop/static/js/async/16119.4be2579f.js:0
[  672875ms] [WARNING] The 'deprecatedStyle' prop is deprecated. Please use the associated style props instead (e.g. "marginInline", "flex") @ https://lf16-tiktok-web.tiktokcdn-us.com/obj/tiktok-web-tx/tiktok/webapp/main/react-v18/webapp-desktop/static/js/async/16119.4be2579f.js:0
[  673147ms] [WARNING] The 'deprecatedStyle' prop is deprecated. Please use the associated style props instead (e.g. "marginInline", "flex") @ https://lf16-tiktok-web.tiktokcdn-us.com/obj/tiktok-web-tx/tiktok/webapp/main/react-v18/webapp-desktop/static/js/async/16119.4be2579f.js:0
[  673276ms] [WARNING] Reflect is already polyfilled. @ https://lf16-tiktok-web.tiktokcdn-us.com/obj/tiktok-web-tx/tiktok/web/tiktok_fe_login_vmok/static/js/async/1972.0276f698.js:0
[  673368ms] [LOG] %cAccountApi Version >>>>%O background: #222; color: #bada55 2.1.13-tiktok @ https://lf16-tiktok-web.tiktokcdn-us.com/obj/tiktok-web-tx/webmssdk/2.0.0.514/webmssdk.js:0
[  673370ms] [LOG] >> lang es-419 @ https://lf16-tiktok-web.tiktokcdn-us.com/obj/tiktok-web-tx/webmssdk/2.0.0.514/webmssdk.js:0
[  673370ms] [LOG] >>> twv I18n isInitialized true @ https://lf16-tiktok-web.tiktokcdn-us.com/obj/tiktok-web-tx/webmssdk/2.0.0.514/webmssdk.js:0
[  673373ms] [LOG] ===> verify_msh0ux0c_Wg9V227h_g3yf_4oho_9dRP_ztclE3LQbF2O @ https://lf16-tiktok-web.tiktokcdn-us.com/obj/tiktok-web-tx/webmssdk/2.0.0.514/webmssdk.js:0
[  681120ms] [WARNING] The 'deprecatedStyle' prop is deprecated. Please use the associated style props instead (e.g. "marginInline", "flex") @ https://lf16-tiktok-web.tiktokcdn-us.com/obj/tiktok-web-tx/tiktok/webapp/main/react-v18/webapp-desktop/static/js/async/16119.4be2579f.js:0
[  683793ms] [WARNING] [i18n] missing key [en] Webapp Español (Latinoamérica) Español (Latinoamérica) @ https://lf16-tiktok-web.tiktokcdn-us.com/obj/tiktok-web-tx/tiktok/webapp/main/react-v18/webapp-desktop/static/js/biz.common.lib.19990328.js:0
[  699031ms] [WARNING] Reflect is already polyfilled. @ https://lf16-tiktok-web.tiktokcdn-us.com/obj/tiktok-web-tx/tiktok/webapp/main/react-v18/webapp-desktop/static/js/webapp-desktop.c59939ee.js:0
[  699047ms] [WARNING] AppContext will be overwritten @ https://lf16-tiktok-web.tiktokcdn-us.com/obj/tiktok-web-tx/tiktok/webapp/main/react-v18/webapp-desktop/static/js/webapp-desktop.c59939ee.js:0
[  699047ms] [WARNING] AppContext will be overwritten @ https://lf16-tiktok-web.tiktokcdn-us.com/obj/tiktok-web-tx/tiktok/webapp/main/react-v18/webapp-desktop/static/js/webapp-desktop.c59939ee.js:0
[  699047ms] [WARNING] AppContext will be overwritten @ https://lf16-tiktok-web.tiktokcdn-us.com/obj/tiktok-web-tx/tiktok/webapp/main/react-v18/webapp-desktop/static/js/webapp-desktop.c59939ee.js:0
[  699048ms] [WARNING] AppContext will be overwritten @ https://lf16-tiktok-web.tiktokcdn-us.com/obj/tiktok-web-tx/tiktok/webapp/main/react-v18/webapp-desktop/static/js/webapp-desktop.c59939ee.js:0
[  699048ms] [WARNING] AppContext will be overwritten @ https://lf16-tiktok-web.tiktokcdn-us.com/obj/tiktok-web-tx/tiktok/webapp/main/react-v18/webapp-desktop/static/js/webapp-desktop.c59939ee.js:0
[  699048ms] [WARNING] AppContext will be overwritten @ https://lf16-tiktok-web.tiktokcdn-us.com/obj/tiktok-web-tx/tiktok/webapp/main/react-v18/webapp-desktop/static/js/webapp-desktop.c59939ee.js:0
[  699061ms] [WARNING] AppContext will be overwritten @ https://lf16-tiktok-web.tiktokcdn-us.com/obj/tiktok-web-tx/tiktok/webapp/main/react-v18/webapp-desktop/static/js/webapp-desktop.c59939ee.js:0
[  699063ms] [WARNING] AppContext will be overwritten @ https://lf16-tiktok-web.tiktokcdn-us.com/obj/tiktok-web-tx/tiktok/webapp/main/react-v18/webapp-desktop/static/js/webapp-desktop.c59939ee.js:0
[  699063ms] [WARNING] loadable: `loadableReady()` requires state, please use `getScriptTags` or `getScriptElements` server-side @ https://lf16-tiktok-web.tiktokcdn-us.com/obj/tiktok-web-tx/tiktok/webapp/main/react-v18/webapp-desktop/static/js/50683.c510d297.js:1
[  699068ms] [INFO] [slardar] pluginPathPrefix fallback to SlardarPluginPathPrefixVGeoMap.us: https://lf16-cdn-tos.tiktokcdn-us.com/obj/static-tx/slardar/fe/sdk-web/plugins @ https://lf16-tiktok-web.tiktokcdn-us.com/obj/tiktok-web-tx/tiktok/webapp/main/react-v18/webapp-desktop/static/js/biz.shared.kernel.init.aa8023c3.js:0
[  699074ms] [LOG] %c %s color: yellow; background-color: black; [instance: default] appid: 1988, userInfo:{"user_unique_id":"7670772143512684045","user_type":12,"user_id":"7670773370384303117","user_is_login":true,"device_id":"7670772143512684045"} @ https://lf16-tiktok-web.tiktokcdn-us.com/obj/tiktok-web-tx/tiktok/webapp/main/react-v18/webapp-desktop/static/js/npm-dp-byted-tea-sdk-oversea.f4e273c4.js:0
[  699074ms] [LOG] %c %s color: yellow; background-color: black; [instance: default] appid: 1988, sdk is ready, version is 5.3.17, you can report now !!! @ https://lf16-tiktok-web.tiktokcdn-us.com/obj/tiktok-web-tx/tiktok/webapp/main/react-v18/webapp-desktop/static/js/npm-dp-byted-tea-sdk-oversea.f4e273c4.js:0
[  699246ms] [ERROR] Failed to load resource: the server responded with a status of 404 () @ https://www.tiktok.com/webapp-desktop/static/worker/multiple.worker-0.4.13.js:0
[  699260ms] [INFO] . @ https://lf16-tiktok-web.tiktokcdn-us.com/obj/tiktok-web-tx/webmssdk/2.0.0.514/webmssdk.js:0
[  699376ms] [WARNING] filter merge event: sibyl_sdk_collector_init_result error, pls check Converting circular structure to JSON
    --> starting at object with constructor 'e'
    |     property 'pluginInstances' -> object with constructor 'Array'
    |     index 0 -> object with constructor 'e'
    --- property 'collect' closes the circle @ https://lf16-tiktok-web.tiktokcdn-us.com/obj/tiktok-web-tx/tiktok/webapp/main/react-v18/webapp-desktop/static/js/npm-dp-byted-tea-sdk-oversea.f4e273c4.js:0
[  699376ms] [LOG] %c %s color: yellow; background-color: black; [instance: sibylSdkTea] appid: 594856, userInfo:{"user_unique_id":"7670773519835678221","web_id":"7670773519835678221"} @ https://lf16-tiktok-web.tiktokcdn-us.com/obj/tiktok-web-tx/webmssdk/2.0.0.514/webmssdk.js:0
[  699376ms] [LOG] %c %s color: yellow; background-color: black; [instance: sibylSdkTea] appid: 594856, sdk is ready, version is 5.3.17, you can report now !!! @ https://lf16-tiktok-web.tiktokcdn-us.com/obj/tiktok-web-tx/webmssdk/2.0.0.514/webmssdk.js:0
[  699397ms] [WARNING] [i18n] missing key [en] Webapp Close_button Close_button @ https://lf16-tiktok-web.tiktokcdn-us.com/obj/tiktok-web-tx/tiktok/webapp/main/react-v18/webapp-desktop/static/js/biz.common.lib.19990328.js:0
[  699397ms] [WARNING] The 'deprecatedStyle' prop is deprecated. Please use the associated style props instead (e.g. "marginInline", "flex") @ https://lf16-tiktok-web.tiktokcdn-us.com/obj/tiktok-web-tx/tiktok/webapp/main/react-v18/webapp-desktop/static/js/async/16119.4be2579f.js:0
[  699401ms] [WARNING] The 'deprecatedStyle' prop is deprecated. Please use the associated style props instead (e.g. "marginInline", "flex") @ https://lf16-tiktok-web.tiktokcdn-us.com/obj/tiktok-web-tx/tiktok/webapp/main/react-v18/webapp-desktop/static/js/async/16119.4be2579f.js:0
[  699417ms] [WARNING] The 'deprecatedStyle' prop is deprecated. Please use the associated style props instead (e.g. "marginInline", "flex") @ https://lf16-tiktok-web.tiktokcdn-us.com/obj/tiktok-web-tx/tiktok/webapp/main/react-v18/webapp-desktop/static/js/async/16119.4be2579f.js:0
[  699434ms] [LOG] [dynamicRemotesFromSnapshot]: Module @pns-fe/parental-control-vmok not found @ https://lf16-tiktok-web.tiktokcdn-us.com/obj/tiktok-web-tx/webmssdk/2.0.0.514/webmssdk.js:0
[  699435ms] [LOG] [dynamicRemotesFromSnapshot]: Module @pns-fe/keyword-filtering-vmok not found @ https://lf16-tiktok-web.tiktokcdn-us.com/obj/tiktok-web-tx/webmssdk/2.0.0.514/webmssdk.js:0
[  699453ms] [INFO] Banner not shown: beforeinstallpromptevent.preventDefault() called. The page must call beforeinstallpromptevent.prompt() to show the banner. @ https://www.tiktok.com/setting:0
[  699547ms] [LOG] %c %s color: yellow; background-color: black; [instance: cookie_banner_tea_sdk] appid: 345918, userInfo:{"user_unique_id":"7670772147211716110","web_id":"7670772147211716110"} @ https://lf16-tiktok-web.tiktokcdn-us.com/obj/tiktok-web-tx/webmssdk/2.0.0.514/webmssdk.js:0
[  699547ms] [LOG] %c %s color: yellow; background-color: black; [instance: cookie_banner_tea_sdk] appid: 345918, sdk is ready, version is 5.3.17, you can report now !!! @ https://lf16-tiktok-web.tiktokcdn-us.com/obj/tiktok-web-tx/webmssdk/2.0.0.514/webmssdk.js:0
[  699555ms] [LOG] [Slardar] pns_cuj {} {name: PageContextNullException} @ https://lf16-tiktok-web.tiktokcdn-us.com/obj/tiktok-web-tx/webmssdk/2.0.0.514/webmssdk.js:0
[  699563ms] [WARNING] The 'deprecatedClassName' prop is deprecated. Please use the associated style props instead (e.g. "marginInline", "flex") @ https://lf16-tiktok-web.tiktokcdn-us.com/obj/tiktok-web-tx/tiktok/webapp/main/react-v18/webapp-desktop/static/js/async/16119.4be2579f.js:0
[  699563ms] [WARNING] The 'deprecatedStyle' prop is deprecated. Please use the associated style props instead (e.g. "marginInline", "flex") @ https://lf16-tiktok-web.tiktokcdn-us.com/obj/tiktok-web-tx/tiktok/webapp/main/react-v18/webapp-desktop/static/js/async/16119.4be2579f.js:0
[  699563ms] [WARNING] The 'deprecatedClassName' prop is deprecated. Please use the associated style props instead (e.g. "marginInline", "flex") @ https://lf16-tiktok-web.tiktokcdn-us.com/obj/tiktok-web-tx/tiktok/webapp/main/react-v18/webapp-desktop/static/js/async/16119.4be2579f.js:0
[  699563ms] [WARNING] The 'deprecatedStyle' prop is deprecated. Please use the associated style props instead (e.g. "marginInline", "flex") @ https://lf16-tiktok-web.tiktokcdn-us.com/obj/tiktok-web-tx/tiktok/webapp/main/react-v18/webapp-desktop/static/js/async/16119.4be2579f.js:0
[  699570ms] [LOG] [Tea] pns_tpsc_page_enter {enter_from: privacy_and_safety_settings, page_tag: main, page_type: page} @ https://lf16-tiktok-web.tiktokcdn-us.com/obj/tiktok-web-tx/webmssdk/2.0.0.514/webmssdk.js:0
[  699593ms] [WARNING] The 'deprecatedClassName' prop is deprecated. Please use the associated style props instead (e.g. "marginInline", "flex") @ https://lf16-tiktok-web.tiktokcdn-us.com/obj/tiktok-web-tx/tiktok/webapp/main/react-v18/webapp-desktop/static/js/async/16119.4be2579f.js:0
[  699593ms] [WARNING] The 'deprecatedStyle' prop is deprecated. Please use the associated style props instead (e.g. "marginInline", "flex") @ https://lf16-tiktok-web.tiktokcdn-us.com/obj/tiktok-web-tx/tiktok/webapp/main/react-v18/webapp-desktop/static/js/async/16119.4be2579f.js:0
[  699593ms] [WARNING] The 'deprecatedClassName' prop is deprecated. Please use the associated style props instead (e.g. "marginInline", "flex") @ https://lf16-tiktok-web.tiktokcdn-us.com/obj/tiktok-web-tx/tiktok/webapp/main/react-v18/webapp-desktop/static/js/async/16119.4be2579f.js:0
[  699593ms] [WARNING] The 'deprecatedStyle' prop is deprecated. Please use the associated style props instead (e.g. "marginInline", "flex") @ https://lf16-tiktok-web.tiktokcdn-us.com/obj/tiktok-web-tx/tiktok/webapp/main/react-v18/webapp-desktop/static/js/async/16119.4be2579f.js:0
[  699600ms] [WARNING] The 'deprecatedClassName' prop is deprecated. Please use the associated style props instead (e.g. "marginInline", "flex") @ https://lf16-tiktok-web.tiktokcdn-us.com/obj/tiktok-web-tx/tiktok/webapp/main/react-v18/webapp-desktop/static/js/async/16119.4be2579f.js:0
[  699600ms] [WARNING] The 'deprecatedStyle' prop is deprecated. Please use the associated style props instead (e.g. "marginInline", "flex") @ https://lf16-tiktok-web.tiktokcdn-us.com/obj/tiktok-web-tx/tiktok/webapp/main/react-v18/webapp-desktop/static/js/async/16119.4be2579f.js:0
[  699600ms] [WARNING] The 'deprecatedClassName' prop is deprecated. Please use the associated style props instead (e.g. "marginInline", "flex") @ https://lf16-tiktok-web.tiktokcdn-us.com/obj/tiktok-web-tx/tiktok/webapp/main/react-v18/webapp-desktop/static/js/async/16119.4be2579f.js:0
[  699600ms] [WARNING] The 'deprecatedStyle' prop is deprecated. Please use the associated style props instead (e.g. "marginInline", "flex") @ https://lf16-tiktok-web.tiktokcdn-us.com/obj/tiktok-web-tx/tiktok/webapp/main/react-v18/webapp-desktop/static/js/async/16119.4be2579f.js:0
[  699606ms] [WARNING] The 'deprecatedClassName' prop is deprecated. Please use the associated style props instead (e.g. "marginInline", "flex") @ https://lf16-tiktok-web.tiktokcdn-us.com/obj/tiktok-web-tx/tiktok/webapp/main/react-v18/webapp-desktop/static/js/async/16119.4be2579f.js:0
[  699606ms] [WARNING] The 'deprecatedStyle' prop is deprecated. Please use the associated style props instead (e.g. "marginInline", "flex") @ https://lf16-tiktok-web.tiktokcdn-us.com/obj/tiktok-web-tx/tiktok/webapp/main/react-v18/webapp-desktop/static/js/async/16119.4be2579f.js:0
[  699606ms] [WARNING] The 'deprecatedClassName' prop is deprecated. Please use the associated style props instead (e.g. "marginInline", "flex") @ https://lf16-tiktok-web.tiktokcdn-us.com/obj/tiktok-web-tx/tiktok/webapp/main/react-v18/webapp-desktop/static/js/async/16119.4be2579f.js:0
[  699606ms] [WARNING] The 'deprecatedStyle' prop is deprecated. Please use the associated style props instead (e.g. "marginInline", "flex") @ https://lf16-tiktok-web.tiktokcdn-us.com/obj/tiktok-web-tx/tiktok/webapp/main/react-v18/webapp-desktop/static/js/async/16119.4be2579f.js:0
[  699615ms] [WARNING] The 'deprecatedClassName' prop is deprecated. Please use the associated style props instead (e.g. "marginInline", "flex") @ https://lf16-tiktok-web.tiktokcdn-us.com/obj/tiktok-web-tx/tiktok/webapp/main/react-v18/webapp-desktop/static/js/async/16119.4be2579f.js:0
[  699615ms] [WARNING] The 'deprecatedStyle' prop is deprecated. Please use the associated style props instead (e.g. "marginInline", "flex") @ https://lf16-tiktok-web.tiktokcdn-us.com/obj/tiktok-web-tx/tiktok/webapp/main/react-v18/webapp-desktop/static/js/async/16119.4be2579f.js:0
[  699615ms] [WARNING] The 'deprecatedClassName' prop is deprecated. Please use the associated style props instead (e.g. "marginInline", "flex") @ https://lf16-tiktok-web.tiktokcdn-us.com/obj/tiktok-web-tx/tiktok/webapp/main/react-v18/webapp-desktop/static/js/async/16119.4be2579f.js:0
[  699615ms] [WARNING] The 'deprecatedStyle' prop is deprecated. Please use the associated style props instead (e.g. "marginInline", "flex") @ https://lf16-tiktok-web.tiktokcdn-us.com/obj/tiktok-web-tx/tiktok/webapp/main/react-v18/webapp-desktop/static/js/async/16119.4be2579f.js:0
[  699625ms] [WARNING] The 'deprecatedClassName' prop is deprecated. Please use the associated style props instead (e.g. "marginInline", "flex") @ https://lf16-tiktok-web.tiktokcdn-us.com/obj/tiktok-web-tx/tiktok/webapp/main/react-v18/webapp-desktop/static/js/async/16119.4be2579f.js:0
[  699625ms] [WARNING] The 'deprecatedStyle' prop is deprecated. Please use the associated style props instead (e.g. "marginInline", "flex") @ https://lf16-tiktok-web.tiktokcdn-us.com/obj/tiktok-web-tx/tiktok/webapp/main/react-v18/webapp-desktop/static/js/async/16119.4be2579f.js:0
[  699625ms] [WARNING] The 'deprecatedClassName' prop is deprecated. Please use the associated style props instead (e.g. "marginInline", "flex") @ https://lf16-tiktok-web.tiktokcdn-us.com/obj/tiktok-web-tx/tiktok/webapp/main/react-v18/webapp-desktop/static/js/async/16119.4be2579f.js:0
[  699625ms] [WARNING] The 'deprecatedStyle' prop is deprecated. Please use the associated style props instead (e.g. "marginInline", "flex") @ https://lf16-tiktok-web.tiktokcdn-us.com/obj/tiktok-web-tx/tiktok/webapp/main/react-v18/webapp-desktop/static/js/async/16119.4be2579f.js:0
[  699634ms] [WARNING] The 'deprecatedClassName' prop is deprecated. Please use the associated style props instead (e.g. "marginInline", "flex") @ https://lf16-tiktok-web.tiktokcdn-us.com/obj/tiktok-web-tx/tiktok/webapp/main/react-v18/webapp-desktop/static/js/async/16119.4be2579f.js:0
[  699634ms] [WARNING] The 'deprecatedStyle' prop is deprecated. Please use the associated style props instead (e.g. "marginInline", "flex") @ https://lf16-tiktok-web.tiktokcdn-us.com/obj/tiktok-web-tx/tiktok/webapp/main/react-v18/webapp-desktop/static/js/async/16119.4be2579f.js:0
[  699634ms] [WARNING] The 'deprecatedClassName' prop is deprecated. Please use the associated style props instead (e.g. "marginInline", "flex") @ https://lf16-tiktok-web.tiktokcdn-us.com/obj/tiktok-web-tx/tiktok/webapp/main/react-v18/webapp-desktop/static/js/async/16119.4be2579f.js:0
[  699634ms] [WARNING] The 'deprecatedStyle' prop is deprecated. Please use the associated style props instead (e.g. "marginInline", "flex") @ https://lf16-tiktok-web.tiktokcdn-us.com/obj/tiktok-web-tx/tiktok/webapp/main/react-v18/webapp-desktop/static/js/async/16119.4be2579f.js:0
[  699642ms] [WARNING] The 'deprecatedClassName' prop is deprecated. Please use the associated style props instead (e.g. "marginInline", "flex") @ https://lf16-tiktok-web.tiktokcdn-us.com/obj/tiktok-web-tx/tiktok/webapp/main/react-v18/webapp-desktop/static/js/async/16119.4be2579f.js:0
[  699642ms] [WARNING] The 'deprecatedStyle' prop is deprecated. Please use the associated style props instead (e.g. "marginInline", "flex") @ https://lf16-tiktok-web.tiktokcdn-us.com/obj/tiktok-web-tx/tiktok/webapp/main/react-v18/webapp-desktop/static/js/async/16119.4be2579f.js:0
[  699642ms] [WARNING] The 'deprecatedClassName' prop is deprecated. Please use the associated style props instead (e.g. "marginInline", "flex") @ https://lf16-tiktok-web.tiktokcdn-us.com/obj/tiktok-web-tx/tiktok/webapp/main/react-v18/webapp-desktop/static/js/async/16119.4be2579f.js:0
[  699642ms] [WARNING] The 'deprecatedStyle' prop is deprecated. Please use the associated style props instead (e.g. "marginInline", "flex") @ https://lf16-tiktok-web.tiktokcdn-us.com/obj/tiktok-web-tx/tiktok/webapp/main/react-v18/webapp-desktop/static/js/async/16119.4be2579f.js:0
[  699685ms] [LOG] ws.opened @ https://lf16-tiktok-web.tiktokcdn-us.com/obj/tiktok-web-tx/webmssdk/2.0.0.514/webmssdk.js:0
[  699685ms] [WARNING] [SDK] 1785992028661        0 already inited @ https://lf16-cdn-tos.tiktokcdn-us.com/obj/static-tx/slardar/fe/sdk-web/browser.oci.js?bid=tiktok_webapp&globalName=SlardarClient:0
[  699696ms] [WARNING] The 'deprecatedClassName' prop is deprecated. Please use the associated style props instead (e.g. "marginInline", "flex") @ https://lf16-tiktok-web.tiktokcdn-us.com/obj/tiktok-web-tx/tiktok/webapp/main/react-v18/webapp-desktop/static/js/async/16119.4be2579f.js:0
[  699696ms] [WARNING] The 'deprecatedStyle' prop is deprecated. Please use the associated style props instead (e.g. "marginInline", "flex") @ https://lf16-tiktok-web.tiktokcdn-us.com/obj/tiktok-web-tx/tiktok/webapp/main/react-v18/webapp-desktop/static/js/async/16119.4be2579f.js:0
[  699696ms] [WARNING] The 'deprecatedClassName' prop is deprecated. Please use the associated style props instead (e.g. "marginInline", "flex") @ https://lf16-tiktok-web.tiktokcdn-us.com/obj/tiktok-web-tx/tiktok/webapp/main/react-v18/webapp-desktop/static/js/async/16119.4be2579f.js:0
[  699696ms] [WARNING] The 'deprecatedStyle' prop is deprecated. Please use the associated style props instead (e.g. "marginInline", "flex") @ https://lf16-tiktok-web.tiktokcdn-us.com/obj/tiktok-web-tx/tiktok/webapp/main/react-v18/webapp-desktop/static/js/async/16119.4be2579f.js:0
[  699702ms] [WARNING] The 'deprecatedStyle' prop is deprecated. Please use the associated style props instead (e.g. "marginInline", "flex") @ https://lf16-tiktok-web.tiktokcdn-us.com/obj/tiktok-web-tx/tiktok/webapp/main/react-v18/webapp-desktop/static/js/async/16119.4be2579f.js:0
[  699721ms] [LOG] [Tea] pns_tpsc_item_show {page_tag: main, enter_from: privacy_and_safety_settings, page_type: page, item_type: Switch, item_name: private_account_item} @ https://lf16-tiktok-web.tiktokcdn-us.com/obj/tiktok-web-tx/webmssdk/2.0.0.514/webmssdk.js:0
[  699721ms] [LOG] [Tea] pns_tpsc_item_show {page_tag: main, enter_from: privacy_and_safety_settings, page_type: page, item_type: Disclosure, item_name: comment_entrance} @ https://lf16-tiktok-web.tiktokcdn-us.com/obj/tiktok-web-tx/webmssdk/2.0.0.514/webmssdk.js:0
[  699722ms] [LOG] [Tea] pns_tpsc_item_show {page_tag: main, enter_from: privacy_and_safety_settings, page_type: page, item_type: Disclosure, item_name: direct_message_entrance} @ https://lf16-tiktok-web.tiktokcdn-us.com/obj/tiktok-web-tx/webmssdk/2.0.0.514/webmssdk.js:0
[  699743ms] [WARNING] Reflect is already polyfilled. @ https://lf16-tiktok-web.tiktokcdn-us.com/obj/tiktok-web-tx/tiktok/web/tiktok_fe_login_vmok/static/js/async/1972.0276f698.js:0
[  699759ms] [ERROR] get is admin org account error:  error @ https://lf16-tiktok-web.tiktokcdn-us.com/obj/tiktok-web-tx/tiktok/webapp/main/react-v18/webapp-desktop/static/js/webapp-desktop.c59939ee.js:0
[  699765ms] [WARNING] The 'deprecatedClassName' prop is deprecated. Please use the associated style props instead (e.g. "marginInline", "flex") @ https://lf16-tiktok-web.tiktokcdn-us.com/obj/tiktok-web-tx/tiktok/webapp/main/react-v18/webapp-desktop/static/js/async/16119.4be2579f.js:0
[  699765ms] [WARNING] The 'deprecatedStyle' prop is deprecated. Please use the associated style props instead (e.g. "marginInline", "flex") @ https://lf16-tiktok-web.tiktokcdn-us.com/obj/tiktok-web-tx/tiktok/webapp/main/react-v18/webapp-desktop/static/js/async/16119.4be2579f.js:0
[  699765ms] [WARNING] The 'deprecatedClassName' prop is deprecated. Please use the associated style props instead (e.g. "marginInline", "flex") @ https://lf16-tiktok-web.tiktokcdn-us.com/obj/tiktok-web-tx/tiktok/webapp/main/react-v18/webapp-desktop/static/js/async/16119.4be2579f.js:0
[  699765ms] [WARNING] The 'deprecatedStyle' prop is deprecated. Please use the associated style props instead (e.g. "marginInline", "flex") @ https://lf16-tiktok-web.tiktokcdn-us.com/obj/tiktok-web-tx/tiktok/webapp/main/react-v18/webapp-desktop/static/js/async/16119.4be2579f.js:0
[  699775ms] [LOG] [PNS] get unified config response {configs: {"comment_permission":{"contents":[{"items":[{"ite…":"remix_reuse_permission","page_title":"Remix"}}, extra: Object, log_pb: Object, status_code: 0, status_msg: } @ https://lf16-tiktok-web.tiktokcdn-us.com/obj/tiktok-web-tx/webmssdk/2.0.0.514/webmssdk.js:0
[  699787ms] [LOG] %cAccountApi Version >>>>%O background: #222; color: #bada55 2.1.13-tiktok @ https://lf16-tiktok-web.tiktokcdn-us.com/obj/tiktok-web-tx/webmssdk/2.0.0.514/webmssdk.js:0
[  699787ms] [LOG] >> lang es-419 @ https://lf16-tiktok-web.tiktokcdn-us.com/obj/tiktok-web-tx/webmssdk/2.0.0.514/webmssdk.js:0
[  699787ms] [LOG] >>> twv I18n isInitialized true @ https://lf16-tiktok-web.tiktokcdn-us.com/obj/tiktok-web-tx/webmssdk/2.0.0.514/webmssdk.js:0
[  699790ms] [LOG] ===> verify_msh0ux0c_Wg9V227h_g3yf_4oho_9dRP_ztclE3LQbF2O @ https://lf16-tiktok-web.tiktokcdn-us.com/obj/tiktok-web-tx/webmssdk/2.0.0.514/webmssdk.js:0
[  699790ms] [LOG] ===> verify_msh0ux0c_Wg9V227h_g3yf_4oho_9dRP_ztclE3LQbF2O @ https://lf16-tiktok-web.tiktokcdn-us.com/obj/tiktok-web-tx/webmssdk/2.0.0.514/webmssdk.js:0
[  699837ms] [WARNING] The 'deprecatedClassName' prop is deprecated. Please use the associated style props instead (e.g. "marginInline", "flex") @ https://lf16-tiktok-web.tiktokcdn-us.com/obj/tiktok-web-tx/tiktok/webapp/main/react-v18/webapp-desktop/static/js/async/16119.4be2579f.js:0
[  699837ms] [WARNING] The 'deprecatedStyle' prop is deprecated. Please use the associated style props instead (e.g. "marginInline", "flex") @ https://lf16-tiktok-web.tiktokcdn-us.com/obj/tiktok-web-tx/tiktok/webapp/main/react-v18/webapp-desktop/static/js/async/16119.4be2579f.js:0
[  699837ms] [WARNING] The 'deprecatedClassName' prop is deprecated. Please use the associated style props instead (e.g. "marginInline", "flex") @ https://lf16-tiktok-web.tiktokcdn-us.com/obj/tiktok-web-tx/tiktok/webapp/main/react-v18/webapp-desktop/static/js/async/16119.4be2579f.js:0
[  699837ms] [WARNING] The 'deprecatedStyle' prop is deprecated. Please use the associated style props instead (e.g. "marginInline", "flex") @ https://lf16-tiktok-web.tiktokcdn-us.com/obj/tiktok-web-tx/tiktok/webapp/main/react-v18/webapp-desktop/static/js/async/16119.4be2579f.js:0
[  699882ms] [WARNING] The 'deprecatedClassName' prop is deprecated. Please use the associated style props instead (e.g. "marginInline", "flex") @ https://lf16-tiktok-web.tiktokcdn-us.com/obj/tiktok-web-tx/tiktok/webapp/main/react-v18/webapp-desktop/static/js/async/16119.4be2579f.js:0
[  699882ms] [WARNING] The 'deprecatedStyle' prop is deprecated. Please use the associated style props instead (e.g. "marginInline", "flex") @ https://lf16-tiktok-web.tiktokcdn-us.com/obj/tiktok-web-tx/tiktok/webapp/main/react-v18/webapp-desktop/static/js/async/16119.4be2579f.js:0
[  699882ms] [WARNING] The 'deprecatedClassName' prop is deprecated. Please use the associated style props instead (e.g. "marginInline", "flex") @ https://lf16-tiktok-web.tiktokcdn-us.com/obj/tiktok-web-tx/tiktok/webapp/main/react-v18/webapp-desktop/static/js/async/16119.4be2579f.js:0
[  699882ms] [WARNING] The 'deprecatedStyle' prop is deprecated. Please use the associated style props instead (e.g. "marginInline", "flex") @ https://lf16-tiktok-web.tiktokcdn-us.com/obj/tiktok-web-tx/tiktok/webapp/main/react-v18/webapp-desktop/static/js/async/16119.4be2579f.js:0
[  700157ms] [WARNING] The 'deprecatedClassName' prop is deprecated. Please use the associated style props instead (e.g. "marginInline", "flex") @ https://lf16-tiktok-web.tiktokcdn-us.com/obj/tiktok-web-tx/tiktok/webapp/main/react-v18/webapp-desktop/static/js/async/16119.4be2579f.js:0
[  700157ms] [WARNING] The 'deprecatedStyle' prop is deprecated. Please use the associated style props instead (e.g. "marginInline", "flex") @ https://lf16-tiktok-web.tiktokcdn-us.com/obj/tiktok-web-tx/tiktok/webapp/main/react-v18/webapp-desktop/static/js/async/16119.4be2579f.js:0
[  700157ms] [WARNING] The 'deprecatedClassName' prop is deprecated. Please use the associated style props instead (e.g. "marginInline", "flex") @ https://lf16-tiktok-web.tiktokcdn-us.com/obj/tiktok-web-tx/tiktok/webapp/main/react-v18/webapp-desktop/static/js/async/16119.4be2579f.js:0
[  700157ms] [WARNING] The 'deprecatedStyle' prop is deprecated. Please use the associated style props instead (e.g. "marginInline", "flex") @ https://lf16-tiktok-web.tiktokcdn-us.com/obj/tiktok-web-tx/tiktok/webapp/main/react-v18/webapp-desktop/static/js/async/16119.4be2579f.js:0
[  700182ms] [WARNING] The 'deprecatedClassName' prop is deprecated. Please use the associated style props instead (e.g. "marginInline", "flex") @ https://lf16-tiktok-web.tiktokcdn-us.com/obj/tiktok-web-tx/tiktok/webapp/main/react-v18/webapp-desktop/static/js/async/16119.4be2579f.js:0
[  700182ms] [WARNING] The 'deprecatedStyle' prop is deprecated. Please use the associated style props instead (e.g. "marginInline", "flex") @ https://lf16-tiktok-web.tiktokcdn-us.com/obj/tiktok-web-tx/tiktok/webapp/main/react-v18/webapp-desktop/static/js/async/16119.4be2579f.js:0
[  700182ms] [WARNING] The 'deprecatedClassName' prop is deprecated. Please use the associated style props instead (e.g. "marginInline", "flex") @ https://lf16-tiktok-web.tiktokcdn-us.com/obj/tiktok-web-tx/tiktok/webapp/main/react-v18/webapp-desktop/static/js/async/16119.4be2579f.js:0
[  700182ms] [WARNING] The 'deprecatedStyle' prop is deprecated. Please use the associated style props instead (e.g. "marginInline", "flex") @ https://lf16-tiktok-web.tiktokcdn-us.com/obj/tiktok-web-tx/tiktok/webapp/main/react-v18/webapp-desktop/static/js/async/16119.4be2579f.js:0
[  700197ms] [LOG] [PNS] get restriction setting and effected count response {extra: Object, log_pb: Object, privacy_restriction: Object, privacy_settings: Object, status_code: 0} {extra: Object, log_pb: Object, no_pa_control_settings: Object, status_code: 0, status_msg: } @ https://lf16-tiktok-web.tiktokcdn-us.com/obj/tiktok-web-tx/webmssdk/2.0.0.514/webmssdk.js:0
[  700200ms] [LOG] [Slardar] pns_cuj {} {name: PageContextNullException} @ https://lf16-tiktok-web.tiktokcdn-us.com/obj/tiktok-web-tx/webmssdk/2.0.0.514/webmssdk.js:0
[  700220ms] [WARNING] The 'deprecatedClassName' prop is deprecated. Please use the associated style props instead (e.g. "marginInline", "flex") @ https://lf16-tiktok-web.tiktokcdn-us.com/obj/tiktok-web-tx/tiktok/webapp/main/react-v18/webapp-desktop/static/js/async/16119.4be2579f.js:0
[  700220ms] [WARNING] The 'deprecatedStyle' prop is deprecated. Please use the associated style props instead (e.g. "marginInline", "flex") @ https://lf16-tiktok-web.tiktokcdn-us.com/obj/tiktok-web-tx/tiktok/webapp/main/react-v18/webapp-desktop/static/js/async/16119.4be2579f.js:0
[  700220ms] [WARNING] The 'deprecatedClassName' prop is deprecated. Please use the associated style props instead (e.g. "marginInline", "flex") @ https://lf16-tiktok-web.tiktokcdn-us.com/obj/tiktok-web-tx/tiktok/webapp/main/react-v18/webapp-desktop/static/js/async/16119.4be2579f.js:0
[  700220ms] [WARNING] The 'deprecatedStyle' prop is deprecated. Please use the associated style props instead (e.g. "marginInline", "flex") @ https://lf16-tiktok-web.tiktokcdn-us.com/obj/tiktok-web-tx/tiktok/webapp/main/react-v18/webapp-desktop/static/js/async/16119.4be2579f.js:0
[  713205ms] [WARNING] The resource https://lf16-tiktok-web.tiktokcdn-us.com/obj/tiktok-web-tx/tiktok/web/pns_fe_keyword_filtering_vmok/static/js/async/126.c9a90670.js was preloaded using link preload but not used within a few seconds from the window's load event. Please make sure it has an appropriate `as` value and it is preloaded intentionally. @ https://www.tiktok.com/setting:0
[  713206ms] [WARNING] The resource https://lf16-tiktok-web.tiktokcdn-us.com/obj/tiktok-web-tx/tiktok/web/pns_fe_parental_control_vmok/static/js/async/lib-axios.56c5f961.js was preloaded using link preload but not used within a few seconds from the window's load event. Please make sure it has an appropriate `as` value and it is preloaded intentionally. @ https://www.tiktok.com/setting:0
[  713206ms] [WARNING] The resource https://lf16-tiktok-web.tiktokcdn-us.com/obj/tiktok-web-tx/tiktok/web/pns_fe_keyword_filtering_vmok/static/js/async/606.7a63198e.js was preloaded using link preload but not used within a few seconds from the window's load event. Please make sure it has an appropriate `as` value and it is preloaded intentionally. @ https://www.tiktok.com/setting:0
[  713206ms] [WARNING] The resource https://lf16-tiktok-web.tiktokcdn-us.com/obj/tiktok-web-tx/tiktok/web/pns_fe_keyword_filtering_vmok/static/css/async/__federation_expose_entry_react_bridge.569a7521.css was preloaded using link preload but not used within a few seconds from the window's load event. Please make sure it has an appropriate `as` value and it is preloaded intentionally. @ https://www.tiktok.com/setting:0
[  713206ms] [WARNING] The resource https://lf16-tiktok-web.tiktokcdn-us.com/obj/tiktok-web-tx/tiktok/web/pns_fe_keyword_filtering_vmok/static/js/async/752.8dc09088.js was preloaded using link preload but not used within a few seconds from the window's load event. Please make sure it has an appropriate `as` value and it is preloaded intentionally. @ https://www.tiktok.com/setting:0
[  713206ms] [WARNING] The resource https://lf16-tiktok-web.tiktokcdn-us.com/obj/tiktok-web-tx/tiktok/web/pns_fe_keyword_filtering_vmok/static/js/async/async-main.25610a11.js was preloaded using link preload but not used within a few seconds from the window's load event. Please make sure it has an appropriate `as` value and it is preloaded intentionally. @ https://www.tiktok.com/setting:0
[  713206ms] [WARNING] The resource https://lf16-tiktok-web.tiktokcdn-us.com/obj/tiktok-web-tx/tiktok/web/pns_fe_keyword_filtering_vmok/static/js/async/lib-router.46d8bbc0.js was preloaded using link preload but not used within a few seconds from the window's load event. Please make sure it has an appropriate `as` value and it is preloaded intentionally. @ https://www.tiktok.com/setting:0
[  713206ms] [WARNING] The resource https://lf16-tiktok-web.tiktokcdn-us.com/obj/tiktok-web-tx/tiktok/web/pns_fe_keyword_filtering_vmok/static/js/async/587.eafa5f92.js was preloaded using link preload but not used within a few seconds from the window's load event. Please make sure it has an appropriate `as` value and it is preloaded intentionally. @ https://www.tiktok.com/setting:0
[  713206ms] [WARNING] The resource https://lf16-tiktok-web.tiktokcdn-us.com/obj/tiktok-web-tx/tiktok/web/pns_fe_keyword_filtering_vmok/static/js/async/593.f09ae1b5.js was preloaded using link preload but not used within a few seconds from the window's load event. Please make sure it has an appropriate `as` value and it is preloaded intentionally. @ https://www.tiktok.com/setting:0
[  713206ms] [WARNING] The resource https://lf16-tiktok-web.tiktokcdn-us.com/obj/tiktok-web-tx/tiktok/web/pns_fe_parental_control_vmok/static/js/lib-polyfill.5e52839d.js was preloaded using link preload but not used within a few seconds from the window's load event. Please make sure it has an appropriate `as` value and it is preloaded intentionally. @ https://www.tiktok.com/setting:0
[  713206ms] [WARNING] The resource https://lf16-tiktok-web.tiktokcdn-us.com/obj/tiktok-web-tx/tiktok/web/pns_fe_keyword_filtering_vmok/static/js/async/273.61871fe6.js was preloaded using link preload but not used within a few seconds from the window's load event. Please make sure it has an appropriate `as` value and it is preloaded intentionally. @ https://www.tiktok.com/setting:0
[  713206ms] [WARNING] The resource https://lf16-tiktok-web.tiktokcdn-us.com/obj/tiktok-web-tx/tiktok/web/pns_fe_parental_control_vmok/static/js/async/9678.ae39123c.js was preloaded using link preload but not used within a few seconds from the window's load event. Please make sure it has an appropriate `as` value and it is preloaded intentionally. @ https://www.tiktok.com/setting:0
[  713206ms] [WARNING] The resource https://lf16-tiktok-web.tiktokcdn-us.com/obj/tiktok-web-tx/tiktok/web/pns_fe_parental_control_vmok/static/js/async/__federation_expose_main.1a07efe8.js was preloaded using link preload but not used within a few seconds from the window's load event. Please make sure it has an appropriate `as` value and it is preloaded intentionally. @ https://www.tiktok.com/setting:0
[  713206ms] [WARNING] The resource https://lf16-tiktok-web.tiktokcdn-us.com/obj/tiktok-web-tx/tiktok/web/pns_fe_keyword_filtering_vmok/static/js/async/__federation_expose_entry_react_bridge.247b132d.js was preloaded using link preload but not used within a few seconds from the window's load event. Please make sure it has an appropriate `as` value and it is preloaded intentionally. @ https://www.tiktok.com/setting:0
[  713206ms] [WARNING] The resource https://lf16-tiktok-web.tiktokcdn-us.com/obj/tiktok-web-tx/tiktok/web/pns_fe_parental_control_vmok/static/js/async/lib-router.369091d5.js was preloaded using link preload but not used within a few seconds from the window's load event. Please make sure it has an appropriate `as` value and it is preloaded intentionally. @ https://www.tiktok.com/setting:0
[  713206ms] [WARNING] The resource https://lf16-tiktok-web.tiktokcdn-us.com/obj/tiktok-web-tx/tiktok/web/pns_fe_keyword_filtering_vmok/static/js/async/argus-builder-strategy.a3264b45.js was preloaded using link preload but not used within a few seconds from the window's load event. Please make sure it has an appropriate `as` value and it is preloaded intentionally. @ https://www.tiktok.com/setting:0
[  713206ms] [WARNING] The resource https://lf16-tiktok-web.tiktokcdn-us.com/obj/tiktok-web-tx/tiktok/web/pns_fe_keyword_filtering_vmok/static/js/async/lib-axios.8c284c11.js was preloaded using link preload but not used within a few seconds from the window's load event. Please make sure it has an appropriate `as` value and it is preloaded intentionally. @ https://www.tiktok.com/setting:0
[  713206ms] [WARNING] The resource https://lf16-tiktok-web.tiktokcdn-us.com/obj/tiktok-web-tx/tiktok/web/pns_fe_keyword_filtering_vmok/static/js/lib-polyfill.2d9206bd.js was preloaded using link preload but not used within a few seconds from the window's load event. Please make sure it has an appropriate `as` value and it is preloaded intentionally. @ https://www.tiktok.com/setting:0
[  713206ms] [WARNING] The resource https://lf16-tiktok-web.tiktokcdn-us.com/obj/tiktok-web-tx/tiktok/web/pns_fe_parental_control_vmok/static/css/async/3139.a5a9f032.css was preloaded using link preload but not used within a few seconds from the window's load event. Please make sure it has an appropriate `as` value and it is preloaded intentionally. @ https://www.tiktok.com/setting:0
[  713206ms] [WARNING] The resource https://lf16-tiktok-web.tiktokcdn-us.com/obj/tiktok-web-tx/tiktok/web/pns_fe_parental_control_vmok/static/js/async/778.beddb8c0.js was preloaded using link preload but not used within a few seconds from the window's load event. Please make sure it has an appropriate `as` value and it is preloaded intentionally. @ https://www.tiktok.com/setting:0
[  713206ms] [WARNING] The resource https://lf16-tiktok-web.tiktokcdn-us.com/obj/tiktok-web-tx/tiktok/web/pns_fe_parental_control_vmok/static/js/async/3139.dafaa0fc.js was preloaded using link preload but not used within a few seconds from the window's load event. Please make sure it has an appropriate `as` value and it is preloaded intentionally. @ https://www.tiktok.com/setting:0
[  713206ms] [WARNING] The resource https://lf16-tiktok-web.tiktokcdn-us.com/obj/tiktok-web-tx/tiktok/web/pns_fe_keyword_filtering_vmok/static/css/async/126.f1acf961.css was preloaded using link preload but not used within a few seconds from the window's load event. Please make sure it has an appropriate `as` value and it is preloaded intentionally. @ https://www.tiktok.com/setting:0
[  713206ms] [WARNING] The resource https://lf16-tiktok-web.tiktokcdn-us.com/obj/tiktok-web-tx/tiktok/web/pns_fe_parental_control_vmok/static/css/async/__federation_expose_main.abb44d39.css was preloaded using link preload but not used within a few seconds from the window's load event. Please make sure it has an appropriate `as` value and it is preloaded intentionally. @ https://www.tiktok.com/setting:0
[  724363ms] [WARNING] The resource https://lf16-tiktok-web.tiktokcdn-us.com/obj/tiktok-web-tx/tiktok/web/pns_fe_keyword_filtering_vmok/static/js/async/126.c9a90670.js was preloaded using link preload but not used within a few seconds from the window's load event. Please make sure it has an appropriate `as` value and it is preloaded intentionally. @ https://www.tiktok.com/setting:0
[  724363ms] [WARNING] The resource https://lf16-tiktok-web.tiktokcdn-us.com/obj/tiktok-web-tx/tiktok/web/pns_fe_parental_control_vmok/static/js/async/lib-axios.56c5f961.js was preloaded using link preload but not used within a few seconds from the window's load event. Please make sure it has an appropriate `as` value and it is preloaded intentionally. @ https://www.tiktok.com/setting:0
[  724363ms] [WARNING] The resource https://lf16-tiktok-web.tiktokcdn-us.com/obj/tiktok-web-tx/tiktok/web/pns_fe_keyword_filtering_vmok/static/js/async/606.7a63198e.js was preloaded using link preload but not used within a few seconds from the window's load event. Please make sure it has an appropriate `as` value and it is preloaded intentionally. @ https://www.tiktok.com/setting:0
[  724364ms] [WARNING] The resource https://lf16-tiktok-web.tiktokcdn-us.com/obj/tiktok-web-tx/tiktok/web/pns_fe_keyword_filtering_vmok/static/css/async/__federation_expose_entry_react_bridge.569a7521.css was preloaded using link preload but not used within a few seconds from the window's load event. Please make sure it has an appropriate `as` value and it is preloaded intentionally. @ https://www.tiktok.com/setting:0
[  724364ms] [WARNING] The resource https://lf16-tiktok-web.tiktokcdn-us.com/obj/tiktok-web-tx/tiktok/web/pns_fe_keyword_filtering_vmok/static/js/async/752.8dc09088.js was preloaded using link preload but not used within a few seconds from the window's load event. Please make sure it has an appropriate `as` value and it is preloaded intentionally. @ https://www.tiktok.com/setting:0
[  724364ms] [WARNING] The resource https://lf16-tiktok-web.tiktokcdn-us.com/obj/tiktok-web-tx/tiktok/web/pns_fe_keyword_filtering_vmok/static/js/async/async-main.25610a11.js was preloaded using link preload but not used within a few seconds from the window's load event. Please make sure it has an appropriate `as` value and it is preloaded intentionally. @ https://www.tiktok.com/setting:0
[  724364ms] [WARNING] The resource https://lf16-tiktok-web.tiktokcdn-us.com/obj/tiktok-web-tx/tiktok/web/pns_fe_keyword_filtering_vmok/static/js/async/lib-router.46d8bbc0.js was preloaded using link preload but not used within a few seconds from the window's load event. Please make sure it has an appropriate `as` value and it is preloaded intentionally. @ https://www.tiktok.com/setting:0
[  724364ms] [WARNING] The resource https://lf16-tiktok-web.tiktokcdn-us.com/obj/tiktok-web-tx/tiktok/web/pns_fe_keyword_filtering_vmok/static/js/async/587.eafa5f92.js was preloaded using link preload but not used within a few seconds from the window's load event. Please make sure it has an appropriate `as` value and it is preloaded intentionally. @ https://www.tiktok.com/setting:0
[  724364ms] [WARNING] The resource https://lf16-tiktok-web.tiktokcdn-us.com/obj/tiktok-web-tx/tiktok/web/pns_fe_keyword_filtering_vmok/static/js/async/593.f09ae1b5.js was preloaded using link preload but not used within a few seconds from the window's load event. Please make sure it has an appropriate `as` value and it is preloaded intentionally. @ https://www.tiktok.com/setting:0
[  724364ms] [WARNING] The resource https://lf16-tiktok-web.tiktokcdn-us.com/obj/tiktok-web-tx/tiktok/web/pns_fe_parental_control_vmok/static/js/lib-polyfill.5e52839d.js was preloaded using link preload but not used within a few seconds from the window's load event. Please make sure it has an appropriate `as` value and it is preloaded intentionally. @ https://www.tiktok.com/setting:0
[  724364ms] [WARNING] The resource https://lf16-tiktok-web.tiktokcdn-us.com/obj/tiktok-web-tx/tiktok/web/pns_fe_keyword_filtering_vmok/static/js/async/273.61871fe6.js was preloaded using link preload but not used within a few seconds from the window's load event. Please make sure it has an appropriate `as` value and it is preloaded intentionally. @ https://www.tiktok.com/setting:0
[  724364ms] [WARNING] The resource https://lf16-tiktok-web.tiktokcdn-us.com/obj/tiktok-web-tx/tiktok/web/pns_fe_parental_control_vmok/static/js/async/9678.ae39123c.js was preloaded using link preload but not used within a few seconds from the window's load event. Please make sure it has an appropriate `as` value and it is preloaded intentionally. @ https://www.tiktok.com/setting:0
[  724364ms] [WARNING] The resource https://lf16-tiktok-web.tiktokcdn-us.com/obj/tiktok-web-tx/tiktok/web/pns_fe_parental_control_vmok/static/js/async/__federation_expose_main.1a07efe8.js was preloaded using link preload but not used within a few seconds from the window's load event. Please make sure it has an appropriate `as` value and it is preloaded intentionally. @ https://www.tiktok.com/setting:0
[  724364ms] [WARNING] The resource https://lf16-tiktok-web.tiktokcdn-us.com/obj/tiktok-web-tx/tiktok/web/pns_fe_keyword_filtering_vmok/static/js/async/__federation_expose_entry_react_bridge.247b132d.js was preloaded using link preload but not used within a few seconds from the window's load event. Please make sure it has an appropriate `as` value and it is preloaded intentionally. @ https://www.tiktok.com/setting:0
[  724364ms] [WARNING] The resource https://lf16-tiktok-web.tiktokcdn-us.com/obj/tiktok-web-tx/tiktok/web/pns_fe_parental_control_vmok/static/js/async/lib-router.369091d5.js was preloaded using link preload but not used within a few seconds from the window's load event. Please make sure it has an appropriate `as` value and it is preloaded intentionally. @ https://www.tiktok.com/setting:0
[  724364ms] [WARNING] The resource https://lf16-tiktok-web.tiktokcdn-us.com/obj/tiktok-web-tx/tiktok/web/pns_fe_keyword_filtering_vmok/static/js/async/argus-builder-strategy.a3264b45.js was preloaded using link preload but not used within a few seconds from the window's load event. Please make sure it has an appropriate `as` value and it is preloaded intentionally. @ https://www.tiktok.com/setting:0
[  724364ms] [WARNING] The resource https://lf16-tiktok-web.tiktokcdn-us.com/obj/tiktok-web-tx/tiktok/web/pns_fe_keyword_filtering_vmok/static/js/async/lib-axios.8c284c11.js was preloaded using link preload but not used within a few seconds from the window's load event. Please make sure it has an appropriate `as` value and it is preloaded intentionally. @ https://www.tiktok.com/setting:0
[  724364ms] [WARNING] The resource https://lf16-tiktok-web.tiktokcdn-us.com/obj/tiktok-web-tx/tiktok/web/pns_fe_keyword_filtering_vmok/static/js/lib-polyfill.2d9206bd.js was preloaded using link preload but not used within a few seconds from the window's load event. Please make sure it has an appropriate `as` value and it is preloaded intentionally. @ https://www.tiktok.com/setting:0
[  724364ms] [WARNING] The resource https://lf16-tiktok-web.tiktokcdn-us.com/obj/tiktok-web-tx/tiktok/web/pns_fe_parental_control_vmok/static/css/async/3139.a5a9f032.css was preloaded using link preload but not used within a few seconds from the window's load event. Please make sure it has an appropriate `as` value and it is preloaded intentionally. @ https://www.tiktok.com/setting:0
[  724364ms] [WARNING] The resource https://lf16-tiktok-web.tiktokcdn-us.com/obj/tiktok-web-tx/tiktok/web/pns_fe_parental_control_vmok/static/js/async/778.beddb8c0.js was preloaded using link preload but not used within a few seconds from the window's load event. Please make sure it has an appropriate `as` value and it is preloaded intentionally. @ https://www.tiktok.com/setting:0
[  724364ms] [WARNING] The resource https://lf16-tiktok-web.tiktokcdn-us.com/obj/tiktok-web-tx/tiktok/web/pns_fe_parental_control_vmok/static/js/async/3139.dafaa0fc.js was preloaded using link preload but not used within a few seconds from the window's load event. Please make sure it has an appropriate `as` value and it is preloaded intentionally. @ https://www.tiktok.com/setting:0
[  724364ms] [WARNING] The resource https://lf16-tiktok-web.tiktokcdn-us.com/obj/tiktok-web-tx/tiktok/web/pns_fe_keyword_filtering_vmok/static/css/async/126.f1acf961.css was preloaded using link preload but not used within a few seconds from the window's load event. Please make sure it has an appropriate `as` value and it is preloaded intentionally. @ https://www.tiktok.com/setting:0
[  724364ms] [WARNING] The resource https://lf16-tiktok-web.tiktokcdn-us.com/obj/tiktok-web-tx/tiktok/web/pns_fe_parental_control_vmok/static/css/async/__federation_expose_main.abb44d39.css was preloaded using link preload but not used within a few seconds from the window's load event. Please make sure it has an appropriate `as` value and it is preloaded intentionally. @ https://www.tiktok.com/setting:0
[  729072ms] [ERROR] error Error: Timeout
    at https://lf16-tiktok-web.tiktokcdn-us.com/obj/tiktok-web-tx/tiktok/webapp/main/react-v18/webapp-desktop/static/js/slardar.8879cd84.js:2:83622 @ https://lf16-tiktok-web.tiktokcdn-us.com/obj/tiktok-web-tx/tiktok/webapp/main/react-v18/webapp-desktop/static/js/webapp-desktop.c59939ee.js:0
[  734810ms] [WARNING] The resource https://lf16-tiktok-web.tiktokcdn-us.com/obj/tiktok-web-tx/tiktok/web/pns_fe_keyword_filtering_vmok/static/js/async/126.c9a90670.js was preloaded using link preload but not used within a few seconds from the window's load event. Please make sure it has an appropriate `as` value and it is preloaded intentionally. @ https://www.tiktok.com/setting:0
[  734810ms] [WARNING] The resource https://lf16-tiktok-web.tiktokcdn-us.com/obj/tiktok-web-tx/tiktok/web/pns_fe_parental_control_vmok/static/js/async/lib-axios.56c5f961.js was preloaded using link preload but not used within a few seconds from the window's load event. Please make sure it has an appropriate `as` value and it is preloaded intentionally. @ https://www.tiktok.com/setting:0
[  734810ms] [WARNING] The resource https://lf16-tiktok-web.tiktokcdn-us.com/obj/tiktok-web-tx/tiktok/web/pns_fe_keyword_filtering_vmok/static/js/async/606.7a63198e.js was preloaded using link preload but not used within a few seconds from the window's load event. Please make sure it has an appropriate `as` value and it is preloaded intentionally. @ https://www.tiktok.com/setting:0
[  734810ms] [WARNING] The resource https://lf16-tiktok-web.tiktokcdn-us.com/obj/tiktok-web-tx/tiktok/web/pns_fe_keyword_filtering_vmok/static/css/async/__federation_expose_entry_react_bridge.569a7521.css was preloaded using link preload but not used within a few seconds from the window's load event. Please make sure it has an appropriate `as` value and it is preloaded intentionally. @ https://www.tiktok.com/setting:0
[  734810ms] [WARNING] The resource https://lf16-tiktok-web.tiktokcdn-us.com/obj/tiktok-web-tx/tiktok/web/pns_fe_keyword_filtering_vmok/static/js/async/752.8dc09088.js was preloaded using link preload but not used within a few seconds from the window's load event. Please make sure it has an appropriate `as` value and it is preloaded intentionally. @ https://www.tiktok.com/setting:0
[  734810ms] [WARNING] The resource https://lf16-tiktok-web.tiktokcdn-us.com/obj/tiktok-web-tx/tiktok/web/pns_fe_keyword_filtering_vmok/static/js/async/async-main.25610a11.js was preloaded using link preload but not used within a few seconds from the window's load event. Please make sure it has an appropriate `as` value and it is preloaded intentionally. @ https://www.tiktok.com/setting:0
[  734810ms] [WARNING] The resource https://lf16-tiktok-web.tiktokcdn-us.com/obj/tiktok-web-tx/tiktok/web/pns_fe_keyword_filtering_vmok/static/js/async/lib-router.46d8bbc0.js was preloaded using link preload but not used within a few seconds from the window's load event. Please make sure it has an appropriate `as` value and it is preloaded intentionally. @ https://www.tiktok.com/setting:0
[  734810ms] [WARNING] The resource https://lf16-tiktok-web.tiktokcdn-us.com/obj/tiktok-web-tx/tiktok/web/pns_fe_keyword_filtering_vmok/static/js/async/587.eafa5f92.js was preloaded using link preload but not used within a few seconds from the window's load event. Please make sure it has an appropriate `as` value and it is preloaded intentionally. @ https://www.tiktok.com/setting:0
[  734810ms] [WARNING] The resource https://lf16-tiktok-web.tiktokcdn-us.com/obj/tiktok-web-tx/tiktok/web/pns_fe_keyword_filtering_vmok/static/js/async/593.f09ae1b5.js was preloaded using link preload but not used within a few seconds from the window's load event. Please make sure it has an appropriate `as` value and it is preloaded intentionally. @ https://www.tiktok.com/setting:0
[  734810ms] [WARNING] The resource https://lf16-tiktok-web.tiktokcdn-us.com/obj/tiktok-web-tx/tiktok/web/pns_fe_parental_control_vmok/static/js/lib-polyfill.5e52839d.js was preloaded using link preload but not used within a few seconds from the window's load event. Please make sure it has an appropriate `as` value and it is preloaded intentionally. @ https://www.tiktok.com/setting:0
[  734810ms] [WARNING] The resource https://lf16-tiktok-web.tiktokcdn-us.com/obj/tiktok-web-tx/tiktok/web/pns_fe_keyword_filtering_vmok/static/js/async/273.61871fe6.js was preloaded using link preload but not used within a few seconds from the window's load event. Please make sure it has an appropriate `as` value and it is preloaded intentionally. @ https://www.tiktok.com/setting:0
[  734810ms] [WARNING] The resource https://lf16-tiktok-web.tiktokcdn-us.com/obj/tiktok-web-tx/tiktok/web/pns_fe_parental_control_vmok/static/js/async/9678.ae39123c.js was preloaded using link preload but not used within a few seconds from the window's load event. Please make sure it has an appropriate `as` value and it is preloaded intentionally. @ https://www.tiktok.com/setting:0
[  734810ms] [WARNING] The resource https://lf16-tiktok-web.tiktokcdn-us.com/obj/tiktok-web-tx/tiktok/web/pns_fe_parental_control_vmok/static/js/async/__federation_expose_main.1a07efe8.js was preloaded using link preload but not used within a few seconds from the window's load event. Please make sure it has an appropriate `as` value and it is preloaded intentionally. @ https://www.tiktok.com/setting:0
[  734810ms] [WARNING] The resource https://lf16-tiktok-web.tiktokcdn-us.com/obj/tiktok-web-tx/tiktok/web/pns_fe_keyword_filtering_vmok/static/js/async/__federation_expose_entry_react_bridge.247b132d.js was preloaded using link preload but not used within a few seconds from the window's load event. Please make sure it has an appropriate `as` value and it is preloaded intentionally. @ https://www.tiktok.com/setting:0
[  734810ms] [WARNING] The resource https://lf16-tiktok-web.tiktokcdn-us.com/obj/tiktok-web-tx/tiktok/web/pns_fe_parental_control_vmok/static/js/async/lib-router.369091d5.js was preloaded using link preload but not used within a few seconds from the window's load event. Please make sure it has an appropriate `as` value and it is preloaded intentionally. @ https://www.tiktok.com/setting:0
[  734810ms] [WARNING] The resource https://lf16-tiktok-web.tiktokcdn-us.com/obj/tiktok-web-tx/tiktok/web/pns_fe_keyword_filtering_vmok/static/js/async/argus-builder-strategy.a3264b45.js was preloaded using link preload but not used within a few seconds from the window's load event. Please make sure it has an appropriate `as` value and it is preloaded intentionally. @ https://www.tiktok.com/setting:0
[  734810ms] [WARNING] The resource https://lf16-tiktok-web.tiktokcdn-us.com/obj/tiktok-web-tx/tiktok/web/pns_fe_keyword_filtering_vmok/static/js/async/lib-axios.8c284c11.js was preloaded using link preload but not used within a few seconds from the window's load event. Please make sure it has an appropriate `as` value and it is preloaded intentionally. @ https://www.tiktok.com/setting:0
[  734810ms] [WARNING] The resource https://lf16-tiktok-web.tiktokcdn-us.com/obj/tiktok-web-tx/tiktok/web/pns_fe_keyword_filtering_vmok/static/js/lib-polyfill.2d9206bd.js was preloaded using link preload but not used within a few seconds from the window's load event. Please make sure it has an appropriate `as` value and it is preloaded intentionally. @ https://www.tiktok.com/setting:0
[  734810ms] [WARNING] The resource https://lf16-tiktok-web.tiktokcdn-us.com/obj/tiktok-web-tx/tiktok/web/pns_fe_parental_control_vmok/static/css/async/3139.a5a9f032.css was preloaded using link preload but not used within a few seconds from the window's load event. Please make sure it has an appropriate `as` value and it is preloaded intentionally. @ https://www.tiktok.com/setting:0
[  734810ms] [WARNING] The resource https://lf16-tiktok-web.tiktokcdn-us.com/obj/tiktok-web-tx/tiktok/web/pns_fe_parental_control_vmok/static/js/async/778.beddb8c0.js was preloaded using link preload but not used within a few seconds from the window's load event. Please make sure it has an appropriate `as` value and it is preloaded intentionally. @ https://www.tiktok.com/setting:0
[  734810ms] [WARNING] The resource https://lf16-tiktok-web.tiktokcdn-us.com/obj/tiktok-web-tx/tiktok/web/pns_fe_parental_control_vmok/static/js/async/3139.dafaa0fc.js was preloaded using link preload but not used within a few seconds from the window's load event. Please make sure it has an appropriate `as` value and it is preloaded intentionally. @ https://www.tiktok.com/setting:0
[  734810ms] [WARNING] The resource https://lf16-tiktok-web.tiktokcdn-us.com/obj/tiktok-web-tx/tiktok/web/pns_fe_keyword_filtering_vmok/static/css/async/126.f1acf961.css was preloaded using link preload but not used within a few seconds from the window's load event. Please make sure it has an appropriate `as` value and it is preloaded intentionally. @ https://www.tiktok.com/setting:0
[  734810ms] [WARNING] The resource https://lf16-tiktok-web.tiktokcdn-us.com/obj/tiktok-web-tx/tiktok/web/pns_fe_parental_control_vmok/static/css/async/__federation_expose_main.abb44d39.css was preloaded using link preload but not used within a few seconds from the window's load event. Please make sure it has an appropriate `as` value and it is preloaded intentionally. @ https://www.tiktok.com/setting:0
[  735750ms] [INFO] . @ https://lf16-tiktok-web.tiktokcdn-us.com/obj/tiktok-web-tx/webmssdk/2.0.0.250/webmssdk.js:0
[  736000ms] [LOG] version: 2.0.0.548 @ https://lf16-tiktok-web.tiktokcdn-us.com/obj/tiktok-web-tx/ad/tiktok_business_suite/static/js/68.d156ac74.js:1
[  736000ms] [LOG] region: ttp @ https://lf16-tiktok-web.tiktokcdn-us.com/obj/tiktok-web-tx/ad/tiktok_business_suite/static/js/68.d156ac74.js:1
[  736892ms] [LOG] %c %s color: yellow; background-color: black; [instance: default] appid: 1988, userInfo:{"user_unique_id":"7670773370384303117","user_id":"7670773370384303117","web_id":"7670772141483476493"} @ https://lf16-tiktok-web.tiktokcdn-us.com/obj/tiktok-web-tx/ad/tiktok_business_suite/static/js/8428.273714ed.js:1
[  736893ms] [LOG] %c %s color: yellow; background-color: black; [instance: default] appid: 1988, sdk is ready, version is 5.3.15_oversea, you can report now !!! @ https://lf16-tiktok-web.tiktokcdn-us.com/obj/tiktok-web-tx/ad/tiktok_business_suite/static/js/8428.273714ed.js:1
[  737260ms] [LOG] %c %s color: yellow; background-color: black; [instance: cookie_banner_tea_sdk] appid: 345918, userInfo:{"user_unique_id":"7670772147211716110","web_id":"7670772147211716110"} @ https://lf16-tiktok-web.tiktokcdn-us.com/obj/tiktok-web-tx/ad/tiktok_business_suite/static/js/8428.273714ed.js:1
[  737260ms] [LOG] %c %s color: yellow; background-color: black; [instance: cookie_banner_tea_sdk] appid: 345918, sdk is ready, version is 5.3.15_oversea, you can report now !!! @ https://lf16-tiktok-web.tiktokcdn-us.com/obj/tiktok-web-tx/ad/tiktok_business_suite/static/js/8428.273714ed.js:1
[  737261ms] Error: __business_suite_api_err
    at https://lf16-tiktok-web.tiktokcdn-us.com/obj/tiktok-web-tx/ad/tiktok_business_suite/static/js/68.d156ac74.js:2:34422
    at async Promise.all (index 0)
[  737905ms] [LOG] [registration.initializeRoute] resolved state {canaryHit: true, needRbaTerms: true, status: 1, statusCode: 0, hasUserData: true} @ https://lf16-tiktok-web.tiktokcdn-us.com/obj/tiktok-web-tx/ad/tiktok_business_suite/static/js/async/registration.9abe559b.js:0
[  737909ms] [LOG] [registration.initializeRoute] redirect to policy because status is not registered @ https://lf16-tiktok-web.tiktokcdn-us.com/obj/tiktok-web-tx/ad/tiktok_business_suite/static/js/async/registration.9abe559b.js:0
[  754681ms] [WARNING] [Garfish warning]: Package "util" is not found

 @ https://lf16-tiktok-web.tiktokcdn-us.com/obj/tiktok-web-tx/ad/tiktok_business_suite/static/js/async/9226.afe5d999.js:1
[  754696ms] [LOG] undefined @ https://lf16-cdn-tos.tiktokcdn-us.com/obj/static-tx/cgfe/otrade_external_mono/apps/otrade_verification/static/js/main.b28cc002.js:1
[  754701ms] [ERROR] '
[Error]' You are using the i18n plugin, but the necessary configuration was not detected. Please add i18n runtime config to `src/edenx.runtime.ts` file, or consider removing the plugin from `edenx.config.ts` file @ https://lf16-cdn-tos.tiktokcdn-us.com/obj/static-tx/cgfe/otrade_external_mono/apps/otrade_verification/static/js/519.e6f31380.js:1
[  754870ms] [ERROR] Failed to load resource: net::ERR_NAME_NOT_RESOLVED @ https://mon.tiktokw.us/monitor_web/settings/browser-settings?bid=otrade_verification&store=1:0
[  755909ms] [ERROR] '
[Error]' You are using the slardar plugin, but the necessary configuration was not detected. Please add slardar runtime config to `src/edenx.runtime.ts` file, or consider removing the plugin from `edenx.config.ts` file @ https://lf16-cdn-tos.tiktokcdn-us.com/obj/static-tx/cgfe/otrade_external_mono/apps/otrade_verification/static/js/519.e6f31380.js:1
[  755913ms] [WARNING] [SDK] 1785992084889        0 already inited @ https://lf16-cdn-tos.tiktokcdn-us.com/obj/static-tx/cgfe/otrade_external_mono/apps/otrade_verification/static/js/519.e6f31380.js:5
[  755919ms] [ERROR] Connecting to 'https://maliva-mcs.byteoversea.com/webid?sdk_version=5.2.4_oversea&sdk_name=web&app_id=791738&caller=web' violates the following Content Security Policy directive: "connect-src 'self' blob: bytedance: data: http://localhost:* https://localhost:* wss://*.us.tiktok.com wss://im-ws.tiktok.com *.akamaized.net *.amazonaws.com *.bing.com *.bitssec.com *.braintree-api.com *.braintreegateway.com *.bytelemon.com *.capcut.com *.cloudflare.com *.ctfassets.net *.doubleclick.net *.facebook.com *.facebook.net *.fbsbx.com *.fcdnstatic-intl.com *.fdmstatic.com *.g-p-static.com *.gauthmath.com *.google-analytics.com *.googleadservices.com *.googleapis.com *.googletagmanager.com *.gstatic.com *.ibytedtos.com *.ibyteimg.com *.jumio.ai *.kakao.com *.lemon8-app.com *.lemon8cdn.com *.licdn.com *.linkedin.com *.muscdn.com *.musical.ly *.oecstatic.com *.omise.co *.pangle-ads.com *.paypal.com *.pipopay.com *.pipopay.eu *.pipopayment.com *.pipopayment.eu *.pipopayment.us *.redditstatic.com *.resso.me *.soundon.global *.tableau.com *.tiktok-usts.com *.tiktok.com/passport/ *.tiktokcdn-eu.com *.tiktokcdn-us.com *.tiktokcdn.com *.tiktokcreativeone.com *.tiktokforbusinessoutbound.com *.tiktokglobalshop.us *.tiktokglobalshopv.us *.tiktokmusic.me *.tiktokshops.us *.tiktokstaticb.com *.tiktokus.info *.tiktokv-us.com *.tiktokv.us *.tiktokw.eu/passport/ *.tiktokw.us *.topbuzzcdn.com *.ttwstatic.com *.twitter.com *.us.tiktok.com *.us.tiktokv.com *.vimeo.com *.vodupload.com *.yahoo.co.jp *.yhgfb-static.com accounts.google.com affiliate-us.tiktok.com analytics.tiktok.com api.music.apple.com effecthouse.tiktok.com facebook.com im-api.tiktok.com im-image.tiktokv.com image-va.tiktok.com livecenter.tiktok.com login-eu.www.tiktok.com login-no1a.www.tiktok.com login-row.www.tiktok.com login-us.www.tiktok.com newassets.hcaptcha.com newsroom.tiktok.com p0-pu-private-useast8.tiktok.com play.itunes.apple.com scm-us.tiktok.com seller-us.tiktok.com shop.tiktok.com starling-i18n.tiktokv.com/check_and_get_text/ starling-sg.tiktokv.com/check_and_get_text/ starling-va.tiktokv.com/check_and_get_text/ static.captchami.com support.tiktok.com t.co t.tiktok.com tikitoks.com tiktokfollowersfree.com tv.tiktok.com twitter.com unpkg.com us.tiktok.com v16-webapp-prime.tiktok.com v16-webapp.tiktok.com v19-webapp-prime.tiktok.com vas-alisg16.tiktokv.com vas-maliva16.tiktokv.com vas-useast2a.tiktokv.com vas-va.tiktokv.com vcs-sg.tiktokv.com vcs-va.byteoversea.com vcs-va.tiktokv.com verification-i18n.tiktok.com verification-sg.tiktok.com verification-va.byteoversea.com verification-va.tiktok.com verification.tiktokw.eu verification16-normal-no1a.tiktokw.eu verify-sg.byteoversea.com web-app.goidentitas.id web-i18n.tiktok.com/passport/ web-sg.tiktok.com/passport/ web-va.tiktok.com/passport/ webapp-sg.tiktok.com webapp-va.tiktok.com www.tiktok.com". The action has been blocked. @ https://lf16-cdn-tos.tiktokcdn-us.com/obj/static-tx/secsdk/secsdk-lastest.umd.js:976
[  755954ms] [ERROR] Connecting to 'https://maliva-mcs.byteoversea.com/list?sdk_version=5.2.4_oversea&sdk_name=web&app_id=791738&caller=web' violates the following Content Security Policy directive: "connect-src 'self' blob: bytedance: data: http://localhost:* https://localhost:* wss://*.us.tiktok.com wss://im-ws.tiktok.com *.akamaized.net *.amazonaws.com *.bing.com *.bitssec.com *.braintree-api.com *.braintreegateway.com *.bytelemon.com *.capcut.com *.cloudflare.com *.ctfassets.net *.doubleclick.net *.facebook.com *.facebook.net *.fbsbx.com *.fcdnstatic-intl.com *.fdmstatic.com *.g-p-static.com *.gauthmath.com *.google-analytics.com *.googleadservices.com *.googleapis.com *.googletagmanager.com *.gstatic.com *.ibytedtos.com *.ibyteimg.com *.jumio.ai *.kakao.com *.lemon8-app.com *.lemon8cdn.com *.licdn.com *.linkedin.com *.muscdn.com *.musical.ly *.oecstatic.com *.omise.co *.pangle-ads.com *.paypal.com *.pipopay.com *.pipopay.eu *.pipopayment.com *.pipopayment.eu *.pipopayment.us *.redditstatic.com *.resso.me *.soundon.global *.tableau.com *.tiktok-usts.com *.tiktok.com/passport/ *.tiktokcdn-eu.com *.tiktokcdn-us.com *.tiktokcdn.com *.tiktokcreativeone.com *.tiktokforbusinessoutbound.com *.tiktokglobalshop.us *.tiktokglobalshopv.us *.tiktokmusic.me *.tiktokshops.us *.tiktokstaticb.com *.tiktokus.info *.tiktokv-us.com *.tiktokv.us *.tiktokw.eu/passport/ *.tiktokw.us *.topbuzzcdn.com *.ttwstatic.com *.twitter.com *.us.tiktok.com *.us.tiktokv.com *.vimeo.com *.vodupload.com *.yahoo.co.jp *.yhgfb-static.com accounts.google.com affiliate-us.tiktok.com analytics.tiktok.com api.music.apple.com effecthouse.tiktok.com facebook.com im-api.tiktok.com im-image.tiktokv.com image-va.tiktok.com livecenter.tiktok.com login-eu.www.tiktok.com login-no1a.www.tiktok.com login-row.www.tiktok.com login-us.www.tiktok.com newassets.hcaptcha.com newsroom.tiktok.com p0-pu-private-useast8.tiktok.com play.itunes.apple.com scm-us.tiktok.com seller-us.tiktok.com shop.tiktok.com starling-i18n.tiktokv.com/check_and_get_text/ starling-sg.tiktokv.com/check_and_get_text/ starling-va.tiktokv.com/check_and_get_text/ static.captchami.com support.tiktok.com t.co t.tiktok.com tikitoks.com tiktokfollowersfree.com tv.tiktok.com twitter.com unpkg.com us.tiktok.com v16-webapp-prime.tiktok.com v16-webapp.tiktok.com v19-webapp-prime.tiktok.com vas-alisg16.tiktokv.com vas-maliva16.tiktokv.com vas-useast2a.tiktokv.com vas-va.tiktokv.com vcs-sg.tiktokv.com vcs-va.byteoversea.com vcs-va.tiktokv.com verification-i18n.tiktok.com verification-sg.tiktok.com verification-va.byteoversea.com verification-va.tiktok.com verification.tiktokw.eu verification16-normal-no1a.tiktokw.eu verify-sg.byteoversea.com web-app.goidentitas.id web-i18n.tiktok.com/passport/ web-sg.tiktok.com/passport/ web-va.tiktok.com/passport/ webapp-sg.tiktok.com webapp-va.tiktok.com www.tiktok.com". The action has been blocked. @ https://lf16-cdn-tos.tiktokcdn-us.com/obj/static-tx/secsdk/secsdk-lastest.umd.js:976
[  755955ms] [ERROR] Connecting to 'https://maliva-mcs.byteoversea.com/list?sdk_version=5.2.4_oversea&sdk_name=web&app_id=791738&caller=web' violates the following Content Security Policy directive: "connect-src 'self' blob: bytedance: data: http://localhost:* https://localhost:* wss://*.us.tiktok.com wss://im-ws.tiktok.com *.akamaized.net *.amazonaws.com *.bing.com *.bitssec.com *.braintree-api.com *.braintreegateway.com *.bytelemon.com *.capcut.com *.cloudflare.com *.ctfassets.net *.doubleclick.net *.facebook.com *.facebook.net *.fbsbx.com *.fcdnstatic-intl.com *.fdmstatic.com *.g-p-static.com *.gauthmath.com *.google-analytics.com *.googleadservices.com *.googleapis.com *.googletagmanager.com *.gstatic.com *.ibytedtos.com *.ibyteimg.com *.jumio.ai *.kakao.com *.lemon8-app.com *.lemon8cdn.com *.licdn.com *.linkedin.com *.muscdn.com *.musical.ly *.oecstatic.com *.omise.co *.pangle-ads.com *.paypal.com *.pipopay.com *.pipopay.eu *.pipopayment.com *.pipopayment.eu *.pipopayment.us *.redditstatic.com *.resso.me *.soundon.global *.tableau.com *.tiktok-usts.com *.tiktok.com/passport/ *.tiktokcdn-eu.com *.tiktokcdn-us.com *.tiktokcdn.com *.tiktokcreativeone.com *.tiktokforbusinessoutbound.com *.tiktokglobalshop.us *.tiktokglobalshopv.us *.tiktokmusic.me *.tiktokshops.us *.tiktokstaticb.com *.tiktokus.info *.tiktokv-us.com *.tiktokv.us *.tiktokw.eu/passport/ *.tiktokw.us *.topbuzzcdn.com *.ttwstatic.com *.twitter.com *.us.tiktok.com *.us.tiktokv.com *.vimeo.com *.vodupload.com *.yahoo.co.jp *.yhgfb-static.com accounts.google.com affiliate-us.tiktok.com analytics.tiktok.com api.music.apple.com effecthouse.tiktok.com facebook.com im-api.tiktok.com im-image.tiktokv.com image-va.tiktok.com livecenter.tiktok.com login-eu.www.tiktok.com login-no1a.www.tiktok.com login-row.www.tiktok.com login-us.www.tiktok.com newassets.hcaptcha.com newsroom.tiktok.com p0-pu-private-useast8.tiktok.com play.itunes.apple.com scm-us.tiktok.com seller-us.tiktok.com shop.tiktok.com starling-i18n.tiktokv.com/check_and_get_text/ starling-sg.tiktokv.com/check_and_get_text/ starling-va.tiktokv.com/check_and_get_text/ static.captchami.com support.tiktok.com t.co t.tiktok.com tikitoks.com tiktokfollowersfree.com tv.tiktok.com twitter.com unpkg.com us.tiktok.com v16-webapp-prime.tiktok.com v16-webapp.tiktok.com v19-webapp-prime.tiktok.com vas-alisg16.tiktokv.com vas-maliva16.tiktokv.com vas-useast2a.tiktokv.com vas-va.tiktokv.com vcs-sg.tiktokv.com vcs-va.byteoversea.com vcs-va.tiktokv.com verification-i18n.tiktok.com verification-sg.tiktok.com verification-va.byteoversea.com verification-va.tiktok.com verification.tiktokw.eu verification16-normal-no1a.tiktokw.eu verify-sg.byteoversea.com web-app.goidentitas.id web-i18n.tiktok.com/passport/ web-sg.tiktok.com/passport/ web-va.tiktok.com/passport/ webapp-sg.tiktok.com webapp-va.tiktok.com www.tiktok.com". The action has been blocked. @ https://lf16-cdn-tos.tiktokcdn-us.com/obj/static-tx/secsdk/secsdk-lastest.umd.js:976
[  756534ms] [LOG] 🔥 markMetrics /business-suite/business-registration/verify true true {xfmpDuration: 21348, customDuration: undefined} {xfmp_xfmp_start: 19510, api_/passport/web/account/info/_start: 20762, api_/pa/api/common/verification_center/query_process_schema_start: 20762, api_/pa/api/common/verification_center/query_process_start: 20762, api_/passport/web/account/info/_end: 21158} @ https://lf16-cdn-tos.tiktokcdn-us.com/obj/static-tx/cgfe/otrade_external_mono/apps/otrade_verification/static/js/main.b28cc002.js:1
[  756546ms] [LOG] removedFilesKeyFromInner [] [] [] [] {} @ https://lf16-cdn-tos.tiktokcdn-us.com/obj/static-tx/cgfe/otrade_external_mono/apps/otrade_verification/static/js/async/verify/page.c4682667.js:1
